2025-05-01 19:37:52 CEST - quant_edge - INFO - Sesión iniciada. Next Order ID: 1
2025-05-01 19:37:52 CEST - quant_edge - INFO - Actualizando universo de acciones...
2025-05-01 19:39:45 CEST - quant_edge - INFO - Sesión iniciada. Next Order ID: 1
2025-05-01 19:39:45 CEST - quant_edge - INFO - Actualizando universo de acciones...
2025-05-01 19:44:46 CEST - quant_edge - WARNING - Deteniendo estrategia...
2025-05-01 19:44:58 CEST - quant_edge - INFO - Sesión iniciada. Next Order ID: 1
2025-05-01 19:44:58 CEST - quant_edge - INFO - Actualizando universo de acciones...
2025-05-01 19:44:58 CEST - quant_edge - DEBUG - Enviando reqScannerSubscription: {'numberOfRows': -1, 'instrument': 'STK', 'locationCode': 'STK.US.NASDAQ', 'scanCode': 'HOT_BY_VOLUME', 'abovePrice': 1.7976931348623157e+308, 'belowPrice': 1.7976931348623157e+308, 'aboveVolume': 2147483647, 'marketCapAbove': 2000000000.0, 'marketCapBelow': 1.7976931348623157e+308, 'moodyRatingAbove': '', 'moodyRatingBelow': '', 'spRatingAbove': '', 'spRatingBelow': '', 'maturityDateAbove': '', 'maturityDateBelow': '', 'couponRateAbove': 1.7976931348623157e+308, 'couponRateBelow': 1.7976931348623157e+308, 'excludeConvertible': False, 'averageOptionVolumeAbove': 2147483647, 'scannerSettingPairs': '', 'stockTypeFilter': '', 'avgVolumeAbove': 1000000.0}
2025-05-01 19:44:58 CEST - quant_edge - DEBUG - reqScannerSubscription enviado correctamente
2025-05-01 19:48:32 CEST - quant_edge - WARNING - Deteniendo estrategia...
2025-05-01 19:48:49 CEST - quant_edge - INFO - Sesión iniciada. Next Order ID: 1
2025-05-01 19:48:49 CEST - quant_edge - INFO - Actualizando universo de acciones...
2025-05-01 19:48:49 CEST - quant_edge - DEBUG - Enviando reqScannerSubscription: {'numberOfRows': -1, 'instrument': 'STK', 'locationCode': 'STK.US.MAJOR', 'scanCode': 'HOT_BY_VOLUME', 'abovePrice': 1.7976931348623157e+308, 'belowPrice': 1.7976931348623157e+308, 'aboveVolume': 2147483647, 'marketCapAbove': 2000000000.0, 'marketCapBelow': 1.7976931348623157e+308, 'moodyRatingAbove': '', 'moodyRatingBelow': '', 'spRatingAbove': '', 'spRatingBelow': '', 'maturityDateAbove': '', 'maturityDateBelow': '', 'couponRateAbove': 1.7976931348623157e+308, 'couponRateBelow': 1.7976931348623157e+308, 'excludeConvertible': False, 'averageOptionVolumeAbove': 2147483647, 'scannerSettingPairs': '', 'stockTypeFilter': '', 'avgVolumeAbove': 1000000.0}
2025-05-01 19:48:49 CEST - quant_edge - DEBUG - reqScannerSubscription enviado correctamente
2025-05-01 19:48:50 CEST - quant_edge - INFO - Universo actualizado. 0 tickers califican.
2025-05-01 19:49:18 CEST - quant_edge - INFO - Universo actualizado. 0 tickers califican.
2025-05-01 19:49:48 CEST - quant_edge - INFO - Universo actualizado. 0 tickers califican.
2025-05-01 19:50:23 CEST - quant_edge - INFO - Universo actualizado. 0 tickers califican.
2025-05-01 19:50:55 CEST - quant_edge - INFO - Universo actualizado. 0 tickers califican.
2025-05-01 19:51:30 CEST - quant_edge - INFO - Universo actualizado. 0 tickers califican.
2025-05-01 19:52:05 CEST - quant_edge - INFO - Universo actualizado. 0 tickers califican.
2025-05-01 19:52:38 CEST - quant_edge - INFO - Universo actualizado. 0 tickers califican.
2025-05-01 19:52:38 CEST - quant_edge - WARNING - Deteniendo estrategia...
2025-05-01 19:52:41 CEST - quant_edge - INFO - Sesión iniciada. Next Order ID: 1
2025-05-01 19:52:41 CEST - quant_edge - INFO - Actualizando universo de acciones...
2025-05-01 19:52:41 CEST - quant_edge - DEBUG - Enviando reqScannerSubscription: {'numberOfRows': -1, 'instrument': 'STK', 'locationCode': 'STK.US.MAJOR', 'scanCode': 'HOT_BY_VOLUME', 'abovePrice': 1.7976931348623157e+308, 'belowPrice': 1.7976931348623157e+308, 'aboveVolume': 2147483647, 'marketCapAbove': 1.7976931348623157e+308, 'marketCapBelow': 1.7976931348623157e+308, 'moodyRatingAbove': '', 'moodyRatingBelow': '', 'spRatingAbove': '', 'spRatingBelow': '', 'maturityDateAbove': '', 'maturityDateBelow': '', 'couponRateAbove': 1.7976931348623157e+308, 'couponRateBelow': 1.7976931348623157e+308, 'excludeConvertible': False, 'averageOptionVolumeAbove': 2147483647, 'scannerSettingPairs': '', 'stockTypeFilter': '', 'avgVolumeAbove': 100000}
2025-05-01 19:52:41 CEST - quant_edge - DEBUG - reqScannerSubscription enviado correctamente
2025-05-01 19:52:42 CEST - quant_edge - DEBUG - Ticker añadido al universo: ZCAR
2025-05-01 19:53:58 CEST - quant_edge - WARNING - Deteniendo estrategia...
2025-05-01 19:54:01 CEST - quant_edge - INFO - Sesión iniciada. Next Order ID: 1
2025-05-01 19:54:01 CEST - quant_edge - INFO - Actualizando universo de acciones...
2025-05-01 19:54:01 CEST - quant_edge - DEBUG - Enviando reqScannerSubscription: {'numberOfRows': -1, 'instrument': 'STK', 'locationCode': 'STK.US.MAJOR', 'scanCode': 'HOT_BY_VOLUME', 'abovePrice': 1.7976931348623157e+308, 'belowPrice': 1.7976931348623157e+308, 'aboveVolume': 2147483647, 'marketCapAbove': 1.7976931348623157e+308, 'marketCapBelow': 1.7976931348623157e+308, 'moodyRatingAbove': '', 'moodyRatingBelow': '', 'spRatingAbove': '', 'spRatingBelow': '', 'maturityDateAbove': '', 'maturityDateBelow': '', 'couponRateAbove': 1.7976931348623157e+308, 'couponRateBelow': 1.7976931348623157e+308, 'excludeConvertible': False, 'averageOptionVolumeAbove': 2147483647, 'scannerSettingPairs': '', 'stockTypeFilter': '', 'avgVolumeAbove': 100000}
2025-05-01 19:54:01 CEST - quant_edge - DEBUG - reqScannerSubscription enviado correctamente
2025-05-01 19:54:01 CEST - quant_edge - DEBUG - Ticker añadido al universo: ZCAR
2025-05-01 19:54:57 CEST - quant_edge - WARNING - Deteniendo estrategia...
2025-05-01 19:55:00 CEST - quant_edge - INFO - Sesión iniciada. Next Order ID: 1
2025-05-01 19:55:00 CEST - quant_edge - INFO - Actualizando universo de acciones...
2025-05-01 19:55:00 CEST - quant_edge - DEBUG - Enviando reqScannerSubscription: {'numberOfRows': -1, 'instrument': 'STK', 'locationCode': 'STK.US.MAJOR', 'scanCode': 'HOT_BY_VOLUME', 'abovePrice': 1.7976931348623157e+308, 'belowPrice': 1.7976931348623157e+308, 'aboveVolume': 2147483647, 'marketCapAbove': 1.7976931348623157e+308, 'marketCapBelow': 1.7976931348623157e+308, 'moodyRatingAbove': '', 'moodyRatingBelow': '', 'spRatingAbove': '', 'spRatingBelow': '', 'maturityDateAbove': '', 'maturityDateBelow': '', 'couponRateAbove': 1.7976931348623157e+308, 'couponRateBelow': 1.7976931348623157e+308, 'excludeConvertible': False, 'averageOptionVolumeAbove': 2147483647, 'scannerSettingPairs': '', 'stockTypeFilter': '', 'avgVolumeAbove': 100000}
2025-05-01 19:55:00 CEST - quant_edge - DEBUG - reqScannerSubscription enviado correctamente
2025-05-01 19:55:01 CEST - quant_edge - DEBUG - Ticker añadido al universo: ZCAR
2025-05-01 19:55:01 CEST - quant_edge - DEBUG - Ticker añadido al universo: WEEK
2025-05-01 19:55:01 CEST - quant_edge - DEBUG - Ticker añadido al universo: KIDZ
2025-05-01 19:55:01 CEST - quant_edge - DEBUG - Ticker añadido al universo: PAPL
2025-05-01 19:55:01 CEST - quant_edge - DEBUG - Ticker añadido al universo: CAAA
2025-05-01 19:55:01 CEST - quant_edge - DEBUG - Ticker añadido al universo: PRXV
2025-05-01 19:55:01 CEST - quant_edge - DEBUG - Ticker añadido al universo: PBMY
2025-05-01 19:55:01 CEST - quant_edge - DEBUG - Ticker añadido al universo: KRON
2025-05-01 19:55:01 CEST - quant_edge - DEBUG - Ticker añadido al universo: SEPP
2025-05-01 19:55:01 CEST - quant_edge - DEBUG - Ticker añadido al universo: BACQU
2025-05-01 19:55:01 CEST - quant_edge - DEBUG - Ticker añadido al universo: QCML
2025-05-01 19:55:01 CEST - quant_edge - DEBUG - Ticker añadido al universo: UMAY
2025-05-01 19:55:01 CEST - quant_edge - DEBUG - Ticker añadido al universo: SEPT
2025-05-01 19:55:01 CEST - quant_edge - DEBUG - Ticker añadido al universo: DRCT
2025-05-01 19:55:01 CEST - quant_edge - DEBUG - Ticker añadido al universo: GPAT
2025-05-01 19:55:01 CEST - quant_edge - DEBUG - Ticker añadido al universo: PXI
2025-05-01 19:55:01 CEST - quant_edge - DEBUG - Ticker añadido al universo: VCIC
2025-05-01 19:55:01 CEST - quant_edge - DEBUG - Ticker añadido al universo: PRSO
2025-05-01 19:55:01 CEST - quant_edge - DEBUG - Ticker añadido al universo: EQLT
2025-05-01 19:55:01 CEST - quant_edge - DEBUG - Ticker añadido al universo: MVPL
2025-05-01 19:55:01 CEST - quant_edge - DEBUG - Ticker añadido al universo: MEDX
2025-05-01 19:55:01 CEST - quant_edge - DEBUG - Ticker añadido al universo: BMAY
2025-05-01 19:55:01 CEST - quant_edge - DEBUG - Ticker añadido al universo: YJ
2025-05-01 19:55:01 CEST - quant_edge - DEBUG - Ticker añadido al universo: QCLR
2025-05-01 19:55:01 CEST - quant_edge - DEBUG - Ticker añadido al universo: ATNF
2025-05-01 19:55:01 CEST - quant_edge - DEBUG - Ticker añadido al universo: FLHY
2025-05-01 19:55:01 CEST - quant_edge - DEBUG - Ticker añadido al universo: PRXG
2025-05-01 19:55:01 CEST - quant_edge - DEBUG - Ticker añadido al universo: MFSI
2025-05-01 19:55:01 CEST - quant_edge - DEBUG - Ticker añadido al universo: MAYP
2025-05-01 19:55:01 CEST - quant_edge - DEBUG - Ticker añadido al universo: RNAZ
2025-05-01 19:55:01 CEST - quant_edge - DEBUG - Ticker añadido al universo: OND
2025-05-01 19:55:01 CEST - quant_edge - DEBUG - Ticker añadido al universo: HCTI
2025-05-01 19:55:01 CEST - quant_edge - DEBUG - Ticker añadido al universo: ELIL
2025-05-01 19:55:01 CEST - quant_edge - DEBUG - Ticker añadido al universo: HOOK
2025-05-01 19:55:01 CEST - quant_edge - DEBUG - Ticker añadido al universo: MAYT
2025-05-01 19:55:01 CEST - quant_edge - DEBUG - Ticker añadido al universo: NVNI
2025-05-01 19:55:01 CEST - quant_edge - DEBUG - Ticker añadido al universo: PBSE
2025-05-01 19:55:01 CEST - quant_edge - DEBUG - Ticker añadido al universo: DEEF
2025-05-01 19:55:01 CEST - quant_edge - DEBUG - Ticker añadido al universo: ETWO
2025-05-01 19:55:01 CEST - quant_edge - DEBUG - Ticker añadido al universo: EVIM
2025-05-01 19:55:01 CEST - quant_edge - DEBUG - Ticker añadido al universo: IMAY
2025-05-01 19:55:01 CEST - quant_edge - DEBUG - Ticker añadido al universo: SSUS
2025-05-01 19:55:01 CEST - quant_edge - DEBUG - Ticker añadido al universo: MAYW
2025-05-01 19:55:01 CEST - quant_edge - DEBUG - Ticker añadido al universo: WCEO
2025-05-01 19:55:01 CEST - quant_edge - DEBUG - Ticker añadido al universo: DTCK
2025-05-01 19:55:01 CEST - quant_edge - DEBUG - Ticker añadido al universo: CDTG
2025-05-01 19:55:01 CEST - quant_edge - DEBUG - Ticker añadido al universo: HKPD
2025-05-01 19:55:01 CEST - quant_edge - DEBUG - Ticker añadido al universo: FNGR
2025-05-01 19:55:01 CEST - quant_edge - DEBUG - Ticker añadido al universo: SOTK
2025-05-01 19:55:01 CEST - quant_edge - DEBUG - Ticker añadido al universo: WHWK
2025-05-01 19:55:01 CEST - quant_edge - INFO - Universo actualizado. 50 tickers califican.
2025-05-01 19:56:26 CEST - quant_edge - WARNING - Deteniendo estrategia...
2025-05-01 19:56:32 CEST - quant_edge - INFO - Sesión iniciada. Next Order ID: 1
2025-05-01 19:56:32 CEST - quant_edge - INFO - Actualizando universo de acciones...
2025-05-01 19:56:32 CEST - quant_edge - DEBUG - Enviando reqScannerSubscription: {'numberOfRows': -1, 'instrument': 'STK', 'locationCode': 'STK.US.MAJOR', 'scanCode': 'HOT_BY_VOLUME', 'abovePrice': 1.7976931348623157e+308, 'belowPrice': 1.7976931348623157e+308, 'aboveVolume': 2147483647, 'marketCapAbove': 1.7976931348623157e+308, 'marketCapBelow': 1.7976931348623157e+308, 'moodyRatingAbove': '', 'moodyRatingBelow': '', 'spRatingAbove': '', 'spRatingBelow': '', 'maturityDateAbove': '', 'maturityDateBelow': '', 'couponRateAbove': 1.7976931348623157e+308, 'couponRateBelow': 1.7976931348623157e+308, 'excludeConvertible': False, 'averageOptionVolumeAbove': 2147483647, 'scannerSettingPairs': '', 'stockTypeFilter': '', 'avgVolumeAbove': 100000}
2025-05-01 19:56:32 CEST - quant_edge - DEBUG - reqScannerSubscription enviado correctamente
2025-05-01 19:56:32 CEST - quant_edge - DEBUG - Ticker añadido al universo: ZCAR
2025-05-01 19:56:32 CEST - quant_edge - DEBUG - Ticker añadido al universo: WEEK
2025-05-01 19:56:32 CEST - quant_edge - DEBUG - Ticker añadido al universo: KIDZ
2025-05-01 19:56:32 CEST - quant_edge - DEBUG - Ticker añadido al universo: PAPL
2025-05-01 19:56:32 CEST - quant_edge - DEBUG - Ticker añadido al universo: CAAA
2025-05-01 19:56:32 CEST - quant_edge - DEBUG - Ticker añadido al universo: PRXV
2025-05-01 19:56:32 CEST - quant_edge - DEBUG - Ticker añadido al universo: PBMY
2025-05-01 19:56:32 CEST - quant_edge - DEBUG - Ticker añadido al universo: KRON
2025-05-01 19:56:32 CEST - quant_edge - DEBUG - Ticker añadido al universo: SEPP
2025-05-01 19:56:32 CEST - quant_edge - DEBUG - Ticker añadido al universo: BACQU
2025-05-01 19:56:32 CEST - quant_edge - DEBUG - Ticker añadido al universo: QCML
2025-05-01 19:56:32 CEST - quant_edge - DEBUG - Ticker añadido al universo: UMAY
2025-05-01 19:56:32 CEST - quant_edge - DEBUG - Ticker añadido al universo: SEPT
2025-05-01 19:56:32 CEST - quant_edge - DEBUG - Ticker añadido al universo: DRCT
2025-05-01 19:56:32 CEST - quant_edge - DEBUG - Ticker añadido al universo: GPAT
2025-05-01 19:56:32 CEST - quant_edge - DEBUG - Ticker añadido al universo: PXI
2025-05-01 19:56:32 CEST - quant_edge - DEBUG - Ticker añadido al universo: VCIC
2025-05-01 19:56:32 CEST - quant_edge - DEBUG - Ticker añadido al universo: PRSO
2025-05-01 19:56:32 CEST - quant_edge - DEBUG - Ticker añadido al universo: EQLT
2025-05-01 19:56:32 CEST - quant_edge - DEBUG - Ticker añadido al universo: MVPL
2025-05-01 19:56:32 CEST - quant_edge - DEBUG - Ticker añadido al universo: MEDX
2025-05-01 19:56:32 CEST - quant_edge - DEBUG - Ticker añadido al universo: BMAY
2025-05-01 19:56:32 CEST - quant_edge - DEBUG - Ticker añadido al universo: YJ
2025-05-01 19:56:32 CEST - quant_edge - DEBUG - Ticker añadido al universo: QCLR
2025-05-01 19:56:32 CEST - quant_edge - DEBUG - Ticker añadido al universo: ATNF
2025-05-01 19:56:32 CEST - quant_edge - DEBUG - Ticker añadido al universo: FLHY
2025-05-01 19:56:32 CEST - quant_edge - DEBUG - Ticker añadido al universo: PRXG
2025-05-01 19:56:32 CEST - quant_edge - DEBUG - Ticker añadido al universo: MFSI
2025-05-01 19:56:32 CEST - quant_edge - DEBUG - Ticker añadido al universo: MAYP
2025-05-01 19:56:32 CEST - quant_edge - DEBUG - Ticker añadido al universo: RNAZ
2025-05-01 19:56:32 CEST - quant_edge - DEBUG - Ticker añadido al universo: OND
2025-05-01 19:56:32 CEST - quant_edge - DEBUG - Ticker añadido al universo: HCTI
2025-05-01 19:56:32 CEST - quant_edge - DEBUG - Ticker añadido al universo: ELIL
2025-05-01 19:56:32 CEST - quant_edge - DEBUG - Ticker añadido al universo: HOOK
2025-05-01 19:56:32 CEST - quant_edge - DEBUG - Ticker añadido al universo: MAYT
2025-05-01 19:56:32 CEST - quant_edge - DEBUG - Ticker añadido al universo: NVNI
2025-05-01 19:56:32 CEST - quant_edge - DEBUG - Ticker añadido al universo: PBSE
2025-05-01 19:56:32 CEST - quant_edge - DEBUG - Ticker añadido al universo: DEEF
2025-05-01 19:56:32 CEST - quant_edge - DEBUG - Ticker añadido al universo: ETWO
2025-05-01 19:56:32 CEST - quant_edge - DEBUG - Ticker añadido al universo: EVIM
2025-05-01 19:56:32 CEST - quant_edge - DEBUG - Ticker añadido al universo: IMAY
2025-05-01 19:56:32 CEST - quant_edge - DEBUG - Ticker añadido al universo: SSUS
2025-05-01 19:56:32 CEST - quant_edge - DEBUG - Ticker añadido al universo: MAYW
2025-05-01 19:56:32 CEST - quant_edge - DEBUG - Ticker añadido al universo: WCEO
2025-05-01 19:56:32 CEST - quant_edge - DEBUG - Ticker añadido al universo: DTCK
2025-05-01 19:56:32 CEST - quant_edge - DEBUG - Ticker añadido al universo: CDTG
2025-05-01 19:56:32 CEST - quant_edge - DEBUG - Ticker añadido al universo: FNGR
2025-05-01 19:56:32 CEST - quant_edge - DEBUG - Ticker añadido al universo: HKPD
2025-05-01 19:56:32 CEST - quant_edge - DEBUG - Ticker añadido al universo: SOTK
2025-05-01 19:56:32 CEST - quant_edge - DEBUG - Ticker añadido al universo: WHWK
2025-05-01 19:56:32 CEST - quant_edge - INFO - Universo actualizado. 50 tickers califican.
2025-05-01 19:57:00 CEST - quant_edge - DEBUG - Ticker añadido al universo: ZCAR
2025-05-01 19:57:00 CEST - quant_edge - DEBUG - Ticker añadido al universo: WEEK
2025-05-01 19:57:00 CEST - quant_edge - DEBUG - Ticker añadido al universo: KIDZ
2025-05-01 19:57:00 CEST - quant_edge - DEBUG - Ticker añadido al universo: PAPL
2025-05-01 19:57:00 CEST - quant_edge - DEBUG - Ticker añadido al universo: CAAA
2025-05-01 19:57:00 CEST - quant_edge - DEBUG - Ticker añadido al universo: PRXV
2025-05-01 19:57:00 CEST - quant_edge - DEBUG - Ticker añadido al universo: PBMY
2025-05-01 19:57:00 CEST - quant_edge - DEBUG - Ticker añadido al universo: KRON
2025-05-01 19:57:00 CEST - quant_edge - DEBUG - Ticker añadido al universo: SEPP
2025-05-01 19:57:00 CEST - quant_edge - DEBUG - Ticker añadido al universo: BACQU
2025-05-01 19:57:00 CEST - quant_edge - DEBUG - Ticker añadido al universo: QCML
2025-05-01 19:57:00 CEST - quant_edge - DEBUG - Ticker añadido al universo: UMAY
2025-05-01 19:57:00 CEST - quant_edge - DEBUG - Ticker añadido al universo: SEPT
2025-05-01 19:57:00 CEST - quant_edge - DEBUG - Ticker añadido al universo: DRCT
2025-05-01 19:57:00 CEST - quant_edge - DEBUG - Ticker añadido al universo: GPAT
2025-05-01 19:57:00 CEST - quant_edge - DEBUG - Ticker añadido al universo: PXI
2025-05-01 19:57:00 CEST - quant_edge - DEBUG - Ticker añadido al universo: VCIC
2025-05-01 19:57:00 CEST - quant_edge - DEBUG - Ticker añadido al universo: PRSO
2025-05-01 19:57:00 CEST - quant_edge - DEBUG - Ticker añadido al universo: EQLT
2025-05-01 19:57:00 CEST - quant_edge - DEBUG - Ticker añadido al universo: MVPL
2025-05-01 19:57:00 CEST - quant_edge - DEBUG - Ticker añadido al universo: MEDX
2025-05-01 19:57:00 CEST - quant_edge - DEBUG - Ticker añadido al universo: BMAY
2025-05-01 19:57:00 CEST - quant_edge - DEBUG - Ticker añadido al universo: YJ
2025-05-01 19:57:00 CEST - quant_edge - DEBUG - Ticker añadido al universo: QCLR
2025-05-01 19:57:00 CEST - quant_edge - DEBUG - Ticker añadido al universo: ATNF
2025-05-01 19:57:00 CEST - quant_edge - DEBUG - Ticker añadido al universo: FLHY
2025-05-01 19:57:00 CEST - quant_edge - DEBUG - Ticker añadido al universo: PRXG
2025-05-01 19:57:00 CEST - quant_edge - DEBUG - Ticker añadido al universo: MFSI
2025-05-01 19:57:00 CEST - quant_edge - DEBUG - Ticker añadido al universo: MAYP
2025-05-01 19:57:00 CEST - quant_edge - DEBUG - Ticker añadido al universo: RNAZ
2025-05-01 19:57:00 CEST - quant_edge - DEBUG - Ticker añadido al universo: OND
2025-05-01 19:57:00 CEST - quant_edge - DEBUG - Ticker añadido al universo: HCTI
2025-05-01 19:57:00 CEST - quant_edge - DEBUG - Ticker añadido al universo: ELIL
2025-05-01 19:57:00 CEST - quant_edge - DEBUG - Ticker añadido al universo: HOOK
2025-05-01 19:57:00 CEST - quant_edge - DEBUG - Ticker añadido al universo: MAYT
2025-05-01 19:57:00 CEST - quant_edge - DEBUG - Ticker añadido al universo: NVNI
2025-05-01 19:57:00 CEST - quant_edge - DEBUG - Ticker añadido al universo: PBSE
2025-05-01 19:57:00 CEST - quant_edge - DEBUG - Ticker añadido al universo: DEEF
2025-05-01 19:57:00 CEST - quant_edge - DEBUG - Ticker añadido al universo: ETWO
2025-05-01 19:57:00 CEST - quant_edge - DEBUG - Ticker añadido al universo: EVIM
2025-05-01 19:57:00 CEST - quant_edge - DEBUG - Ticker añadido al universo: IMAY
2025-05-01 19:57:00 CEST - quant_edge - DEBUG - Ticker añadido al universo: SSUS
2025-05-01 19:57:00 CEST - quant_edge - DEBUG - Ticker añadido al universo: MAYW
2025-05-01 19:57:00 CEST - quant_edge - DEBUG - Ticker añadido al universo: WCEO
2025-05-01 19:57:00 CEST - quant_edge - DEBUG - Ticker añadido al universo: DTCK
2025-05-01 19:57:00 CEST - quant_edge - DEBUG - Ticker añadido al universo: CDTG
2025-05-01 19:57:00 CEST - quant_edge - DEBUG - Ticker añadido al universo: FNGR
2025-05-01 19:57:00 CEST - quant_edge - DEBUG - Ticker añadido al universo: HKPD
2025-05-01 19:57:00 CEST - quant_edge - DEBUG - Ticker añadido al universo: SOTK
2025-05-01 19:57:00 CEST - quant_edge - DEBUG - Ticker añadido al universo: WHWK
2025-05-01 19:57:00 CEST - quant_edge - INFO - Universo actualizado. 100 tickers califican.
2025-05-01 19:57:04 CEST - quant_edge - WARNING - Deteniendo estrategia...
2025-05-01 21:15:21 CEST - quant_edge - INFO - Sesión iniciada. Next Order ID: 1
2025-05-01 21:15:21 CEST - quant_edge - INFO - Actualizando universo de acciones...
2025-05-01 21:15:21 CEST - quant_edge - DEBUG - Enviando reqScannerSubscription: {'numberOfRows': -1, 'instrument': 'STK', 'locationCode': 'STK.US.MAJOR', 'scanCode': 'HOT_BY_VOLUME', 'abovePrice': 1.7976931348623157e+308, 'belowPrice': 1.7976931348623157e+308, 'aboveVolume': 2147483647, 'marketCapAbove': 1.7976931348623157e+308, 'marketCapBelow': 1.7976931348623157e+308, 'moodyRatingAbove': '', 'moodyRatingBelow': '', 'spRatingAbove': '', 'spRatingBelow': '', 'maturityDateAbove': '', 'maturityDateBelow': '', 'couponRateAbove': 1.7976931348623157e+308, 'couponRateBelow': 1.7976931348623157e+308, 'excludeConvertible': False, 'averageOptionVolumeAbove': 2147483647, 'scannerSettingPairs': '', 'stockTypeFilter': '', 'avgVolumeAbove': 100000}
2025-05-01 21:15:21 CEST - quant_edge - DEBUG - reqScannerSubscription enviado correctamente
2025-05-01 21:15:22 CEST - quant_edge - DEBUG - Ticker añadido al universo: ZCAR
2025-05-01 21:15:22 CEST - quant_edge - DEBUG - Ticker añadido al universo: WEEK
2025-05-01 21:15:22 CEST - quant_edge - DEBUG - Ticker añadido al universo: KIDZ
2025-05-01 21:15:22 CEST - quant_edge - DEBUG - Ticker añadido al universo: PAPL
2025-05-01 21:15:22 CEST - quant_edge - DEBUG - Ticker añadido al universo: DEEF
2025-05-01 21:15:22 CEST - quant_edge - DEBUG - Ticker añadido al universo: QBER
2025-05-01 21:15:22 CEST - quant_edge - DEBUG - Ticker añadido al universo: CAAA
2025-05-01 21:15:22 CEST - quant_edge - DEBUG - Ticker añadido al universo: OGSP
2025-05-01 21:15:22 CEST - quant_edge - DEBUG - Ticker añadido al universo: PBMY
2025-05-01 21:15:22 CEST - quant_edge - DEBUG - Ticker añadido al universo: KRON
2025-05-01 21:15:22 CEST - quant_edge - DEBUG - Ticker añadido al universo: AUGZ
2025-05-01 21:15:22 CEST - quant_edge - DEBUG - Ticker añadido al universo: PRXV
2025-05-01 21:15:22 CEST - quant_edge - DEBUG - Ticker añadido al universo: SEPP
2025-05-01 21:15:22 CEST - quant_edge - DEBUG - Ticker añadido al universo: VCIC
2025-05-01 21:15:22 CEST - quant_edge - DEBUG - Ticker añadido al universo: QCML
2025-05-01 21:15:22 CEST - quant_edge - DEBUG - Ticker añadido al universo: BACQU
2025-05-01 21:15:22 CEST - quant_edge - DEBUG - Ticker añadido al universo: UMAY
2025-05-01 21:15:22 CEST - quant_edge - DEBUG - Ticker añadido al universo: FLJJ
2025-05-01 21:15:22 CEST - quant_edge - DEBUG - Ticker añadido al universo: SEPT
2025-05-01 21:15:22 CEST - quant_edge - DEBUG - Ticker añadido al universo: BNGE
2025-05-01 21:15:22 CEST - quant_edge - DEBUG - Ticker añadido al universo: DRCT
2025-05-01 21:15:22 CEST - quant_edge - DEBUG - Ticker añadido al universo: AUGW
2025-05-01 21:15:22 CEST - quant_edge - DEBUG - Ticker añadido al universo: FLAO
2025-05-01 21:15:22 CEST - quant_edge - DEBUG - Ticker añadido al universo: EQLT
2025-05-01 21:15:22 CEST - quant_edge - DEBUG - Ticker añadido al universo: XTJL
2025-05-01 21:15:22 CEST - quant_edge - DEBUG - Ticker añadido al universo: GPAT
2025-05-01 21:15:22 CEST - quant_edge - DEBUG - Ticker añadido al universo: ATNF
2025-05-01 21:15:22 CEST - quant_edge - DEBUG - Ticker añadido al universo: HCTI
2025-05-01 21:15:22 CEST - quant_edge - DEBUG - Ticker añadido al universo: PRSO
2025-05-01 21:15:22 CEST - quant_edge - DEBUG - Ticker añadido al universo: PXI
2025-05-01 21:15:22 CEST - quant_edge - DEBUG - Ticker añadido al universo: HOOK
2025-05-01 21:15:22 CEST - quant_edge - DEBUG - Ticker añadido al universo: BMAY
2025-05-01 21:15:22 CEST - quant_edge - DEBUG - Ticker añadido al universo: MVPL
2025-05-01 21:15:22 CEST - quant_edge - DEBUG - Ticker añadido al universo: MAYT
2025-05-01 21:15:22 CEST - quant_edge - DEBUG - Ticker añadido al universo: MEDX
2025-05-01 21:15:22 CEST - quant_edge - DEBUG - Ticker añadido al universo: YJ
2025-05-01 21:15:22 CEST - quant_edge - DEBUG - Ticker añadido al universo: FLHY
2025-05-01 21:15:22 CEST - quant_edge - DEBUG - Ticker añadido al universo: QCLR
2025-05-01 21:15:22 CEST - quant_edge - DEBUG - Ticker añadido al universo: RNAZ
2025-05-01 21:15:22 CEST - quant_edge - DEBUG - Ticker añadido al universo: LEGT
2025-05-01 21:15:22 CEST - quant_edge - DEBUG - Ticker añadido al universo: DHAI
2025-05-01 21:15:22 CEST - quant_edge - DEBUG - Ticker añadido al universo: PRXG
2025-05-01 21:15:22 CEST - quant_edge - DEBUG - Ticker añadido al universo: MFSI
2025-05-01 21:15:22 CEST - quant_edge - DEBUG - Ticker añadido al universo: MAYP
2025-05-01 21:15:22 CEST - quant_edge - DEBUG - Ticker añadido al universo: ELIL
2025-05-01 21:15:22 CEST - quant_edge - DEBUG - Ticker añadido al universo: CDTG
2025-05-01 21:15:22 CEST - quant_edge - DEBUG - Ticker añadido al universo: OND
2025-05-01 21:15:22 CEST - quant_edge - DEBUG - Ticker añadido al universo: NVNI
2025-05-01 21:15:22 CEST - quant_edge - DEBUG - Ticker añadido al universo: MAYW
2025-05-01 21:15:22 CEST - quant_edge - DEBUG - Ticker añadido al universo: PBSE
2025-05-01 21:15:22 CEST - quant_edge - INFO - Universo actualizado. 50 tickers califican.
2025-05-01 21:15:50 CEST - quant_edge - DEBUG - Ticker añadido al universo: ZCAR
2025-05-01 21:15:50 CEST - quant_edge - DEBUG - Ticker añadido al universo: WEEK
2025-05-01 21:15:50 CEST - quant_edge - DEBUG - Ticker añadido al universo: KIDZ
2025-05-01 21:15:50 CEST - quant_edge - DEBUG - Ticker añadido al universo: PAPL
2025-05-01 21:15:50 CEST - quant_edge - DEBUG - Ticker añadido al universo: DEEF
2025-05-01 21:15:50 CEST - quant_edge - DEBUG - Ticker añadido al universo: QBER
2025-05-01 21:15:50 CEST - quant_edge - DEBUG - Ticker añadido al universo: CAAA
2025-05-01 21:15:50 CEST - quant_edge - DEBUG - Ticker añadido al universo: OGSP
2025-05-01 21:15:50 CEST - quant_edge - DEBUG - Ticker añadido al universo: PBMY
2025-05-01 21:15:50 CEST - quant_edge - DEBUG - Ticker añadido al universo: KRON
2025-05-01 21:15:50 CEST - quant_edge - DEBUG - Ticker añadido al universo: AUGZ
2025-05-01 21:15:50 CEST - quant_edge - DEBUG - Ticker añadido al universo: PRXV
2025-05-01 21:15:50 CEST - quant_edge - DEBUG - Ticker añadido al universo: SEPP
2025-05-01 21:15:50 CEST - quant_edge - DEBUG - Ticker añadido al universo: VCIC
2025-05-01 21:15:50 CEST - quant_edge - DEBUG - Ticker añadido al universo: QCML
2025-05-01 21:15:50 CEST - quant_edge - DEBUG - Ticker añadido al universo: BACQU
2025-05-01 21:15:50 CEST - quant_edge - DEBUG - Ticker añadido al universo: UMAY
2025-05-01 21:15:50 CEST - quant_edge - DEBUG - Ticker añadido al universo: FLJJ
2025-05-01 21:15:50 CEST - quant_edge - DEBUG - Ticker añadido al universo: SEPT
2025-05-01 21:15:50 CEST - quant_edge - DEBUG - Ticker añadido al universo: BNGE
2025-05-01 21:15:50 CEST - quant_edge - DEBUG - Ticker añadido al universo: DRCT
2025-05-01 21:15:50 CEST - quant_edge - DEBUG - Ticker añadido al universo: AUGW
2025-05-01 21:15:50 CEST - quant_edge - DEBUG - Ticker añadido al universo: FLAO
2025-05-01 21:15:50 CEST - quant_edge - DEBUG - Ticker añadido al universo: EQLT
2025-05-01 21:15:50 CEST - quant_edge - DEBUG - Ticker añadido al universo: XTJL
2025-05-01 21:15:50 CEST - quant_edge - DEBUG - Ticker añadido al universo: GPAT
2025-05-01 21:15:50 CEST - quant_edge - DEBUG - Ticker añadido al universo: ATNF
2025-05-01 21:15:50 CEST - quant_edge - DEBUG - Ticker añadido al universo: HCTI
2025-05-01 21:15:50 CEST - quant_edge - DEBUG - Ticker añadido al universo: PRSO
2025-05-01 21:15:50 CEST - quant_edge - DEBUG - Ticker añadido al universo: PXI
2025-05-01 21:15:50 CEST - quant_edge - DEBUG - Ticker añadido al universo: HOOK
2025-05-01 21:15:50 CEST - quant_edge - DEBUG - Ticker añadido al universo: BMAY
2025-05-01 21:15:50 CEST - quant_edge - DEBUG - Ticker añadido al universo: MVPL
2025-05-01 21:15:50 CEST - quant_edge - DEBUG - Ticker añadido al universo: MAYT
2025-05-01 21:15:50 CEST - quant_edge - DEBUG - Ticker añadido al universo: MEDX
2025-05-01 21:15:50 CEST - quant_edge - DEBUG - Ticker añadido al universo: YJ
2025-05-01 21:15:50 CEST - quant_edge - DEBUG - Ticker añadido al universo: FLHY
2025-05-01 21:15:50 CEST - quant_edge - DEBUG - Ticker añadido al universo: QCLR
2025-05-01 21:15:50 CEST - quant_edge - DEBUG - Ticker añadido al universo: RNAZ
2025-05-01 21:15:50 CEST - quant_edge - DEBUG - Ticker añadido al universo: LEGT
2025-05-01 21:15:50 CEST - quant_edge - DEBUG - Ticker añadido al universo: DHAI
2025-05-01 21:15:50 CEST - quant_edge - DEBUG - Ticker añadido al universo: PRXG
2025-05-01 21:15:50 CEST - quant_edge - DEBUG - Ticker añadido al universo: MFSI
2025-05-01 21:15:50 CEST - quant_edge - DEBUG - Ticker añadido al universo: MAYP
2025-05-01 21:15:50 CEST - quant_edge - DEBUG - Ticker añadido al universo: ELIL
2025-05-01 21:15:50 CEST - quant_edge - DEBUG - Ticker añadido al universo: CDTG
2025-05-01 21:15:50 CEST - quant_edge - DEBUG - Ticker añadido al universo: OND
2025-05-01 21:15:50 CEST - quant_edge - DEBUG - Ticker añadido al universo: NVNI
2025-05-01 21:15:50 CEST - quant_edge - DEBUG - Ticker añadido al universo: MAYW
2025-05-01 21:15:50 CEST - quant_edge - DEBUG - Ticker añadido al universo: PBSE
2025-05-01 21:15:50 CEST - quant_edge - INFO - Universo actualizado. 100 tickers califican.
2025-05-01 21:16:27 CEST - quant_edge - DEBUG - Ticker añadido al universo: ZCAR
2025-05-01 21:16:27 CEST - quant_edge - DEBUG - Ticker añadido al universo: WEEK
2025-05-01 21:16:27 CEST - quant_edge - DEBUG - Ticker añadido al universo: KIDZ
2025-05-01 21:16:27 CEST - quant_edge - DEBUG - Ticker añadido al universo: PAPL
2025-05-01 21:16:27 CEST - quant_edge - DEBUG - Ticker añadido al universo: DEEF
2025-05-01 21:16:27 CEST - quant_edge - DEBUG - Ticker añadido al universo: QBER
2025-05-01 21:16:27 CEST - quant_edge - DEBUG - Ticker añadido al universo: CAAA
2025-05-01 21:16:27 CEST - quant_edge - DEBUG - Ticker añadido al universo: OGSP
2025-05-01 21:16:27 CEST - quant_edge - DEBUG - Ticker añadido al universo: PBMY
2025-05-01 21:16:27 CEST - quant_edge - DEBUG - Ticker añadido al universo: KRON
2025-05-01 21:16:27 CEST - quant_edge - DEBUG - Ticker añadido al universo: AUGZ
2025-05-01 21:16:27 CEST - quant_edge - DEBUG - Ticker añadido al universo: PRXV
2025-05-01 21:16:27 CEST - quant_edge - DEBUG - Ticker añadido al universo: SEPP
2025-05-01 21:16:27 CEST - quant_edge - DEBUG - Ticker añadido al universo: VCIC
2025-05-01 21:16:27 CEST - quant_edge - DEBUG - Ticker añadido al universo: QCML
2025-05-01 21:16:27 CEST - quant_edge - DEBUG - Ticker añadido al universo: BACQU
2025-05-01 21:16:27 CEST - quant_edge - DEBUG - Ticker añadido al universo: UMAY
2025-05-01 21:16:27 CEST - quant_edge - DEBUG - Ticker añadido al universo: FLJJ
2025-05-01 21:16:27 CEST - quant_edge - DEBUG - Ticker añadido al universo: SEPT
2025-05-01 21:16:27 CEST - quant_edge - DEBUG - Ticker añadido al universo: BNGE
2025-05-01 21:16:27 CEST - quant_edge - DEBUG - Ticker añadido al universo: DRCT
2025-05-01 21:16:27 CEST - quant_edge - DEBUG - Ticker añadido al universo: AUGW
2025-05-01 21:16:27 CEST - quant_edge - DEBUG - Ticker añadido al universo: FLAO
2025-05-01 21:16:27 CEST - quant_edge - DEBUG - Ticker añadido al universo: EQLT
2025-05-01 21:16:27 CEST - quant_edge - DEBUG - Ticker añadido al universo: XTJL
2025-05-01 21:16:27 CEST - quant_edge - DEBUG - Ticker añadido al universo: GPAT
2025-05-01 21:16:27 CEST - quant_edge - DEBUG - Ticker añadido al universo: ATNF
2025-05-01 21:16:27 CEST - quant_edge - DEBUG - Ticker añadido al universo: HCTI
2025-05-01 21:16:27 CEST - quant_edge - DEBUG - Ticker añadido al universo: PRSO
2025-05-01 21:16:27 CEST - quant_edge - DEBUG - Ticker añadido al universo: PXI
2025-05-01 21:16:27 CEST - quant_edge - DEBUG - Ticker añadido al universo: HOOK
2025-05-01 21:16:27 CEST - quant_edge - DEBUG - Ticker añadido al universo: BMAY
2025-05-01 21:16:27 CEST - quant_edge - DEBUG - Ticker añadido al universo: MVPL
2025-05-01 21:16:27 CEST - quant_edge - DEBUG - Ticker añadido al universo: MAYT
2025-05-01 21:16:27 CEST - quant_edge - DEBUG - Ticker añadido al universo: MEDX
2025-05-01 21:16:27 CEST - quant_edge - DEBUG - Ticker añadido al universo: YJ
2025-05-01 21:16:27 CEST - quant_edge - DEBUG - Ticker añadido al universo: FLHY
2025-05-01 21:16:27 CEST - quant_edge - DEBUG - Ticker añadido al universo: QCLR
2025-05-01 21:16:27 CEST - quant_edge - DEBUG - Ticker añadido al universo: RNAZ
2025-05-01 21:16:27 CEST - quant_edge - DEBUG - Ticker añadido al universo: LEGT
2025-05-01 21:16:27 CEST - quant_edge - DEBUG - Ticker añadido al universo: DHAI
2025-05-01 21:16:27 CEST - quant_edge - DEBUG - Ticker añadido al universo: PRXG
2025-05-01 21:16:27 CEST - quant_edge - DEBUG - Ticker añadido al universo: MFSI
2025-05-01 21:16:27 CEST - quant_edge - DEBUG - Ticker añadido al universo: MAYP
2025-05-01 21:16:27 CEST - quant_edge - DEBUG - Ticker añadido al universo: ELIL
2025-05-01 21:16:27 CEST - quant_edge - DEBUG - Ticker añadido al universo: CDTG
2025-05-01 21:16:27 CEST - quant_edge - DEBUG - Ticker añadido al universo: OND
2025-05-01 21:16:27 CEST - quant_edge - DEBUG - Ticker añadido al universo: NVNI
2025-05-01 21:16:27 CEST - quant_edge - DEBUG - Ticker añadido al universo: MAYW
2025-05-01 21:16:27 CEST - quant_edge - DEBUG - Ticker añadido al universo: PBSE
2025-05-01 21:16:27 CEST - quant_edge - INFO - Universo actualizado. 150 tickers califican.
2025-05-01 21:16:58 CEST - quant_edge - DEBUG - Ticker añadido al universo: ZCAR
2025-05-01 21:16:58 CEST - quant_edge - DEBUG - Ticker añadido al universo: WEEK
2025-05-01 21:16:58 CEST - quant_edge - DEBUG - Ticker añadido al universo: KIDZ
2025-05-01 21:16:58 CEST - quant_edge - DEBUG - Ticker añadido al universo: PAPL
2025-05-01 21:16:58 CEST - quant_edge - DEBUG - Ticker añadido al universo: DEEF
2025-05-01 21:16:58 CEST - quant_edge - DEBUG - Ticker añadido al universo: QBER
2025-05-01 21:16:58 CEST - quant_edge - DEBUG - Ticker añadido al universo: CAAA
2025-05-01 21:16:58 CEST - quant_edge - DEBUG - Ticker añadido al universo: OGSP
2025-05-01 21:16:58 CEST - quant_edge - DEBUG - Ticker añadido al universo: PBMY
2025-05-01 21:16:58 CEST - quant_edge - DEBUG - Ticker añadido al universo: KRON
2025-05-01 21:16:58 CEST - quant_edge - DEBUG - Ticker añadido al universo: AUGZ
2025-05-01 21:16:58 CEST - quant_edge - DEBUG - Ticker añadido al universo: PRXV
2025-05-01 21:16:58 CEST - quant_edge - DEBUG - Ticker añadido al universo: SEPP
2025-05-01 21:16:58 CEST - quant_edge - DEBUG - Ticker añadido al universo: VCIC
2025-05-01 21:16:58 CEST - quant_edge - DEBUG - Ticker añadido al universo: QCML
2025-05-01 21:16:58 CEST - quant_edge - DEBUG - Ticker añadido al universo: BACQU
2025-05-01 21:16:58 CEST - quant_edge - DEBUG - Ticker añadido al universo: UMAY
2025-05-01 21:16:58 CEST - quant_edge - DEBUG - Ticker añadido al universo: FLJJ
2025-05-01 21:16:58 CEST - quant_edge - DEBUG - Ticker añadido al universo: SEPT
2025-05-01 21:16:58 CEST - quant_edge - DEBUG - Ticker añadido al universo: BNGE
2025-05-01 21:16:58 CEST - quant_edge - DEBUG - Ticker añadido al universo: DRCT
2025-05-01 21:16:58 CEST - quant_edge - DEBUG - Ticker añadido al universo: AUGW
2025-05-01 21:16:58 CEST - quant_edge - DEBUG - Ticker añadido al universo: FLAO
2025-05-01 21:16:58 CEST - quant_edge - DEBUG - Ticker añadido al universo: EQLT
2025-05-01 21:16:58 CEST - quant_edge - DEBUG - Ticker añadido al universo: XTJL
2025-05-01 21:16:58 CEST - quant_edge - DEBUG - Ticker añadido al universo: GPAT
2025-05-01 21:16:58 CEST - quant_edge - DEBUG - Ticker añadido al universo: ATNF
2025-05-01 21:16:58 CEST - quant_edge - DEBUG - Ticker añadido al universo: HCTI
2025-05-01 21:16:58 CEST - quant_edge - DEBUG - Ticker añadido al universo: PRSO
2025-05-01 21:16:58 CEST - quant_edge - DEBUG - Ticker añadido al universo: PXI
2025-05-01 21:16:58 CEST - quant_edge - DEBUG - Ticker añadido al universo: HOOK
2025-05-01 21:16:58 CEST - quant_edge - DEBUG - Ticker añadido al universo: BMAY
2025-05-01 21:16:58 CEST - quant_edge - DEBUG - Ticker añadido al universo: MVPL
2025-05-01 21:16:58 CEST - quant_edge - DEBUG - Ticker añadido al universo: MAYT
2025-05-01 21:16:58 CEST - quant_edge - DEBUG - Ticker añadido al universo: MEDX
2025-05-01 21:16:58 CEST - quant_edge - DEBUG - Ticker añadido al universo: YJ
2025-05-01 21:16:58 CEST - quant_edge - DEBUG - Ticker añadido al universo: FLHY
2025-05-01 21:16:58 CEST - quant_edge - DEBUG - Ticker añadido al universo: QCLR
2025-05-01 21:16:58 CEST - quant_edge - DEBUG - Ticker añadido al universo: RNAZ
2025-05-01 21:16:58 CEST - quant_edge - DEBUG - Ticker añadido al universo: LEGT
2025-05-01 21:16:58 CEST - quant_edge - DEBUG - Ticker añadido al universo: DHAI
2025-05-01 21:16:58 CEST - quant_edge - DEBUG - Ticker añadido al universo: PRXG
2025-05-01 21:16:58 CEST - quant_edge - DEBUG - Ticker añadido al universo: MFSI
2025-05-01 21:16:58 CEST - quant_edge - DEBUG - Ticker añadido al universo: MAYP
2025-05-01 21:16:58 CEST - quant_edge - DEBUG - Ticker añadido al universo: ELIL
2025-05-01 21:16:58 CEST - quant_edge - DEBUG - Ticker añadido al universo: CDTG
2025-05-01 21:16:58 CEST - quant_edge - DEBUG - Ticker añadido al universo: OND
2025-05-01 21:16:58 CEST - quant_edge - DEBUG - Ticker añadido al universo: NVNI
2025-05-01 21:16:58 CEST - quant_edge - DEBUG - Ticker añadido al universo: MAYW
2025-05-01 21:16:58 CEST - quant_edge - DEBUG - Ticker añadido al universo: PBSE
2025-05-01 21:16:58 CEST - quant_edge - INFO - Universo actualizado. 200 tickers califican.
2025-05-01 21:17:25 CEST - quant_edge - DEBUG - Ticker añadido al universo: ZCAR
2025-05-01 21:17:25 CEST - quant_edge - DEBUG - Ticker añadido al universo: WEEK
2025-05-01 21:17:25 CEST - quant_edge - DEBUG - Ticker añadido al universo: KIDZ
2025-05-01 21:17:25 CEST - quant_edge - DEBUG - Ticker añadido al universo: PAPL
2025-05-01 21:17:25 CEST - quant_edge - DEBUG - Ticker añadido al universo: DEEF
2025-05-01 21:17:25 CEST - quant_edge - DEBUG - Ticker añadido al universo: QBER
2025-05-01 21:17:25 CEST - quant_edge - DEBUG - Ticker añadido al universo: CAAA
2025-05-01 21:17:25 CEST - quant_edge - DEBUG - Ticker añadido al universo: OGSP
2025-05-01 21:17:25 CEST - quant_edge - DEBUG - Ticker añadido al universo: PBMY
2025-05-01 21:17:25 CEST - quant_edge - DEBUG - Ticker añadido al universo: KRON
2025-05-01 21:17:25 CEST - quant_edge - DEBUG - Ticker añadido al universo: AUGZ
2025-05-01 21:17:25 CEST - quant_edge - DEBUG - Ticker añadido al universo: PRXV
2025-05-01 21:17:25 CEST - quant_edge - DEBUG - Ticker añadido al universo: SEPP
2025-05-01 21:17:25 CEST - quant_edge - DEBUG - Ticker añadido al universo: VCIC
2025-05-01 21:17:25 CEST - quant_edge - DEBUG - Ticker añadido al universo: QCML
2025-05-01 21:17:25 CEST - quant_edge - DEBUG - Ticker añadido al universo: BACQU
2025-05-01 21:17:25 CEST - quant_edge - DEBUG - Ticker añadido al universo: UMAY
2025-05-01 21:17:25 CEST - quant_edge - DEBUG - Ticker añadido al universo: FLJJ
2025-05-01 21:17:25 CEST - quant_edge - DEBUG - Ticker añadido al universo: SEPT
2025-05-01 21:17:25 CEST - quant_edge - DEBUG - Ticker añadido al universo: BNGE
2025-05-01 21:17:25 CEST - quant_edge - DEBUG - Ticker añadido al universo: DRCT
2025-05-01 21:17:25 CEST - quant_edge - DEBUG - Ticker añadido al universo: AUGW
2025-05-01 21:17:25 CEST - quant_edge - DEBUG - Ticker añadido al universo: FLAO
2025-05-01 21:17:25 CEST - quant_edge - DEBUG - Ticker añadido al universo: EQLT
2025-05-01 21:17:25 CEST - quant_edge - DEBUG - Ticker añadido al universo: XTJL
2025-05-01 21:17:25 CEST - quant_edge - DEBUG - Ticker añadido al universo: GPAT
2025-05-01 21:17:25 CEST - quant_edge - DEBUG - Ticker añadido al universo: ATNF
2025-05-01 21:17:25 CEST - quant_edge - DEBUG - Ticker añadido al universo: HCTI
2025-05-01 21:17:25 CEST - quant_edge - DEBUG - Ticker añadido al universo: PRSO
2025-05-01 21:17:25 CEST - quant_edge - DEBUG - Ticker añadido al universo: PXI
2025-05-01 21:17:25 CEST - quant_edge - DEBUG - Ticker añadido al universo: HOOK
2025-05-01 21:17:25 CEST - quant_edge - DEBUG - Ticker añadido al universo: BMAY
2025-05-01 21:17:25 CEST - quant_edge - DEBUG - Ticker añadido al universo: MVPL
2025-05-01 21:17:25 CEST - quant_edge - DEBUG - Ticker añadido al universo: MAYT
2025-05-01 21:17:25 CEST - quant_edge - DEBUG - Ticker añadido al universo: MEDX
2025-05-01 21:17:25 CEST - quant_edge - DEBUG - Ticker añadido al universo: YJ
2025-05-01 21:17:25 CEST - quant_edge - DEBUG - Ticker añadido al universo: FLHY
2025-05-01 21:17:25 CEST - quant_edge - DEBUG - Ticker añadido al universo: QCLR
2025-05-01 21:17:25 CEST - quant_edge - DEBUG - Ticker añadido al universo: RNAZ
2025-05-01 21:17:25 CEST - quant_edge - DEBUG - Ticker añadido al universo: LEGT
2025-05-01 21:17:25 CEST - quant_edge - DEBUG - Ticker añadido al universo: DHAI
2025-05-01 21:17:25 CEST - quant_edge - DEBUG - Ticker añadido al universo: PRXG
2025-05-01 21:17:25 CEST - quant_edge - DEBUG - Ticker añadido al universo: MFSI
2025-05-01 21:17:25 CEST - quant_edge - DEBUG - Ticker añadido al universo: MAYP
2025-05-01 21:17:25 CEST - quant_edge - DEBUG - Ticker añadido al universo: ELIL
2025-05-01 21:17:25 CEST - quant_edge - DEBUG - Ticker añadido al universo: CDTG
2025-05-01 21:17:25 CEST - quant_edge - DEBUG - Ticker añadido al universo: OND
2025-05-01 21:17:25 CEST - quant_edge - DEBUG - Ticker añadido al universo: NVNI
2025-05-01 21:17:25 CEST - quant_edge - DEBUG - Ticker añadido al universo: MAYW
2025-05-01 21:17:25 CEST - quant_edge - DEBUG - Ticker añadido al universo: PBSE
2025-05-01 21:17:25 CEST - quant_edge - INFO - Universo actualizado. 250 tickers califican.
2025-05-01 21:18:00 CEST - quant_edge - DEBUG - Ticker añadido al universo: ZCAR
2025-05-01 21:18:00 CEST - quant_edge - DEBUG - Ticker añadido al universo: WEEK
2025-05-01 21:18:00 CEST - quant_edge - DEBUG - Ticker añadido al universo: KIDZ
2025-05-01 21:18:00 CEST - quant_edge - DEBUG - Ticker añadido al universo: PAPL
2025-05-01 21:18:00 CEST - quant_edge - DEBUG - Ticker añadido al universo: DEEF
2025-05-01 21:18:00 CEST - quant_edge - DEBUG - Ticker añadido al universo: QBER
2025-05-01 21:18:00 CEST - quant_edge - DEBUG - Ticker añadido al universo: CAAA
2025-05-01 21:18:00 CEST - quant_edge - DEBUG - Ticker añadido al universo: OGSP
2025-05-01 21:18:00 CEST - quant_edge - DEBUG - Ticker añadido al universo: PBMY
2025-05-01 21:18:00 CEST - quant_edge - DEBUG - Ticker añadido al universo: KRON
2025-05-01 21:18:00 CEST - quant_edge - DEBUG - Ticker añadido al universo: AUGZ
2025-05-01 21:18:00 CEST - quant_edge - DEBUG - Ticker añadido al universo: PRXV
2025-05-01 21:18:00 CEST - quant_edge - DEBUG - Ticker añadido al universo: SEPP
2025-05-01 21:18:00 CEST - quant_edge - DEBUG - Ticker añadido al universo: VCIC
2025-05-01 21:18:00 CEST - quant_edge - DEBUG - Ticker añadido al universo: QCML
2025-05-01 21:18:00 CEST - quant_edge - DEBUG - Ticker añadido al universo: BACQU
2025-05-01 21:18:00 CEST - quant_edge - DEBUG - Ticker añadido al universo: UMAY
2025-05-01 21:18:00 CEST - quant_edge - DEBUG - Ticker añadido al universo: FLJJ
2025-05-01 21:18:00 CEST - quant_edge - DEBUG - Ticker añadido al universo: SEPT
2025-05-01 21:18:00 CEST - quant_edge - DEBUG - Ticker añadido al universo: BNGE
2025-05-01 21:18:00 CEST - quant_edge - DEBUG - Ticker añadido al universo: DRCT
2025-05-01 21:18:00 CEST - quant_edge - DEBUG - Ticker añadido al universo: AUGW
2025-05-01 21:18:00 CEST - quant_edge - DEBUG - Ticker añadido al universo: FLAO
2025-05-01 21:18:00 CEST - quant_edge - DEBUG - Ticker añadido al universo: EQLT
2025-05-01 21:18:00 CEST - quant_edge - DEBUG - Ticker añadido al universo: XTJL
2025-05-01 21:18:00 CEST - quant_edge - DEBUG - Ticker añadido al universo: GPAT
2025-05-01 21:18:00 CEST - quant_edge - DEBUG - Ticker añadido al universo: ATNF
2025-05-01 21:18:00 CEST - quant_edge - DEBUG - Ticker añadido al universo: HCTI
2025-05-01 21:18:00 CEST - quant_edge - DEBUG - Ticker añadido al universo: PRSO
2025-05-01 21:18:00 CEST - quant_edge - DEBUG - Ticker añadido al universo: PXI
2025-05-01 21:18:00 CEST - quant_edge - DEBUG - Ticker añadido al universo: HOOK
2025-05-01 21:18:00 CEST - quant_edge - DEBUG - Ticker añadido al universo: BMAY
2025-05-01 21:18:00 CEST - quant_edge - DEBUG - Ticker añadido al universo: MVPL
2025-05-01 21:18:00 CEST - quant_edge - DEBUG - Ticker añadido al universo: MAYT
2025-05-01 21:18:00 CEST - quant_edge - DEBUG - Ticker añadido al universo: MEDX
2025-05-01 21:18:00 CEST - quant_edge - DEBUG - Ticker añadido al universo: YJ
2025-05-01 21:18:00 CEST - quant_edge - DEBUG - Ticker añadido al universo: FLHY
2025-05-01 21:18:00 CEST - quant_edge - DEBUG - Ticker añadido al universo: QCLR
2025-05-01 21:18:00 CEST - quant_edge - DEBUG - Ticker añadido al universo: RNAZ
2025-05-01 21:18:00 CEST - quant_edge - DEBUG - Ticker añadido al universo: LEGT
2025-05-01 21:18:00 CEST - quant_edge - DEBUG - Ticker añadido al universo: DHAI
2025-05-01 21:18:00 CEST - quant_edge - DEBUG - Ticker añadido al universo: PRXG
2025-05-01 21:18:00 CEST - quant_edge - DEBUG - Ticker añadido al universo: MFSI
2025-05-01 21:18:00 CEST - quant_edge - DEBUG - Ticker añadido al universo: MAYP
2025-05-01 21:18:00 CEST - quant_edge - DEBUG - Ticker añadido al universo: ELIL
2025-05-01 21:18:00 CEST - quant_edge - DEBUG - Ticker añadido al universo: CDTG
2025-05-01 21:18:00 CEST - quant_edge - DEBUG - Ticker añadido al universo: OND
2025-05-01 21:18:00 CEST - quant_edge - DEBUG - Ticker añadido al universo: NVNI
2025-05-01 21:18:00 CEST - quant_edge - DEBUG - Ticker añadido al universo: MAYW
2025-05-01 21:18:00 CEST - quant_edge - DEBUG - Ticker añadido al universo: PBSE
2025-05-01 21:18:00 CEST - quant_edge - INFO - Universo actualizado. 300 tickers califican.
2025-05-01 21:18:30 CEST - quant_edge - DEBUG - Ticker añadido al universo: ZCAR
2025-05-01 21:18:30 CEST - quant_edge - DEBUG - Ticker añadido al universo: WEEK
2025-05-01 21:18:30 CEST - quant_edge - DEBUG - Ticker añadido al universo: KIDZ
2025-05-01 21:18:30 CEST - quant_edge - DEBUG - Ticker añadido al universo: PAPL
2025-05-01 21:18:30 CEST - quant_edge - DEBUG - Ticker añadido al universo: DEEF
2025-05-01 21:18:30 CEST - quant_edge - DEBUG - Ticker añadido al universo: QBER
2025-05-01 21:18:30 CEST - quant_edge - DEBUG - Ticker añadido al universo: CAAA
2025-05-01 21:18:30 CEST - quant_edge - DEBUG - Ticker añadido al universo: OGSP
2025-05-01 21:18:30 CEST - quant_edge - DEBUG - Ticker añadido al universo: PBMY
2025-05-01 21:18:30 CEST - quant_edge - DEBUG - Ticker añadido al universo: KRON
2025-05-01 21:18:30 CEST - quant_edge - DEBUG - Ticker añadido al universo: AUGZ
2025-05-01 21:18:30 CEST - quant_edge - DEBUG - Ticker añadido al universo: PRXV
2025-05-01 21:18:30 CEST - quant_edge - DEBUG - Ticker añadido al universo: SEPP
2025-05-01 21:18:30 CEST - quant_edge - DEBUG - Ticker añadido al universo: VCIC
2025-05-01 21:18:30 CEST - quant_edge - DEBUG - Ticker añadido al universo: QCML
2025-05-01 21:18:30 CEST - quant_edge - DEBUG - Ticker añadido al universo: BACQU
2025-05-01 21:18:30 CEST - quant_edge - DEBUG - Ticker añadido al universo: UMAY
2025-05-01 21:18:30 CEST - quant_edge - DEBUG - Ticker añadido al universo: FLJJ
2025-05-01 21:18:30 CEST - quant_edge - DEBUG - Ticker añadido al universo: SEPT
2025-05-01 21:18:30 CEST - quant_edge - DEBUG - Ticker añadido al universo: BNGE
2025-05-01 21:18:30 CEST - quant_edge - DEBUG - Ticker añadido al universo: DRCT
2025-05-01 21:18:30 CEST - quant_edge - DEBUG - Ticker añadido al universo: AUGW
2025-05-01 21:18:30 CEST - quant_edge - DEBUG - Ticker añadido al universo: FLAO
2025-05-01 21:18:30 CEST - quant_edge - DEBUG - Ticker añadido al universo: EQLT
2025-05-01 21:18:30 CEST - quant_edge - DEBUG - Ticker añadido al universo: XTJL
2025-05-01 21:18:30 CEST - quant_edge - DEBUG - Ticker añadido al universo: GPAT
2025-05-01 21:18:30 CEST - quant_edge - DEBUG - Ticker añadido al universo: ATNF
2025-05-01 21:18:30 CEST - quant_edge - DEBUG - Ticker añadido al universo: HCTI
2025-05-01 21:18:30 CEST - quant_edge - DEBUG - Ticker añadido al universo: PRSO
2025-05-01 21:18:30 CEST - quant_edge - DEBUG - Ticker añadido al universo: PXI
2025-05-01 21:18:30 CEST - quant_edge - DEBUG - Ticker añadido al universo: HOOK
2025-05-01 21:18:30 CEST - quant_edge - DEBUG - Ticker añadido al universo: BMAY
2025-05-01 21:18:30 CEST - quant_edge - DEBUG - Ticker añadido al universo: MVPL
2025-05-01 21:18:30 CEST - quant_edge - DEBUG - Ticker añadido al universo: MAYT
2025-05-01 21:18:30 CEST - quant_edge - DEBUG - Ticker añadido al universo: MEDX
2025-05-01 21:18:30 CEST - quant_edge - DEBUG - Ticker añadido al universo: YJ
2025-05-01 21:18:30 CEST - quant_edge - DEBUG - Ticker añadido al universo: FLHY
2025-05-01 21:18:30 CEST - quant_edge - DEBUG - Ticker añadido al universo: QCLR
2025-05-01 21:18:30 CEST - quant_edge - DEBUG - Ticker añadido al universo: RNAZ
2025-05-01 21:18:30 CEST - quant_edge - DEBUG - Ticker añadido al universo: LEGT
2025-05-01 21:18:30 CEST - quant_edge - DEBUG - Ticker añadido al universo: DHAI
2025-05-01 21:18:30 CEST - quant_edge - DEBUG - Ticker añadido al universo: PRXG
2025-05-01 21:18:30 CEST - quant_edge - DEBUG - Ticker añadido al universo: MFSI
2025-05-01 21:18:30 CEST - quant_edge - DEBUG - Ticker añadido al universo: MAYP
2025-05-01 21:18:30 CEST - quant_edge - DEBUG - Ticker añadido al universo: ELIL
2025-05-01 21:18:30 CEST - quant_edge - DEBUG - Ticker añadido al universo: CDTG
2025-05-01 21:18:30 CEST - quant_edge - DEBUG - Ticker añadido al universo: OND
2025-05-01 21:18:30 CEST - quant_edge - DEBUG - Ticker añadido al universo: NVNI
2025-05-01 21:18:30 CEST - quant_edge - DEBUG - Ticker añadido al universo: MAYW
2025-05-01 21:18:30 CEST - quant_edge - DEBUG - Ticker añadido al universo: PBSE
2025-05-01 21:18:30 CEST - quant_edge - INFO - Universo actualizado. 350 tickers califican.
2025-05-01 21:18:37 CEST - quant_edge - WARNING - Deteniendo estrategia...
2025-05-01 21:38:55 CEST - quant_edge - INFO - Sesión iniciada. Next Order ID: 1
2025-05-01 21:38:55 CEST - quant_edge - INFO - Actualizando universo de acciones...
2025-05-01 21:38:55 CEST - quant_edge - DEBUG - Enviando reqScannerSubscription: {'numberOfRows': -1, 'instrument': 'STK', 'locationCode': 'STK.US.MAJOR', 'scanCode': 'HOT_BY_VOLUME', 'abovePrice': 1.7976931348623157e+308, 'belowPrice': 1.7976931348623157e+308, 'aboveVolume': 2147483647, 'marketCapAbove': 1.7976931348623157e+308, 'marketCapBelow': 1.7976931348623157e+308, 'moodyRatingAbove': '', 'moodyRatingBelow': '', 'spRatingAbove': '', 'spRatingBelow': '', 'maturityDateAbove': '', 'maturityDateBelow': '', 'couponRateAbove': 1.7976931348623157e+308, 'couponRateBelow': 1.7976931348623157e+308, 'excludeConvertible': False, 'averageOptionVolumeAbove': 2147483647, 'scannerSettingPairs': '', 'stockTypeFilter': '', 'avgVolumeAbove': 100000}
2025-05-01 21:38:55 CEST - quant_edge - DEBUG - reqScannerSubscription enviado correctamente
2025-05-01 21:38:56 CEST - quant_edge - DEBUG - Ticker añadido al universo: ZCAR
2025-05-01 21:38:56 CEST - quant_edge - DEBUG - Ticker añadido al universo: WEEK
2025-05-01 21:38:56 CEST - quant_edge - DEBUG - Ticker añadido al universo: KIDZ
2025-05-01 21:38:56 CEST - quant_edge - DEBUG - Ticker añadido al universo: PAPL
2025-05-01 21:38:56 CEST - quant_edge - DEBUG - Ticker añadido al universo: DEEF
2025-05-01 21:38:56 CEST - quant_edge - DEBUG - Ticker añadido al universo: QBER
2025-05-01 21:38:56 CEST - quant_edge - DEBUG - Ticker añadido al universo: CAAA
2025-05-01 21:38:56 CEST - quant_edge - DEBUG - Ticker añadido al universo: OGSP
2025-05-01 21:38:56 CEST - quant_edge - DEBUG - Ticker añadido al universo: PBMY
2025-05-01 21:38:56 CEST - quant_edge - DEBUG - Ticker añadido al universo: KRON
2025-05-01 21:38:56 CEST - quant_edge - DEBUG - Ticker añadido al universo: AUGZ
2025-05-01 21:38:56 CEST - quant_edge - DEBUG - Ticker añadido al universo: PRXV
2025-05-01 21:38:56 CEST - quant_edge - DEBUG - Ticker añadido al universo: VCIC
2025-05-01 21:38:56 CEST - quant_edge - DEBUG - Ticker añadido al universo: SEPP
2025-05-01 21:38:56 CEST - quant_edge - DEBUG - Ticker añadido al universo: QCML
2025-05-01 21:38:56 CEST - quant_edge - DEBUG - Ticker añadido al universo: BACQU
2025-05-01 21:38:56 CEST - quant_edge - DEBUG - Ticker añadido al universo: UMAY
2025-05-01 21:38:56 CEST - quant_edge - DEBUG - Ticker añadido al universo: FLJJ
2025-05-01 21:38:56 CEST - quant_edge - DEBUG - Ticker añadido al universo: SEPT
2025-05-01 21:38:56 CEST - quant_edge - DEBUG - Ticker añadido al universo: BNGE
2025-05-01 21:38:56 CEST - quant_edge - DEBUG - Ticker añadido al universo: DRCT
2025-05-01 21:38:56 CEST - quant_edge - DEBUG - Ticker añadido al universo: AUGW
2025-05-01 21:38:56 CEST - quant_edge - DEBUG - Ticker añadido al universo: FLAO
2025-05-01 21:38:56 CEST - quant_edge - DEBUG - Ticker añadido al universo: LEGT
2025-05-01 21:38:56 CEST - quant_edge - DEBUG - Ticker añadido al universo: XTJL
2025-05-01 21:38:56 CEST - quant_edge - DEBUG - Ticker añadido al universo: EQLT
2025-05-01 21:38:56 CEST - quant_edge - DEBUG - Ticker añadido al universo: ATNF
2025-05-01 21:38:56 CEST - quant_edge - DEBUG - Ticker añadido al universo: HCTI
2025-05-01 21:38:56 CEST - quant_edge - DEBUG - Ticker añadido al universo: GPAT
2025-05-01 21:38:56 CEST - quant_edge - DEBUG - Ticker añadido al universo: HOOK
2025-05-01 21:38:56 CEST - quant_edge - DEBUG - Ticker añadido al universo: PRSO
2025-05-01 21:38:56 CEST - quant_edge - DEBUG - Ticker añadido al universo: PXI
2025-05-01 21:38:56 CEST - quant_edge - DEBUG - Ticker añadido al universo: BMAY
2025-05-01 21:38:56 CEST - quant_edge - DEBUG - Ticker añadido al universo: CDTG
2025-05-01 21:38:56 CEST - quant_edge - DEBUG - Ticker añadido al universo: MAYT
2025-05-01 21:38:56 CEST - quant_edge - DEBUG - Ticker añadido al universo: MVPL
2025-05-01 21:38:56 CEST - quant_edge - DEBUG - Ticker añadido al universo: YJ
2025-05-01 21:38:56 CEST - quant_edge - DEBUG - Ticker añadido al universo: MEDX
2025-05-01 21:38:56 CEST - quant_edge - DEBUG - Ticker añadido al universo: FLHY
2025-05-01 21:38:56 CEST - quant_edge - DEBUG - Ticker añadido al universo: RNAZ
2025-05-01 21:38:56 CEST - quant_edge - DEBUG - Ticker añadido al universo: QCLR
2025-05-01 21:38:56 CEST - quant_edge - DEBUG - Ticker añadido al universo: DHAI
2025-05-01 21:38:56 CEST - quant_edge - DEBUG - Ticker añadido al universo: PRXG
2025-05-01 21:38:56 CEST - quant_edge - DEBUG - Ticker añadido al universo: MFSI
2025-05-01 21:38:56 CEST - quant_edge - DEBUG - Ticker añadido al universo: ELIL
2025-05-01 21:38:56 CEST - quant_edge - DEBUG - Ticker añadido al universo: MAYP
2025-05-01 21:38:56 CEST - quant_edge - DEBUG - Ticker añadido al universo: NVNI
2025-05-01 21:38:56 CEST - quant_edge - DEBUG - Ticker añadido al universo: OND
2025-05-01 21:38:56 CEST - quant_edge - DEBUG - Ticker añadido al universo: MAYW
2025-05-01 21:38:56 CEST - quant_edge - DEBUG - Ticker añadido al universo: MMLG
2025-05-01 21:38:56 CEST - quant_edge - INFO - Universo actualizado. 50 tickers califican.
2025-05-01 21:38:56 CEST - quant_edge - INFO - Solicitando fundamentales para ZCAR con reportType='REPORTS_FIN_STATEMENT'
2025-05-01 21:38:56 CEST - quant_edge - INFO - Solicitando fundamentales para WEEK con reportType='REPORTS_FIN_STATEMENT'
2025-05-01 21:38:56 CEST - quant_edge - INFO - Solicitando fundamentales para KIDZ con reportType='REPORTS_FIN_STATEMENT'
2025-05-01 21:38:56 CEST - quant_edge - INFO - Solicitando fundamentales para PAPL con reportType='REPORTS_FIN_STATEMENT'
2025-05-01 21:38:56 CEST - quant_edge - INFO - Solicitando fundamentales para DEEF con reportType='REPORTS_FIN_STATEMENT'
2025-05-01 21:38:56 CEST - quant_edge - INFO - Solicitando fundamentales para QBER con reportType='REPORTS_FIN_STATEMENT'
2025-05-01 21:38:56 CEST - quant_edge - INFO - Solicitando fundamentales para CAAA con reportType='REPORTS_FIN_STATEMENT'
2025-05-01 21:38:56 CEST - quant_edge - INFO - Solicitando fundamentales para OGSP con reportType='REPORTS_FIN_STATEMENT'
2025-05-01 21:38:56 CEST - quant_edge - INFO - Solicitando fundamentales para PBMY con reportType='REPORTS_FIN_STATEMENT'
2025-05-01 21:38:56 CEST - quant_edge - INFO - Solicitando fundamentales para KRON con reportType='REPORTS_FIN_STATEMENT'
2025-05-01 21:38:56 CEST - quant_edge - INFO - Solicitando fundamentales para AUGZ con reportType='REPORTS_FIN_STATEMENT'
2025-05-01 21:38:56 CEST - quant_edge - INFO - Solicitando fundamentales para PRXV con reportType='REPORTS_FIN_STATEMENT'
2025-05-01 21:38:56 CEST - quant_edge - INFO - Solicitando fundamentales para VCIC con reportType='REPORTS_FIN_STATEMENT'
2025-05-01 21:38:56 CEST - quant_edge - INFO - Solicitando fundamentales para SEPP con reportType='REPORTS_FIN_STATEMENT'
2025-05-01 21:38:56 CEST - quant_edge - INFO - Solicitando fundamentales para QCML con reportType='REPORTS_FIN_STATEMENT'
2025-05-01 21:38:56 CEST - quant_edge - INFO - Solicitando fundamentales para BACQU con reportType='REPORTS_FIN_STATEMENT'
2025-05-01 21:38:56 CEST - quant_edge - INFO - Solicitando fundamentales para UMAY con reportType='REPORTS_FIN_STATEMENT'
2025-05-01 21:38:56 CEST - quant_edge - INFO - Solicitando fundamentales para FLJJ con reportType='REPORTS_FIN_STATEMENT'
2025-05-01 21:38:56 CEST - quant_edge - INFO - Solicitando fundamentales para SEPT con reportType='REPORTS_FIN_STATEMENT'
2025-05-01 21:38:56 CEST - quant_edge - INFO - Solicitando fundamentales para BNGE con reportType='REPORTS_FIN_STATEMENT'
2025-05-01 21:38:56 CEST - quant_edge - INFO - Solicitando fundamentales para DRCT con reportType='REPORTS_FIN_STATEMENT'
2025-05-01 21:38:56 CEST - quant_edge - INFO - Solicitando fundamentales para AUGW con reportType='REPORTS_FIN_STATEMENT'
2025-05-01 21:38:56 CEST - quant_edge - INFO - Solicitando fundamentales para FLAO con reportType='REPORTS_FIN_STATEMENT'
2025-05-01 21:38:56 CEST - quant_edge - INFO - Solicitando fundamentales para LEGT con reportType='REPORTS_FIN_STATEMENT'
2025-05-01 21:38:56 CEST - quant_edge - INFO - Solicitando fundamentales para XTJL con reportType='REPORTS_FIN_STATEMENT'
2025-05-01 21:38:56 CEST - quant_edge - INFO - Solicitando fundamentales para EQLT con reportType='REPORTS_FIN_STATEMENT'
2025-05-01 21:38:56 CEST - quant_edge - INFO - Solicitando fundamentales para ATNF con reportType='REPORTS_FIN_STATEMENT'
2025-05-01 21:38:56 CEST - quant_edge - INFO - Solicitando fundamentales para HCTI con reportType='REPORTS_FIN_STATEMENT'
2025-05-01 21:38:56 CEST - quant_edge - INFO - Solicitando fundamentales para GPAT con reportType='REPORTS_FIN_STATEMENT'
2025-05-01 21:38:56 CEST - quant_edge - INFO - Solicitando fundamentales para HOOK con reportType='REPORTS_FIN_STATEMENT'
2025-05-01 21:38:56 CEST - quant_edge - INFO - Solicitando fundamentales para PRSO con reportType='REPORTS_FIN_STATEMENT'
2025-05-01 21:38:56 CEST - quant_edge - INFO - Solicitando fundamentales para PXI con reportType='REPORTS_FIN_STATEMENT'
2025-05-01 21:38:56 CEST - quant_edge - INFO - Solicitando fundamentales para BMAY con reportType='REPORTS_FIN_STATEMENT'
2025-05-01 21:38:56 CEST - quant_edge - INFO - Solicitando fundamentales para CDTG con reportType='REPORTS_FIN_STATEMENT'
2025-05-01 21:38:56 CEST - quant_edge - INFO - Solicitando fundamentales para MAYT con reportType='REPORTS_FIN_STATEMENT'
2025-05-01 21:38:56 CEST - quant_edge - INFO - Solicitando fundamentales para MVPL con reportType='REPORTS_FIN_STATEMENT'
2025-05-01 21:38:56 CEST - quant_edge - INFO - Solicitando fundamentales para YJ con reportType='REPORTS_FIN_STATEMENT'
2025-05-01 21:38:56 CEST - quant_edge - INFO - Solicitando fundamentales para MEDX con reportType='REPORTS_FIN_STATEMENT'
2025-05-01 21:38:56 CEST - quant_edge - INFO - Solicitando fundamentales para FLHY con reportType='REPORTS_FIN_STATEMENT'
2025-05-01 21:38:56 CEST - quant_edge - INFO - Solicitando fundamentales para RNAZ con reportType='REPORTS_FIN_STATEMENT'
2025-05-01 21:38:56 CEST - quant_edge - INFO - Solicitando fundamentales para QCLR con reportType='REPORTS_FIN_STATEMENT'
2025-05-01 21:38:56 CEST - quant_edge - INFO - Solicitando fundamentales para DHAI con reportType='REPORTS_FIN_STATEMENT'
2025-05-01 21:38:56 CEST - quant_edge - INFO - Solicitando fundamentales para PRXG con reportType='REPORTS_FIN_STATEMENT'
2025-05-01 21:38:56 CEST - quant_edge - INFO - Solicitando fundamentales para MFSI con reportType='REPORTS_FIN_STATEMENT'
2025-05-01 21:38:56 CEST - quant_edge - INFO - Solicitando fundamentales para ELIL con reportType='REPORTS_FIN_STATEMENT'
2025-05-01 21:38:56 CEST - quant_edge - INFO - Solicitando fundamentales para MAYP con reportType='REPORTS_FIN_STATEMENT'
2025-05-01 21:38:56 CEST - quant_edge - INFO - Solicitando fundamentales para NVNI con reportType='REPORTS_FIN_STATEMENT'
2025-05-01 21:38:56 CEST - quant_edge - INFO - Solicitando fundamentales para OND con reportType='REPORTS_FIN_STATEMENT'
2025-05-01 21:38:56 CEST - quant_edge - INFO - Solicitando fundamentales para MAYW con reportType='REPORTS_FIN_STATEMENT'
2025-05-01 21:38:56 CEST - quant_edge - INFO - Solicitando fundamentales para MMLG con reportType='REPORTS_FIN_STATEMENT'
2025-05-01 21:39:24 CEST - quant_edge - DEBUG - Ticker añadido al universo: ZCAR
2025-05-01 21:39:24 CEST - quant_edge - DEBUG - Ticker añadido al universo: WEEK
2025-05-01 21:39:24 CEST - quant_edge - DEBUG - Ticker añadido al universo: KIDZ
2025-05-01 21:39:24 CEST - quant_edge - DEBUG - Ticker añadido al universo: PAPL
2025-05-01 21:39:24 CEST - quant_edge - DEBUG - Ticker añadido al universo: DEEF
2025-05-01 21:39:24 CEST - quant_edge - DEBUG - Ticker añadido al universo: QBER
2025-05-01 21:39:24 CEST - quant_edge - DEBUG - Ticker añadido al universo: CAAA
2025-05-01 21:39:24 CEST - quant_edge - DEBUG - Ticker añadido al universo: OGSP
2025-05-01 21:39:24 CEST - quant_edge - DEBUG - Ticker añadido al universo: PBMY
2025-05-01 21:39:24 CEST - quant_edge - DEBUG - Ticker añadido al universo: KRON
2025-05-01 21:39:24 CEST - quant_edge - DEBUG - Ticker añadido al universo: AUGZ
2025-05-01 21:39:24 CEST - quant_edge - DEBUG - Ticker añadido al universo: PRXV
2025-05-01 21:39:24 CEST - quant_edge - DEBUG - Ticker añadido al universo: VCIC
2025-05-01 21:39:24 CEST - quant_edge - DEBUG - Ticker añadido al universo: SEPP
2025-05-01 21:39:24 CEST - quant_edge - DEBUG - Ticker añadido al universo: QCML
2025-05-01 21:39:24 CEST - quant_edge - DEBUG - Ticker añadido al universo: BACQU
2025-05-01 21:39:24 CEST - quant_edge - DEBUG - Ticker añadido al universo: UMAY
2025-05-01 21:39:24 CEST - quant_edge - DEBUG - Ticker añadido al universo: FLJJ
2025-05-01 21:39:24 CEST - quant_edge - DEBUG - Ticker añadido al universo: SEPT
2025-05-01 21:39:24 CEST - quant_edge - DEBUG - Ticker añadido al universo: BNGE
2025-05-01 21:39:24 CEST - quant_edge - DEBUG - Ticker añadido al universo: DRCT
2025-05-01 21:39:24 CEST - quant_edge - DEBUG - Ticker añadido al universo: AUGW
2025-05-01 21:39:24 CEST - quant_edge - DEBUG - Ticker añadido al universo: FLAO
2025-05-01 21:39:24 CEST - quant_edge - DEBUG - Ticker añadido al universo: LEGT
2025-05-01 21:39:24 CEST - quant_edge - DEBUG - Ticker añadido al universo: XTJL
2025-05-01 21:39:24 CEST - quant_edge - DEBUG - Ticker añadido al universo: EQLT
2025-05-01 21:39:24 CEST - quant_edge - DEBUG - Ticker añadido al universo: ATNF
2025-05-01 21:39:24 CEST - quant_edge - DEBUG - Ticker añadido al universo: HCTI
2025-05-01 21:39:24 CEST - quant_edge - DEBUG - Ticker añadido al universo: GPAT
2025-05-01 21:39:24 CEST - quant_edge - DEBUG - Ticker añadido al universo: HOOK
2025-05-01 21:39:24 CEST - quant_edge - DEBUG - Ticker añadido al universo: PRSO
2025-05-01 21:39:24 CEST - quant_edge - DEBUG - Ticker añadido al universo: PXI
2025-05-01 21:39:24 CEST - quant_edge - DEBUG - Ticker añadido al universo: BMAY
2025-05-01 21:39:24 CEST - quant_edge - DEBUG - Ticker añadido al universo: CDTG
2025-05-01 21:39:24 CEST - quant_edge - DEBUG - Ticker añadido al universo: MAYT
2025-05-01 21:39:24 CEST - quant_edge - DEBUG - Ticker añadido al universo: MVPL
2025-05-01 21:39:24 CEST - quant_edge - DEBUG - Ticker añadido al universo: YJ
2025-05-01 21:39:24 CEST - quant_edge - DEBUG - Ticker añadido al universo: MEDX
2025-05-01 21:39:24 CEST - quant_edge - DEBUG - Ticker añadido al universo: FLHY
2025-05-01 21:39:24 CEST - quant_edge - DEBUG - Ticker añadido al universo: RNAZ
2025-05-01 21:39:24 CEST - quant_edge - DEBUG - Ticker añadido al universo: QCLR
2025-05-01 21:39:24 CEST - quant_edge - DEBUG - Ticker añadido al universo: DHAI
2025-05-01 21:39:24 CEST - quant_edge - DEBUG - Ticker añadido al universo: PRXG
2025-05-01 21:39:24 CEST - quant_edge - DEBUG - Ticker añadido al universo: MFSI
2025-05-01 21:39:24 CEST - quant_edge - DEBUG - Ticker añadido al universo: ELIL
2025-05-01 21:39:24 CEST - quant_edge - DEBUG - Ticker añadido al universo: MAYP
2025-05-01 21:39:24 CEST - quant_edge - DEBUG - Ticker añadido al universo: NVNI
2025-05-01 21:39:24 CEST - quant_edge - DEBUG - Ticker añadido al universo: OND
2025-05-01 21:39:24 CEST - quant_edge - DEBUG - Ticker añadido al universo: MAYW
2025-05-01 21:39:24 CEST - quant_edge - DEBUG - Ticker añadido al universo: MMLG
2025-05-01 21:39:24 CEST - quant_edge - INFO - Universo actualizado. 100 tickers califican.
2025-05-01 21:39:24 CEST - quant_edge - INFO - Solicitando fundamentales para ZCAR con reportType='REPORTS_FIN_STATEMENT'
2025-05-01 21:39:24 CEST - quant_edge - INFO - Solicitando fundamentales para WEEK con reportType='REPORTS_FIN_STATEMENT'
2025-05-01 21:39:24 CEST - quant_edge - INFO - Solicitando fundamentales para KIDZ con reportType='REPORTS_FIN_STATEMENT'
2025-05-01 21:39:24 CEST - quant_edge - INFO - Solicitando fundamentales para PAPL con reportType='REPORTS_FIN_STATEMENT'
2025-05-01 21:39:24 CEST - quant_edge - INFO - Solicitando fundamentales para DEEF con reportType='REPORTS_FIN_STATEMENT'
2025-05-01 21:39:24 CEST - quant_edge - INFO - Solicitando fundamentales para QBER con reportType='REPORTS_FIN_STATEMENT'
2025-05-01 21:39:24 CEST - quant_edge - INFO - Solicitando fundamentales para CAAA con reportType='REPORTS_FIN_STATEMENT'
2025-05-01 21:39:24 CEST - quant_edge - INFO - Solicitando fundamentales para OGSP con reportType='REPORTS_FIN_STATEMENT'
2025-05-01 21:39:24 CEST - quant_edge - INFO - Solicitando fundamentales para PBMY con reportType='REPORTS_FIN_STATEMENT'
2025-05-01 21:39:24 CEST - quant_edge - INFO - Solicitando fundamentales para KRON con reportType='REPORTS_FIN_STATEMENT'
2025-05-01 21:39:24 CEST - quant_edge - INFO - Solicitando fundamentales para AUGZ con reportType='REPORTS_FIN_STATEMENT'
2025-05-01 21:39:24 CEST - quant_edge - INFO - Solicitando fundamentales para PRXV con reportType='REPORTS_FIN_STATEMENT'
2025-05-01 21:39:24 CEST - quant_edge - INFO - Solicitando fundamentales para VCIC con reportType='REPORTS_FIN_STATEMENT'
2025-05-01 21:39:24 CEST - quant_edge - INFO - Solicitando fundamentales para SEPP con reportType='REPORTS_FIN_STATEMENT'
2025-05-01 21:39:24 CEST - quant_edge - INFO - Solicitando fundamentales para QCML con reportType='REPORTS_FIN_STATEMENT'
2025-05-01 21:39:24 CEST - quant_edge - INFO - Solicitando fundamentales para BACQU con reportType='REPORTS_FIN_STATEMENT'
2025-05-01 21:39:24 CEST - quant_edge - INFO - Solicitando fundamentales para UMAY con reportType='REPORTS_FIN_STATEMENT'
2025-05-01 21:39:24 CEST - quant_edge - INFO - Solicitando fundamentales para FLJJ con reportType='REPORTS_FIN_STATEMENT'
2025-05-01 21:39:24 CEST - quant_edge - INFO - Solicitando fundamentales para SEPT con reportType='REPORTS_FIN_STATEMENT'
2025-05-01 21:39:24 CEST - quant_edge - INFO - Solicitando fundamentales para BNGE con reportType='REPORTS_FIN_STATEMENT'
2025-05-01 21:39:24 CEST - quant_edge - INFO - Solicitando fundamentales para DRCT con reportType='REPORTS_FIN_STATEMENT'
2025-05-01 21:39:24 CEST - quant_edge - INFO - Solicitando fundamentales para AUGW con reportType='REPORTS_FIN_STATEMENT'
2025-05-01 21:39:24 CEST - quant_edge - INFO - Solicitando fundamentales para FLAO con reportType='REPORTS_FIN_STATEMENT'
2025-05-01 21:39:24 CEST - quant_edge - INFO - Solicitando fundamentales para LEGT con reportType='REPORTS_FIN_STATEMENT'
2025-05-01 21:39:24 CEST - quant_edge - INFO - Solicitando fundamentales para XTJL con reportType='REPORTS_FIN_STATEMENT'
2025-05-01 21:39:24 CEST - quant_edge - INFO - Solicitando fundamentales para EQLT con reportType='REPORTS_FIN_STATEMENT'
2025-05-01 21:39:24 CEST - quant_edge - INFO - Solicitando fundamentales para ATNF con reportType='REPORTS_FIN_STATEMENT'
2025-05-01 21:39:24 CEST - quant_edge - INFO - Solicitando fundamentales para HCTI con reportType='REPORTS_FIN_STATEMENT'
2025-05-01 21:39:24 CEST - quant_edge - INFO - Solicitando fundamentales para GPAT con reportType='REPORTS_FIN_STATEMENT'
2025-05-01 21:39:24 CEST - quant_edge - INFO - Solicitando fundamentales para HOOK con reportType='REPORTS_FIN_STATEMENT'
2025-05-01 21:39:24 CEST - quant_edge - INFO - Solicitando fundamentales para PRSO con reportType='REPORTS_FIN_STATEMENT'
2025-05-01 21:39:24 CEST - quant_edge - INFO - Solicitando fundamentales para PXI con reportType='REPORTS_FIN_STATEMENT'
2025-05-01 21:39:24 CEST - quant_edge - INFO - Solicitando fundamentales para BMAY con reportType='REPORTS_FIN_STATEMENT'
2025-05-01 21:39:24 CEST - quant_edge - INFO - Solicitando fundamentales para CDTG con reportType='REPORTS_FIN_STATEMENT'
2025-05-01 21:39:24 CEST - quant_edge - INFO - Solicitando fundamentales para MAYT con reportType='REPORTS_FIN_STATEMENT'
2025-05-01 21:39:24 CEST - quant_edge - INFO - Solicitando fundamentales para MVPL con reportType='REPORTS_FIN_STATEMENT'
2025-05-01 21:39:24 CEST - quant_edge - INFO - Solicitando fundamentales para YJ con reportType='REPORTS_FIN_STATEMENT'
2025-05-01 21:39:24 CEST - quant_edge - INFO - Solicitando fundamentales para MEDX con reportType='REPORTS_FIN_STATEMENT'
2025-05-01 21:39:24 CEST - quant_edge - INFO - Solicitando fundamentales para FLHY con reportType='REPORTS_FIN_STATEMENT'
2025-05-01 21:39:24 CEST - quant_edge - INFO - Solicitando fundamentales para RNAZ con reportType='REPORTS_FIN_STATEMENT'
2025-05-01 21:39:24 CEST - quant_edge - INFO - Solicitando fundamentales para QCLR con reportType='REPORTS_FIN_STATEMENT'
2025-05-01 21:39:24 CEST - quant_edge - INFO - Solicitando fundamentales para DHAI con reportType='REPORTS_FIN_STATEMENT'
2025-05-01 21:39:24 CEST - quant_edge - INFO - Solicitando fundamentales para PRXG con reportType='REPORTS_FIN_STATEMENT'
2025-05-01 21:39:24 CEST - quant_edge - INFO - Solicitando fundamentales para MFSI con reportType='REPORTS_FIN_STATEMENT'
2025-05-01 21:39:24 CEST - quant_edge - INFO - Solicitando fundamentales para ELIL con reportType='REPORTS_FIN_STATEMENT'
2025-05-01 21:39:24 CEST - quant_edge - INFO - Solicitando fundamentales para MAYP con reportType='REPORTS_FIN_STATEMENT'
2025-05-01 21:39:24 CEST - quant_edge - INFO - Solicitando fundamentales para NVNI con reportType='REPORTS_FIN_STATEMENT'
2025-05-01 21:39:24 CEST - quant_edge - INFO - Solicitando fundamentales para OND con reportType='REPORTS_FIN_STATEMENT'
2025-05-01 21:39:24 CEST - quant_edge - INFO - Solicitando fundamentales para MAYW con reportType='REPORTS_FIN_STATEMENT'
2025-05-01 21:39:24 CEST - quant_edge - INFO - Solicitando fundamentales para MMLG con reportType='REPORTS_FIN_STATEMENT'
2025-05-01 21:39:24 CEST - quant_edge - INFO - Solicitando fundamentales para ZCAR con reportType='REPORTS_FIN_STATEMENT'
2025-05-01 21:39:24 CEST - quant_edge - INFO - Solicitando fundamentales para WEEK con reportType='REPORTS_FIN_STATEMENT'
2025-05-01 21:39:24 CEST - quant_edge - INFO - Solicitando fundamentales para KIDZ con reportType='REPORTS_FIN_STATEMENT'
2025-05-01 21:39:24 CEST - quant_edge - INFO - Solicitando fundamentales para PAPL con reportType='REPORTS_FIN_STATEMENT'
2025-05-01 21:39:24 CEST - quant_edge - INFO - Solicitando fundamentales para DEEF con reportType='REPORTS_FIN_STATEMENT'
2025-05-01 21:39:24 CEST - quant_edge - INFO - Solicitando fundamentales para QBER con reportType='REPORTS_FIN_STATEMENT'
2025-05-01 21:39:24 CEST - quant_edge - INFO - Solicitando fundamentales para CAAA con reportType='REPORTS_FIN_STATEMENT'
2025-05-01 21:39:24 CEST - quant_edge - INFO - Solicitando fundamentales para OGSP con reportType='REPORTS_FIN_STATEMENT'
2025-05-01 21:39:24 CEST - quant_edge - INFO - Solicitando fundamentales para PBMY con reportType='REPORTS_FIN_STATEMENT'
2025-05-01 21:39:24 CEST - quant_edge - INFO - Solicitando fundamentales para KRON con reportType='REPORTS_FIN_STATEMENT'
2025-05-01 21:39:24 CEST - quant_edge - INFO - Solicitando fundamentales para AUGZ con reportType='REPORTS_FIN_STATEMENT'
2025-05-01 21:39:24 CEST - quant_edge - INFO - Solicitando fundamentales para PRXV con reportType='REPORTS_FIN_STATEMENT'
2025-05-01 21:39:24 CEST - quant_edge - INFO - Solicitando fundamentales para VCIC con reportType='REPORTS_FIN_STATEMENT'
2025-05-01 21:39:24 CEST - quant_edge - INFO - Solicitando fundamentales para SEPP con reportType='REPORTS_FIN_STATEMENT'
2025-05-01 21:39:24 CEST - quant_edge - INFO - Solicitando fundamentales para QCML con reportType='REPORTS_FIN_STATEMENT'
2025-05-01 21:39:24 CEST - quant_edge - INFO - Solicitando fundamentales para BACQU con reportType='REPORTS_FIN_STATEMENT'
2025-05-01 21:39:24 CEST - quant_edge - INFO - Solicitando fundamentales para UMAY con reportType='REPORTS_FIN_STATEMENT'
2025-05-01 21:39:24 CEST - quant_edge - INFO - Solicitando fundamentales para FLJJ con reportType='REPORTS_FIN_STATEMENT'
2025-05-01 21:39:24 CEST - quant_edge - INFO - Solicitando fundamentales para SEPT con reportType='REPORTS_FIN_STATEMENT'
2025-05-01 21:39:24 CEST - quant_edge - INFO - Solicitando fundamentales para BNGE con reportType='REPORTS_FIN_STATEMENT'
2025-05-01 21:39:24 CEST - quant_edge - INFO - Solicitando fundamentales para DRCT con reportType='REPORTS_FIN_STATEMENT'
2025-05-01 21:39:24 CEST - quant_edge - INFO - Solicitando fundamentales para AUGW con reportType='REPORTS_FIN_STATEMENT'
2025-05-01 21:39:24 CEST - quant_edge - INFO - Solicitando fundamentales para FLAO con reportType='REPORTS_FIN_STATEMENT'
2025-05-01 21:39:24 CEST - quant_edge - INFO - Solicitando fundamentales para LEGT con reportType='REPORTS_FIN_STATEMENT'
2025-05-01 21:39:24 CEST - quant_edge - INFO - Solicitando fundamentales para XTJL con reportType='REPORTS_FIN_STATEMENT'
2025-05-01 21:39:24 CEST - quant_edge - INFO - Solicitando fundamentales para EQLT con reportType='REPORTS_FIN_STATEMENT'
2025-05-01 21:39:24 CEST - quant_edge - INFO - Solicitando fundamentales para ATNF con reportType='REPORTS_FIN_STATEMENT'
2025-05-01 21:39:24 CEST - quant_edge - INFO - Solicitando fundamentales para HCTI con reportType='REPORTS_FIN_STATEMENT'
2025-05-01 21:39:24 CEST - quant_edge - INFO - Solicitando fundamentales para GPAT con reportType='REPORTS_FIN_STATEMENT'
2025-05-01 21:39:24 CEST - quant_edge - INFO - Solicitando fundamentales para HOOK con reportType='REPORTS_FIN_STATEMENT'
2025-05-01 21:39:24 CEST - quant_edge - INFO - Solicitando fundamentales para PRSO con reportType='REPORTS_FIN_STATEMENT'
2025-05-01 21:39:24 CEST - quant_edge - INFO - Solicitando fundamentales para PXI con reportType='REPORTS_FIN_STATEMENT'
2025-05-01 21:39:24 CEST - quant_edge - INFO - Solicitando fundamentales para BMAY con reportType='REPORTS_FIN_STATEMENT'
2025-05-01 21:39:24 CEST - quant_edge - INFO - Solicitando fundamentales para CDTG con reportType='REPORTS_FIN_STATEMENT'
2025-05-01 21:39:24 CEST - quant_edge - INFO - Solicitando fundamentales para MAYT con reportType='REPORTS_FIN_STATEMENT'
2025-05-01 21:39:24 CEST - quant_edge - INFO - Solicitando fundamentales para MVPL con reportType='REPORTS_FIN_STATEMENT'
2025-05-01 21:39:24 CEST - quant_edge - INFO - Solicitando fundamentales para YJ con reportType='REPORTS_FIN_STATEMENT'
2025-05-01 21:39:24 CEST - quant_edge - INFO - Solicitando fundamentales para MEDX con reportType='REPORTS_FIN_STATEMENT'
2025-05-01 21:39:24 CEST - quant_edge - INFO - Solicitando fundamentales para FLHY con reportType='REPORTS_FIN_STATEMENT'
2025-05-01 21:39:24 CEST - quant_edge - INFO - Solicitando fundamentales para RNAZ con reportType='REPORTS_FIN_STATEMENT'
2025-05-01 21:39:24 CEST - quant_edge - INFO - Solicitando fundamentales para QCLR con reportType='REPORTS_FIN_STATEMENT'
2025-05-01 21:39:24 CEST - quant_edge - INFO - Solicitando fundamentales para DHAI con reportType='REPORTS_FIN_STATEMENT'
2025-05-01 21:39:24 CEST - quant_edge - INFO - Solicitando fundamentales para PRXG con reportType='REPORTS_FIN_STATEMENT'
2025-05-01 21:39:24 CEST - quant_edge - INFO - Solicitando fundamentales para MFSI con reportType='REPORTS_FIN_STATEMENT'
2025-05-01 21:39:24 CEST - quant_edge - INFO - Solicitando fundamentales para ELIL con reportType='REPORTS_FIN_STATEMENT'
2025-05-01 21:39:24 CEST - quant_edge - INFO - Solicitando fundamentales para MAYP con reportType='REPORTS_FIN_STATEMENT'
2025-05-01 21:39:24 CEST - quant_edge - INFO - Solicitando fundamentales para NVNI con reportType='REPORTS_FIN_STATEMENT'
2025-05-01 21:39:24 CEST - quant_edge - INFO - Solicitando fundamentales para OND con reportType='REPORTS_FIN_STATEMENT'
2025-05-01 21:39:24 CEST - quant_edge - INFO - Solicitando fundamentales para MAYW con reportType='REPORTS_FIN_STATEMENT'
2025-05-01 21:39:24 CEST - quant_edge - INFO - Solicitando fundamentales para MMLG con reportType='REPORTS_FIN_STATEMENT'
2025-05-01 21:39:56 CEST - quant_edge - DEBUG - Ticker añadido al universo: ZCAR
2025-05-01 21:39:56 CEST - quant_edge - DEBUG - Ticker añadido al universo: WEEK
2025-05-01 21:39:56 CEST - quant_edge - DEBUG - Ticker añadido al universo: KIDZ
2025-05-01 21:39:56 CEST - quant_edge - DEBUG - Ticker añadido al universo: PAPL
2025-05-01 21:39:56 CEST - quant_edge - DEBUG - Ticker añadido al universo: DEEF
2025-05-01 21:39:56 CEST - quant_edge - DEBUG - Ticker añadido al universo: QBER
2025-05-01 21:39:56 CEST - quant_edge - DEBUG - Ticker añadido al universo: CAAA
2025-05-01 21:39:56 CEST - quant_edge - DEBUG - Ticker añadido al universo: OGSP
2025-05-01 21:39:56 CEST - quant_edge - DEBUG - Ticker añadido al universo: PBMY
2025-05-01 21:39:56 CEST - quant_edge - DEBUG - Ticker añadido al universo: KRON
2025-05-01 21:39:56 CEST - quant_edge - DEBUG - Ticker añadido al universo: AUGZ
2025-05-01 21:39:56 CEST - quant_edge - DEBUG - Ticker añadido al universo: PRXV
2025-05-01 21:39:56 CEST - quant_edge - DEBUG - Ticker añadido al universo: VCIC
2025-05-01 21:39:56 CEST - quant_edge - DEBUG - Ticker añadido al universo: SEPP
2025-05-01 21:39:56 CEST - quant_edge - DEBUG - Ticker añadido al universo: QCML
2025-05-01 21:39:56 CEST - quant_edge - DEBUG - Ticker añadido al universo: BACQU
2025-05-01 21:39:56 CEST - quant_edge - DEBUG - Ticker añadido al universo: UMAY
2025-05-01 21:39:56 CEST - quant_edge - DEBUG - Ticker añadido al universo: FLJJ
2025-05-01 21:39:56 CEST - quant_edge - DEBUG - Ticker añadido al universo: SEPT
2025-05-01 21:39:56 CEST - quant_edge - DEBUG - Ticker añadido al universo: BNGE
2025-05-01 21:39:56 CEST - quant_edge - DEBUG - Ticker añadido al universo: DRCT
2025-05-01 21:39:56 CEST - quant_edge - DEBUG - Ticker añadido al universo: AUGW
2025-05-01 21:39:56 CEST - quant_edge - DEBUG - Ticker añadido al universo: FLAO
2025-05-01 21:39:56 CEST - quant_edge - DEBUG - Ticker añadido al universo: LEGT
2025-05-01 21:39:56 CEST - quant_edge - DEBUG - Ticker añadido al universo: XTJL
2025-05-01 21:39:56 CEST - quant_edge - DEBUG - Ticker añadido al universo: EQLT
2025-05-01 21:39:56 CEST - quant_edge - DEBUG - Ticker añadido al universo: ATNF
2025-05-01 21:39:56 CEST - quant_edge - DEBUG - Ticker añadido al universo: HCTI
2025-05-01 21:39:56 CEST - quant_edge - DEBUG - Ticker añadido al universo: GPAT
2025-05-01 21:39:56 CEST - quant_edge - DEBUG - Ticker añadido al universo: HOOK
2025-05-01 21:39:56 CEST - quant_edge - DEBUG - Ticker añadido al universo: PRSO
2025-05-01 21:39:56 CEST - quant_edge - DEBUG - Ticker añadido al universo: PXI
2025-05-01 21:39:56 CEST - quant_edge - DEBUG - Ticker añadido al universo: BMAY
2025-05-01 21:39:56 CEST - quant_edge - DEBUG - Ticker añadido al universo: CDTG
2025-05-01 21:39:56 CEST - quant_edge - DEBUG - Ticker añadido al universo: MAYT
2025-05-01 21:39:56 CEST - quant_edge - DEBUG - Ticker añadido al universo: MVPL
2025-05-01 21:39:56 CEST - quant_edge - DEBUG - Ticker añadido al universo: YJ
2025-05-01 21:39:56 CEST - quant_edge - DEBUG - Ticker añadido al universo: MEDX
2025-05-01 21:39:56 CEST - quant_edge - DEBUG - Ticker añadido al universo: FLHY
2025-05-01 21:39:56 CEST - quant_edge - DEBUG - Ticker añadido al universo: RNAZ
2025-05-01 21:39:56 CEST - quant_edge - DEBUG - Ticker añadido al universo: QCLR
2025-05-01 21:39:56 CEST - quant_edge - DEBUG - Ticker añadido al universo: DHAI
2025-05-01 21:39:56 CEST - quant_edge - DEBUG - Ticker añadido al universo: PRXG
2025-05-01 21:39:56 CEST - quant_edge - DEBUG - Ticker añadido al universo: MFSI
2025-05-01 21:39:56 CEST - quant_edge - DEBUG - Ticker añadido al universo: ELIL
2025-05-01 21:39:56 CEST - quant_edge - DEBUG - Ticker añadido al universo: MAYP
2025-05-01 21:39:56 CEST - quant_edge - DEBUG - Ticker añadido al universo: NVNI
2025-05-01 21:39:56 CEST - quant_edge - DEBUG - Ticker añadido al universo: OND
2025-05-01 21:39:56 CEST - quant_edge - DEBUG - Ticker añadido al universo: MAYW
2025-05-01 21:39:56 CEST - quant_edge - DEBUG - Ticker añadido al universo: MMLG
2025-05-01 21:39:56 CEST - quant_edge - INFO - Universo actualizado. 150 tickers califican.
2025-05-01 21:39:56 CEST - quant_edge - INFO - Solicitando fundamentales para ZCAR con reportType='REPORTS_FIN_STATEMENT'
2025-05-01 21:39:56 CEST - quant_edge - INFO - Solicitando fundamentales para WEEK con reportType='REPORTS_FIN_STATEMENT'
2025-05-01 21:39:56 CEST - quant_edge - INFO - Solicitando fundamentales para KIDZ con reportType='REPORTS_FIN_STATEMENT'
2025-05-01 21:39:56 CEST - quant_edge - INFO - Solicitando fundamentales para PAPL con reportType='REPORTS_FIN_STATEMENT'
2025-05-01 21:39:56 CEST - quant_edge - INFO - Solicitando fundamentales para DEEF con reportType='REPORTS_FIN_STATEMENT'
2025-05-01 21:39:56 CEST - quant_edge - INFO - Solicitando fundamentales para QBER con reportType='REPORTS_FIN_STATEMENT'
2025-05-01 21:39:56 CEST - quant_edge - INFO - Solicitando fundamentales para CAAA con reportType='REPORTS_FIN_STATEMENT'
2025-05-01 21:39:56 CEST - quant_edge - INFO - Solicitando fundamentales para OGSP con reportType='REPORTS_FIN_STATEMENT'
2025-05-01 21:39:56 CEST - quant_edge - INFO - Solicitando fundamentales para PBMY con reportType='REPORTS_FIN_STATEMENT'
2025-05-01 21:39:56 CEST - quant_edge - INFO - Solicitando fundamentales para KRON con reportType='REPORTS_FIN_STATEMENT'
2025-05-01 21:39:56 CEST - quant_edge - INFO - Solicitando fundamentales para AUGZ con reportType='REPORTS_FIN_STATEMENT'
2025-05-01 21:39:56 CEST - quant_edge - INFO - Solicitando fundamentales para PRXV con reportType='REPORTS_FIN_STATEMENT'
2025-05-01 21:39:56 CEST - quant_edge - INFO - Solicitando fundamentales para VCIC con reportType='REPORTS_FIN_STATEMENT'
2025-05-01 21:39:56 CEST - quant_edge - INFO - Solicitando fundamentales para SEPP con reportType='REPORTS_FIN_STATEMENT'
2025-05-01 21:39:56 CEST - quant_edge - INFO - Solicitando fundamentales para QCML con reportType='REPORTS_FIN_STATEMENT'
2025-05-01 21:39:56 CEST - quant_edge - INFO - Solicitando fundamentales para BACQU con reportType='REPORTS_FIN_STATEMENT'
2025-05-01 21:39:56 CEST - quant_edge - INFO - Solicitando fundamentales para UMAY con reportType='REPORTS_FIN_STATEMENT'
2025-05-01 21:39:56 CEST - quant_edge - INFO - Solicitando fundamentales para FLJJ con reportType='REPORTS_FIN_STATEMENT'
2025-05-01 21:39:56 CEST - quant_edge - INFO - Solicitando fundamentales para SEPT con reportType='REPORTS_FIN_STATEMENT'
2025-05-01 21:39:56 CEST - quant_edge - INFO - Solicitando fundamentales para BNGE con reportType='REPORTS_FIN_STATEMENT'
2025-05-01 21:39:56 CEST - quant_edge - INFO - Solicitando fundamentales para DRCT con reportType='REPORTS_FIN_STATEMENT'
2025-05-01 21:39:56 CEST - quant_edge - INFO - Solicitando fundamentales para AUGW con reportType='REPORTS_FIN_STATEMENT'
2025-05-01 21:39:56 CEST - quant_edge - INFO - Solicitando fundamentales para FLAO con reportType='REPORTS_FIN_STATEMENT'
2025-05-01 21:39:56 CEST - quant_edge - INFO - Solicitando fundamentales para LEGT con reportType='REPORTS_FIN_STATEMENT'
2025-05-01 21:39:56 CEST - quant_edge - INFO - Solicitando fundamentales para XTJL con reportType='REPORTS_FIN_STATEMENT'
2025-05-01 21:39:56 CEST - quant_edge - INFO - Solicitando fundamentales para EQLT con reportType='REPORTS_FIN_STATEMENT'
2025-05-01 21:39:56 CEST - quant_edge - INFO - Solicitando fundamentales para ATNF con reportType='REPORTS_FIN_STATEMENT'
2025-05-01 21:39:56 CEST - quant_edge - INFO - Solicitando fundamentales para HCTI con reportType='REPORTS_FIN_STATEMENT'
2025-05-01 21:39:56 CEST - quant_edge - INFO - Solicitando fundamentales para GPAT con reportType='REPORTS_FIN_STATEMENT'
2025-05-01 21:39:56 CEST - quant_edge - INFO - Solicitando fundamentales para HOOK con reportType='REPORTS_FIN_STATEMENT'
2025-05-01 21:39:56 CEST - quant_edge - INFO - Solicitando fundamentales para PRSO con reportType='REPORTS_FIN_STATEMENT'
2025-05-01 21:39:56 CEST - quant_edge - INFO - Solicitando fundamentales para PXI con reportType='REPORTS_FIN_STATEMENT'
2025-05-01 21:39:56 CEST - quant_edge - INFO - Solicitando fundamentales para BMAY con reportType='REPORTS_FIN_STATEMENT'
2025-05-01 21:39:56 CEST - quant_edge - INFO - Solicitando fundamentales para CDTG con reportType='REPORTS_FIN_STATEMENT'
2025-05-01 21:39:56 CEST - quant_edge - INFO - Solicitando fundamentales para MAYT con reportType='REPORTS_FIN_STATEMENT'
2025-05-01 21:39:56 CEST - quant_edge - INFO - Solicitando fundamentales para MVPL con reportType='REPORTS_FIN_STATEMENT'
2025-05-01 21:39:56 CEST - quant_edge - INFO - Solicitando fundamentales para YJ con reportType='REPORTS_FIN_STATEMENT'
2025-05-01 21:39:56 CEST - quant_edge - INFO - Solicitando fundamentales para MEDX con reportType='REPORTS_FIN_STATEMENT'
2025-05-01 21:39:56 CEST - quant_edge - INFO - Solicitando fundamentales para FLHY con reportType='REPORTS_FIN_STATEMENT'
2025-05-01 21:39:56 CEST - quant_edge - INFO - Solicitando fundamentales para RNAZ con reportType='REPORTS_FIN_STATEMENT'
2025-05-01 21:39:56 CEST - quant_edge - INFO - Solicitando fundamentales para QCLR con reportType='REPORTS_FIN_STATEMENT'
2025-05-01 21:39:56 CEST - quant_edge - INFO - Solicitando fundamentales para DHAI con reportType='REPORTS_FIN_STATEMENT'
2025-05-01 21:39:56 CEST - quant_edge - INFO - Solicitando fundamentales para PRXG con reportType='REPORTS_FIN_STATEMENT'
2025-05-01 21:39:56 CEST - quant_edge - INFO - Solicitando fundamentales para MFSI con reportType='REPORTS_FIN_STATEMENT'
2025-05-01 21:39:56 CEST - quant_edge - INFO - Solicitando fundamentales para ELIL con reportType='REPORTS_FIN_STATEMENT'
2025-05-01 21:39:56 CEST - quant_edge - INFO - Solicitando fundamentales para MAYP con reportType='REPORTS_FIN_STATEMENT'
2025-05-01 21:39:56 CEST - quant_edge - INFO - Solicitando fundamentales para NVNI con reportType='REPORTS_FIN_STATEMENT'
2025-05-01 21:39:56 CEST - quant_edge - INFO - Solicitando fundamentales para OND con reportType='REPORTS_FIN_STATEMENT'
2025-05-01 21:39:56 CEST - quant_edge - INFO - Solicitando fundamentales para MAYW con reportType='REPORTS_FIN_STATEMENT'
2025-05-01 21:39:56 CEST - quant_edge - INFO - Solicitando fundamentales para MMLG con reportType='REPORTS_FIN_STATEMENT'
2025-05-01 21:39:56 CEST - quant_edge - INFO - Solicitando fundamentales para ZCAR con reportType='REPORTS_FIN_STATEMENT'
2025-05-01 21:39:56 CEST - quant_edge - INFO - Solicitando fundamentales para WEEK con reportType='REPORTS_FIN_STATEMENT'
2025-05-01 21:39:56 CEST - quant_edge - INFO - Solicitando fundamentales para KIDZ con reportType='REPORTS_FIN_STATEMENT'
2025-05-01 21:39:56 CEST - quant_edge - INFO - Solicitando fundamentales para PAPL con reportType='REPORTS_FIN_STATEMENT'
2025-05-01 21:39:56 CEST - quant_edge - INFO - Solicitando fundamentales para DEEF con reportType='REPORTS_FIN_STATEMENT'
2025-05-01 21:39:56 CEST - quant_edge - INFO - Solicitando fundamentales para QBER con reportType='REPORTS_FIN_STATEMENT'
2025-05-01 21:39:56 CEST - quant_edge - INFO - Solicitando fundamentales para CAAA con reportType='REPORTS_FIN_STATEMENT'
2025-05-01 21:39:56 CEST - quant_edge - INFO - Solicitando fundamentales para OGSP con reportType='REPORTS_FIN_STATEMENT'
2025-05-01 21:39:56 CEST - quant_edge - INFO - Solicitando fundamentales para PBMY con reportType='REPORTS_FIN_STATEMENT'
2025-05-01 21:39:56 CEST - quant_edge - INFO - Solicitando fundamentales para KRON con reportType='REPORTS_FIN_STATEMENT'
2025-05-01 21:39:56 CEST - quant_edge - INFO - Solicitando fundamentales para AUGZ con reportType='REPORTS_FIN_STATEMENT'
2025-05-01 21:39:56 CEST - quant_edge - INFO - Solicitando fundamentales para PRXV con reportType='REPORTS_FIN_STATEMENT'
2025-05-01 21:39:56 CEST - quant_edge - INFO - Solicitando fundamentales para VCIC con reportType='REPORTS_FIN_STATEMENT'
2025-05-01 21:39:56 CEST - quant_edge - INFO - Solicitando fundamentales para SEPP con reportType='REPORTS_FIN_STATEMENT'
2025-05-01 21:39:56 CEST - quant_edge - INFO - Solicitando fundamentales para QCML con reportType='REPORTS_FIN_STATEMENT'
2025-05-01 21:39:56 CEST - quant_edge - INFO - Solicitando fundamentales para BACQU con reportType='REPORTS_FIN_STATEMENT'
2025-05-01 21:39:56 CEST - quant_edge - INFO - Solicitando fundamentales para UMAY con reportType='REPORTS_FIN_STATEMENT'
2025-05-01 21:39:56 CEST - quant_edge - INFO - Solicitando fundamentales para FLJJ con reportType='REPORTS_FIN_STATEMENT'
2025-05-01 21:39:56 CEST - quant_edge - INFO - Solicitando fundamentales para SEPT con reportType='REPORTS_FIN_STATEMENT'
2025-05-01 21:39:56 CEST - quant_edge - INFO - Solicitando fundamentales para BNGE con reportType='REPORTS_FIN_STATEMENT'
2025-05-01 21:39:56 CEST - quant_edge - INFO - Solicitando fundamentales para DRCT con reportType='REPORTS_FIN_STATEMENT'
2025-05-01 21:39:56 CEST - quant_edge - INFO - Solicitando fundamentales para AUGW con reportType='REPORTS_FIN_STATEMENT'
2025-05-01 21:39:56 CEST - quant_edge - INFO - Solicitando fundamentales para FLAO con reportType='REPORTS_FIN_STATEMENT'
2025-05-01 21:39:56 CEST - quant_edge - INFO - Solicitando fundamentales para LEGT con reportType='REPORTS_FIN_STATEMENT'
2025-05-01 21:39:56 CEST - quant_edge - INFO - Solicitando fundamentales para XTJL con reportType='REPORTS_FIN_STATEMENT'
2025-05-01 21:39:56 CEST - quant_edge - INFO - Solicitando fundamentales para EQLT con reportType='REPORTS_FIN_STATEMENT'
2025-05-01 21:39:56 CEST - quant_edge - INFO - Solicitando fundamentales para ATNF con reportType='REPORTS_FIN_STATEMENT'
2025-05-01 21:39:56 CEST - quant_edge - INFO - Solicitando fundamentales para HCTI con reportType='REPORTS_FIN_STATEMENT'
2025-05-01 21:39:56 CEST - quant_edge - INFO - Solicitando fundamentales para GPAT con reportType='REPORTS_FIN_STATEMENT'
2025-05-01 21:39:56 CEST - quant_edge - INFO - Solicitando fundamentales para HOOK con reportType='REPORTS_FIN_STATEMENT'
2025-05-01 21:39:56 CEST - quant_edge - INFO - Solicitando fundamentales para PRSO con reportType='REPORTS_FIN_STATEMENT'
2025-05-01 21:39:56 CEST - quant_edge - INFO - Solicitando fundamentales para PXI con reportType='REPORTS_FIN_STATEMENT'
2025-05-01 21:39:56 CEST - quant_edge - INFO - Solicitando fundamentales para BMAY con reportType='REPORTS_FIN_STATEMENT'
2025-05-01 21:39:56 CEST - quant_edge - INFO - Solicitando fundamentales para CDTG con reportType='REPORTS_FIN_STATEMENT'
2025-05-01 21:39:56 CEST - quant_edge - INFO - Solicitando fundamentales para MAYT con reportType='REPORTS_FIN_STATEMENT'
2025-05-01 21:39:56 CEST - quant_edge - INFO - Solicitando fundamentales para MVPL con reportType='REPORTS_FIN_STATEMENT'
2025-05-01 21:39:56 CEST - quant_edge - INFO - Solicitando fundamentales para YJ con reportType='REPORTS_FIN_STATEMENT'
2025-05-01 21:39:56 CEST - quant_edge - INFO - Solicitando fundamentales para MEDX con reportType='REPORTS_FIN_STATEMENT'
2025-05-01 21:39:56 CEST - quant_edge - INFO - Solicitando fundamentales para FLHY con reportType='REPORTS_FIN_STATEMENT'
2025-05-01 21:39:56 CEST - quant_edge - INFO - Solicitando fundamentales para RNAZ con reportType='REPORTS_FIN_STATEMENT'
2025-05-01 21:39:56 CEST - quant_edge - INFO - Solicitando fundamentales para QCLR con reportType='REPORTS_FIN_STATEMENT'
2025-05-01 21:39:56 CEST - quant_edge - INFO - Solicitando fundamentales para DHAI con reportType='REPORTS_FIN_STATEMENT'
2025-05-01 21:39:56 CEST - quant_edge - INFO - Solicitando fundamentales para PRXG con reportType='REPORTS_FIN_STATEMENT'
2025-05-01 21:39:56 CEST - quant_edge - INFO - Solicitando fundamentales para MFSI con reportType='REPORTS_FIN_STATEMENT'
2025-05-01 21:39:56 CEST - quant_edge - INFO - Solicitando fundamentales para ELIL con reportType='REPORTS_FIN_STATEMENT'
2025-05-01 21:39:56 CEST - quant_edge - INFO - Solicitando fundamentales para MAYP con reportType='REPORTS_FIN_STATEMENT'
2025-05-01 21:39:56 CEST - quant_edge - INFO - Solicitando fundamentales para NVNI con reportType='REPORTS_FIN_STATEMENT'
2025-05-01 21:39:56 CEST - quant_edge - INFO - Solicitando fundamentales para OND con reportType='REPORTS_FIN_STATEMENT'
2025-05-01 21:39:56 CEST - quant_edge - INFO - Solicitando fundamentales para MAYW con reportType='REPORTS_FIN_STATEMENT'
2025-05-01 21:39:56 CEST - quant_edge - INFO - Solicitando fundamentales para MMLG con reportType='REPORTS_FIN_STATEMENT'
2025-05-01 21:39:56 CEST - quant_edge - INFO - Solicitando fundamentales para ZCAR con reportType='REPORTS_FIN_STATEMENT'
2025-05-01 21:39:56 CEST - quant_edge - INFO - Solicitando fundamentales para WEEK con reportType='REPORTS_FIN_STATEMENT'
2025-05-01 21:39:56 CEST - quant_edge - INFO - Solicitando fundamentales para KIDZ con reportType='REPORTS_FIN_STATEMENT'
2025-05-01 21:39:56 CEST - quant_edge - INFO - Solicitando fundamentales para PAPL con reportType='REPORTS_FIN_STATEMENT'
2025-05-01 21:39:56 CEST - quant_edge - INFO - Solicitando fundamentales para DEEF con reportType='REPORTS_FIN_STATEMENT'
2025-05-01 21:39:56 CEST - quant_edge - INFO - Solicitando fundamentales para QBER con reportType='REPORTS_FIN_STATEMENT'
2025-05-01 21:39:56 CEST - quant_edge - INFO - Solicitando fundamentales para CAAA con reportType='REPORTS_FIN_STATEMENT'
2025-05-01 21:39:56 CEST - quant_edge - INFO - Solicitando fundamentales para OGSP con reportType='REPORTS_FIN_STATEMENT'
2025-05-01 21:39:56 CEST - quant_edge - INFO - Solicitando fundamentales para PBMY con reportType='REPORTS_FIN_STATEMENT'
2025-05-01 21:39:56 CEST - quant_edge - INFO - Solicitando fundamentales para KRON con reportType='REPORTS_FIN_STATEMENT'
2025-05-01 21:39:56 CEST - quant_edge - INFO - Solicitando fundamentales para AUGZ con reportType='REPORTS_FIN_STATEMENT'
2025-05-01 21:39:56 CEST - quant_edge - INFO - Solicitando fundamentales para PRXV con reportType='REPORTS_FIN_STATEMENT'
2025-05-01 21:39:56 CEST - quant_edge - INFO - Solicitando fundamentales para VCIC con reportType='REPORTS_FIN_STATEMENT'
2025-05-01 21:39:56 CEST - quant_edge - INFO - Solicitando fundamentales para SEPP con reportType='REPORTS_FIN_STATEMENT'
2025-05-01 21:39:56 CEST - quant_edge - INFO - Solicitando fundamentales para QCML con reportType='REPORTS_FIN_STATEMENT'
2025-05-01 21:39:56 CEST - quant_edge - INFO - Solicitando fundamentales para BACQU con reportType='REPORTS_FIN_STATEMENT'
2025-05-01 21:39:56 CEST - quant_edge - INFO - Solicitando fundamentales para UMAY con reportType='REPORTS_FIN_STATEMENT'
2025-05-01 21:39:56 CEST - quant_edge - INFO - Solicitando fundamentales para FLJJ con reportType='REPORTS_FIN_STATEMENT'
2025-05-01 21:39:56 CEST - quant_edge - INFO - Solicitando fundamentales para SEPT con reportType='REPORTS_FIN_STATEMENT'
2025-05-01 21:39:56 CEST - quant_edge - INFO - Solicitando fundamentales para BNGE con reportType='REPORTS_FIN_STATEMENT'
2025-05-01 21:39:56 CEST - quant_edge - INFO - Solicitando fundamentales para DRCT con reportType='REPORTS_FIN_STATEMENT'
2025-05-01 21:39:56 CEST - quant_edge - INFO - Solicitando fundamentales para AUGW con reportType='REPORTS_FIN_STATEMENT'
2025-05-01 21:39:56 CEST - quant_edge - INFO - Solicitando fundamentales para FLAO con reportType='REPORTS_FIN_STATEMENT'
2025-05-01 21:39:56 CEST - quant_edge - INFO - Solicitando fundamentales para LEGT con reportType='REPORTS_FIN_STATEMENT'
2025-05-01 21:39:56 CEST - quant_edge - INFO - Solicitando fundamentales para XTJL con reportType='REPORTS_FIN_STATEMENT'
2025-05-01 21:39:56 CEST - quant_edge - INFO - Solicitando fundamentales para EQLT con reportType='REPORTS_FIN_STATEMENT'
2025-05-01 21:39:56 CEST - quant_edge - INFO - Solicitando fundamentales para ATNF con reportType='REPORTS_FIN_STATEMENT'
2025-05-01 21:39:56 CEST - quant_edge - INFO - Solicitando fundamentales para HCTI con reportType='REPORTS_FIN_STATEMENT'
2025-05-01 21:39:56 CEST - quant_edge - INFO - Solicitando fundamentales para GPAT con reportType='REPORTS_FIN_STATEMENT'
2025-05-01 21:39:56 CEST - quant_edge - INFO - Solicitando fundamentales para HOOK con reportType='REPORTS_FIN_STATEMENT'
2025-05-01 21:39:56 CEST - quant_edge - INFO - Solicitando fundamentales para PRSO con reportType='REPORTS_FIN_STATEMENT'
2025-05-01 21:39:56 CEST - quant_edge - INFO - Solicitando fundamentales para PXI con reportType='REPORTS_FIN_STATEMENT'
2025-05-01 21:39:56 CEST - quant_edge - INFO - Solicitando fundamentales para BMAY con reportType='REPORTS_FIN_STATEMENT'
2025-05-01 21:39:56 CEST - quant_edge - INFO - Solicitando fundamentales para CDTG con reportType='REPORTS_FIN_STATEMENT'
2025-05-01 21:39:56 CEST - quant_edge - INFO - Solicitando fundamentales para MAYT con reportType='REPORTS_FIN_STATEMENT'
2025-05-01 21:39:56 CEST - quant_edge - INFO - Solicitando fundamentales para MVPL con reportType='REPORTS_FIN_STATEMENT'
2025-05-01 21:39:56 CEST - quant_edge - INFO - Solicitando fundamentales para YJ con reportType='REPORTS_FIN_STATEMENT'
2025-05-01 21:39:56 CEST - quant_edge - INFO - Solicitando fundamentales para MEDX con reportType='REPORTS_FIN_STATEMENT'
2025-05-01 21:39:56 CEST - quant_edge - INFO - Solicitando fundamentales para FLHY con reportType='REPORTS_FIN_STATEMENT'
2025-05-01 21:39:56 CEST - quant_edge - INFO - Solicitando fundamentales para RNAZ con reportType='REPORTS_FIN_STATEMENT'
2025-05-01 21:39:56 CEST - quant_edge - INFO - Solicitando fundamentales para QCLR con reportType='REPORTS_FIN_STATEMENT'
2025-05-01 21:39:56 CEST - quant_edge - INFO - Solicitando fundamentales para DHAI con reportType='REPORTS_FIN_STATEMENT'
2025-05-01 21:39:56 CEST - quant_edge - INFO - Solicitando fundamentales para PRXG con reportType='REPORTS_FIN_STATEMENT'
2025-05-01 21:39:56 CEST - quant_edge - INFO - Solicitando fundamentales para MFSI con reportType='REPORTS_FIN_STATEMENT'
2025-05-01 21:39:56 CEST - quant_edge - INFO - Solicitando fundamentales para ELIL con reportType='REPORTS_FIN_STATEMENT'
2025-05-01 21:39:56 CEST - quant_edge - INFO - Solicitando fundamentales para MAYP con reportType='REPORTS_FIN_STATEMENT'
2025-05-01 21:39:56 CEST - quant_edge - INFO - Solicitando fundamentales para NVNI con reportType='REPORTS_FIN_STATEMENT'
2025-05-01 21:39:56 CEST - quant_edge - INFO - Solicitando fundamentales para OND con reportType='REPORTS_FIN_STATEMENT'
2025-05-01 21:39:56 CEST - quant_edge - INFO - Solicitando fundamentales para MAYW con reportType='REPORTS_FIN_STATEMENT'
2025-05-01 21:39:56 CEST - quant_edge - INFO - Solicitando fundamentales para MMLG con reportType='REPORTS_FIN_STATEMENT'
2025-05-01 21:40:06 CEST - quant_edge - WARNING - Deteniendo estrategia...
2025-05-01 21:40:11 CEST - quant_edge - INFO - Sesión iniciada. Next Order ID: 1
2025-05-01 21:40:11 CEST - quant_edge - INFO - Actualizando universo de acciones...
2025-05-01 21:40:11 CEST - quant_edge - DEBUG - Enviando reqScannerSubscription: {'numberOfRows': -1, 'instrument': 'STK', 'locationCode': 'STK.US.MAJOR', 'scanCode': 'HOT_BY_VOLUME', 'abovePrice': 1.7976931348623157e+308, 'belowPrice': 1.7976931348623157e+308, 'aboveVolume': 2147483647, 'marketCapAbove': 1.7976931348623157e+308, 'marketCapBelow': 1.7976931348623157e+308, 'moodyRatingAbove': '', 'moodyRatingBelow': '', 'spRatingAbove': '', 'spRatingBelow': '', 'maturityDateAbove': '', 'maturityDateBelow': '', 'couponRateAbove': 1.7976931348623157e+308, 'couponRateBelow': 1.7976931348623157e+308, 'excludeConvertible': False, 'averageOptionVolumeAbove': 2147483647, 'scannerSettingPairs': '', 'stockTypeFilter': '', 'avgVolumeAbove': 100000}
2025-05-01 21:40:11 CEST - quant_edge - DEBUG - reqScannerSubscription enviado correctamente
2025-05-01 21:40:12 CEST - quant_edge - DEBUG - Ticker añadido al universo: ZCAR
2025-05-01 21:40:12 CEST - quant_edge - DEBUG - Ticker añadido al universo: WEEK
2025-05-01 21:40:12 CEST - quant_edge - DEBUG - Ticker añadido al universo: KIDZ
2025-05-01 21:40:12 CEST - quant_edge - DEBUG - Ticker añadido al universo: PAPL
2025-05-01 21:40:12 CEST - quant_edge - DEBUG - Ticker añadido al universo: DEEF
2025-05-01 21:40:12 CEST - quant_edge - DEBUG - Ticker añadido al universo: QBER
2025-05-01 21:40:12 CEST - quant_edge - DEBUG - Ticker añadido al universo: CAAA
2025-05-01 21:40:12 CEST - quant_edge - DEBUG - Ticker añadido al universo: OGSP
2025-05-01 21:40:12 CEST - quant_edge - DEBUG - Ticker añadido al universo: PBMY
2025-05-01 21:40:12 CEST - quant_edge - DEBUG - Ticker añadido al universo: KRON
2025-05-01 21:40:12 CEST - quant_edge - DEBUG - Ticker añadido al universo: AUGZ
2025-05-01 21:40:12 CEST - quant_edge - DEBUG - Ticker añadido al universo: PRXV
2025-05-01 21:40:12 CEST - quant_edge - DEBUG - Ticker añadido al universo: VCIC
2025-05-01 21:40:12 CEST - quant_edge - DEBUG - Ticker añadido al universo: SEPP
2025-05-01 21:40:12 CEST - quant_edge - DEBUG - Ticker añadido al universo: QCML
2025-05-01 21:40:12 CEST - quant_edge - DEBUG - Ticker añadido al universo: BACQU
2025-05-01 21:40:12 CEST - quant_edge - DEBUG - Ticker añadido al universo: UMAY
2025-05-01 21:40:12 CEST - quant_edge - DEBUG - Ticker añadido al universo: FLJJ
2025-05-01 21:40:12 CEST - quant_edge - DEBUG - Ticker añadido al universo: SEPT
2025-05-01 21:40:12 CEST - quant_edge - DEBUG - Ticker añadido al universo: BNGE
2025-05-01 21:40:12 CEST - quant_edge - DEBUG - Ticker añadido al universo: DRCT
2025-05-01 21:40:12 CEST - quant_edge - DEBUG - Ticker añadido al universo: AUGW
2025-05-01 21:40:12 CEST - quant_edge - DEBUG - Ticker añadido al universo: FLAO
2025-05-01 21:40:12 CEST - quant_edge - DEBUG - Ticker añadido al universo: LEGT
2025-05-01 21:40:12 CEST - quant_edge - DEBUG - Ticker añadido al universo: XTJL
2025-05-01 21:40:12 CEST - quant_edge - DEBUG - Ticker añadido al universo: EQLT
2025-05-01 21:40:12 CEST - quant_edge - DEBUG - Ticker añadido al universo: ATNF
2025-05-01 21:40:12 CEST - quant_edge - DEBUG - Ticker añadido al universo: HCTI
2025-05-01 21:40:12 CEST - quant_edge - DEBUG - Ticker añadido al universo: GPAT
2025-05-01 21:40:12 CEST - quant_edge - DEBUG - Ticker añadido al universo: HOOK
2025-05-01 21:40:12 CEST - quant_edge - DEBUG - Ticker añadido al universo: PRSO
2025-05-01 21:40:12 CEST - quant_edge - DEBUG - Ticker añadido al universo: PXI
2025-05-01 21:40:12 CEST - quant_edge - DEBUG - Ticker añadido al universo: BMAY
2025-05-01 21:40:12 CEST - quant_edge - DEBUG - Ticker añadido al universo: CDTG
2025-05-01 21:40:12 CEST - quant_edge - DEBUG - Ticker añadido al universo: MAYT
2025-05-01 21:40:12 CEST - quant_edge - DEBUG - Ticker añadido al universo: MVPL
2025-05-01 21:40:12 CEST - quant_edge - DEBUG - Ticker añadido al universo: YJ
2025-05-01 21:40:12 CEST - quant_edge - DEBUG - Ticker añadido al universo: MEDX
2025-05-01 21:40:12 CEST - quant_edge - DEBUG - Ticker añadido al universo: FLHY
2025-05-01 21:40:12 CEST - quant_edge - DEBUG - Ticker añadido al universo: RNAZ
2025-05-01 21:40:12 CEST - quant_edge - DEBUG - Ticker añadido al universo: QCLR
2025-05-01 21:40:12 CEST - quant_edge - DEBUG - Ticker añadido al universo: DHAI
2025-05-01 21:40:12 CEST - quant_edge - DEBUG - Ticker añadido al universo: PRXG
2025-05-01 21:40:12 CEST - quant_edge - DEBUG - Ticker añadido al universo: MFSI
2025-05-01 21:40:12 CEST - quant_edge - DEBUG - Ticker añadido al universo: ELIL
2025-05-01 21:40:12 CEST - quant_edge - DEBUG - Ticker añadido al universo: MAYP
2025-05-01 21:40:12 CEST - quant_edge - DEBUG - Ticker añadido al universo: NVNI
2025-05-01 21:40:12 CEST - quant_edge - DEBUG - Ticker añadido al universo: OND
2025-05-01 21:40:12 CEST - quant_edge - DEBUG - Ticker añadido al universo: MAYW
2025-05-01 21:40:12 CEST - quant_edge - DEBUG - Ticker añadido al universo: MMLG
2025-05-01 21:40:12 CEST - quant_edge - INFO - Universo actualizado. 50 tickers califican.
2025-05-01 21:40:12 CEST - quant_edge - INFO - Solicitando fundamentales para ZCAR con reportType='REPORTS_FIN_STATEMENT'
2025-05-01 21:40:12 CEST - quant_edge - INFO - Solicitando fundamentales para WEEK con reportType='REPORTS_FIN_STATEMENT'
2025-05-01 21:40:12 CEST - quant_edge - INFO - Solicitando fundamentales para KIDZ con reportType='REPORTS_FIN_STATEMENT'
2025-05-01 21:40:12 CEST - quant_edge - INFO - Solicitando fundamentales para PAPL con reportType='REPORTS_FIN_STATEMENT'
2025-05-01 21:40:12 CEST - quant_edge - INFO - Solicitando fundamentales para DEEF con reportType='REPORTS_FIN_STATEMENT'
2025-05-01 21:40:12 CEST - quant_edge - INFO - Solicitando fundamentales para QBER con reportType='REPORTS_FIN_STATEMENT'
2025-05-01 21:40:12 CEST - quant_edge - INFO - Solicitando fundamentales para CAAA con reportType='REPORTS_FIN_STATEMENT'
2025-05-01 21:40:12 CEST - quant_edge - INFO - Solicitando fundamentales para OGSP con reportType='REPORTS_FIN_STATEMENT'
2025-05-01 21:40:12 CEST - quant_edge - INFO - Solicitando fundamentales para PBMY con reportType='REPORTS_FIN_STATEMENT'
2025-05-01 21:40:12 CEST - quant_edge - INFO - Solicitando fundamentales para KRON con reportType='REPORTS_FIN_STATEMENT'
2025-05-01 21:40:12 CEST - quant_edge - INFO - Solicitando fundamentales para AUGZ con reportType='REPORTS_FIN_STATEMENT'
2025-05-01 21:40:12 CEST - quant_edge - INFO - Solicitando fundamentales para PRXV con reportType='REPORTS_FIN_STATEMENT'
2025-05-01 21:40:12 CEST - quant_edge - INFO - Solicitando fundamentales para VCIC con reportType='REPORTS_FIN_STATEMENT'
2025-05-01 21:40:12 CEST - quant_edge - INFO - Solicitando fundamentales para SEPP con reportType='REPORTS_FIN_STATEMENT'
2025-05-01 21:40:12 CEST - quant_edge - INFO - Solicitando fundamentales para QCML con reportType='REPORTS_FIN_STATEMENT'
2025-05-01 21:40:12 CEST - quant_edge - INFO - Solicitando fundamentales para BACQU con reportType='REPORTS_FIN_STATEMENT'
2025-05-01 21:40:12 CEST - quant_edge - INFO - Solicitando fundamentales para UMAY con reportType='REPORTS_FIN_STATEMENT'
2025-05-01 21:40:12 CEST - quant_edge - INFO - Solicitando fundamentales para FLJJ con reportType='REPORTS_FIN_STATEMENT'
2025-05-01 21:40:12 CEST - quant_edge - INFO - Solicitando fundamentales para SEPT con reportType='REPORTS_FIN_STATEMENT'
2025-05-01 21:40:12 CEST - quant_edge - INFO - Solicitando fundamentales para BNGE con reportType='REPORTS_FIN_STATEMENT'
2025-05-01 21:40:12 CEST - quant_edge - INFO - Solicitando fundamentales para DRCT con reportType='REPORTS_FIN_STATEMENT'
2025-05-01 21:40:12 CEST - quant_edge - INFO - Solicitando fundamentales para AUGW con reportType='REPORTS_FIN_STATEMENT'
2025-05-01 21:40:12 CEST - quant_edge - INFO - Solicitando fundamentales para FLAO con reportType='REPORTS_FIN_STATEMENT'
2025-05-01 21:40:12 CEST - quant_edge - INFO - Solicitando fundamentales para LEGT con reportType='REPORTS_FIN_STATEMENT'
2025-05-01 21:40:12 CEST - quant_edge - INFO - Solicitando fundamentales para XTJL con reportType='REPORTS_FIN_STATEMENT'
2025-05-01 21:40:12 CEST - quant_edge - INFO - Solicitando fundamentales para EQLT con reportType='REPORTS_FIN_STATEMENT'
2025-05-01 21:40:12 CEST - quant_edge - INFO - Solicitando fundamentales para ATNF con reportType='REPORTS_FIN_STATEMENT'
2025-05-01 21:40:12 CEST - quant_edge - INFO - Solicitando fundamentales para HCTI con reportType='REPORTS_FIN_STATEMENT'
2025-05-01 21:40:12 CEST - quant_edge - INFO - Solicitando fundamentales para GPAT con reportType='REPORTS_FIN_STATEMENT'
2025-05-01 21:40:12 CEST - quant_edge - INFO - Solicitando fundamentales para HOOK con reportType='REPORTS_FIN_STATEMENT'
2025-05-01 21:40:12 CEST - quant_edge - INFO - Solicitando fundamentales para PRSO con reportType='REPORTS_FIN_STATEMENT'
2025-05-01 21:40:12 CEST - quant_edge - INFO - Solicitando fundamentales para PXI con reportType='REPORTS_FIN_STATEMENT'
2025-05-01 21:40:12 CEST - quant_edge - INFO - Solicitando fundamentales para BMAY con reportType='REPORTS_FIN_STATEMENT'
2025-05-01 21:40:12 CEST - quant_edge - INFO - Solicitando fundamentales para CDTG con reportType='REPORTS_FIN_STATEMENT'
2025-05-01 21:40:12 CEST - quant_edge - INFO - Solicitando fundamentales para MAYT con reportType='REPORTS_FIN_STATEMENT'
2025-05-01 21:40:12 CEST - quant_edge - INFO - Solicitando fundamentales para MVPL con reportType='REPORTS_FIN_STATEMENT'
2025-05-01 21:40:12 CEST - quant_edge - INFO - Solicitando fundamentales para YJ con reportType='REPORTS_FIN_STATEMENT'
2025-05-01 21:40:12 CEST - quant_edge - INFO - Solicitando fundamentales para MEDX con reportType='REPORTS_FIN_STATEMENT'
2025-05-01 21:40:12 CEST - quant_edge - INFO - Solicitando fundamentales para FLHY con reportType='REPORTS_FIN_STATEMENT'
2025-05-01 21:40:12 CEST - quant_edge - INFO - Solicitando fundamentales para RNAZ con reportType='REPORTS_FIN_STATEMENT'
2025-05-01 21:40:12 CEST - quant_edge - INFO - Solicitando fundamentales para QCLR con reportType='REPORTS_FIN_STATEMENT'
2025-05-01 21:40:12 CEST - quant_edge - INFO - Solicitando fundamentales para DHAI con reportType='REPORTS_FIN_STATEMENT'
2025-05-01 21:40:12 CEST - quant_edge - INFO - Solicitando fundamentales para PRXG con reportType='REPORTS_FIN_STATEMENT'
2025-05-01 21:40:12 CEST - quant_edge - INFO - Solicitando fundamentales para MFSI con reportType='REPORTS_FIN_STATEMENT'
2025-05-01 21:40:12 CEST - quant_edge - INFO - Solicitando fundamentales para ELIL con reportType='REPORTS_FIN_STATEMENT'
2025-05-01 21:40:12 CEST - quant_edge - INFO - Solicitando fundamentales para MAYP con reportType='REPORTS_FIN_STATEMENT'
2025-05-01 21:40:12 CEST - quant_edge - INFO - Solicitando fundamentales para NVNI con reportType='REPORTS_FIN_STATEMENT'
2025-05-01 21:40:12 CEST - quant_edge - INFO - Solicitando fundamentales para OND con reportType='REPORTS_FIN_STATEMENT'
2025-05-01 21:40:12 CEST - quant_edge - INFO - Solicitando fundamentales para MAYW con reportType='REPORTS_FIN_STATEMENT'
2025-05-01 21:40:12 CEST - quant_edge - INFO - Solicitando fundamentales para MMLG con reportType='REPORTS_FIN_STATEMENT'
2025-05-01 21:40:39 CEST - quant_edge - DEBUG - Ticker añadido al universo: ZCAR
2025-05-01 21:40:39 CEST - quant_edge - DEBUG - Ticker añadido al universo: WEEK
2025-05-01 21:40:39 CEST - quant_edge - DEBUG - Ticker añadido al universo: KIDZ
2025-05-01 21:40:39 CEST - quant_edge - DEBUG - Ticker añadido al universo: PAPL
2025-05-01 21:40:39 CEST - quant_edge - DEBUG - Ticker añadido al universo: DEEF
2025-05-01 21:40:39 CEST - quant_edge - DEBUG - Ticker añadido al universo: QBER
2025-05-01 21:40:39 CEST - quant_edge - DEBUG - Ticker añadido al universo: CAAA
2025-05-01 21:40:39 CEST - quant_edge - DEBUG - Ticker añadido al universo: OGSP
2025-05-01 21:40:39 CEST - quant_edge - DEBUG - Ticker añadido al universo: PBMY
2025-05-01 21:40:39 CEST - quant_edge - DEBUG - Ticker añadido al universo: KRON
2025-05-01 21:40:39 CEST - quant_edge - DEBUG - Ticker añadido al universo: AUGZ
2025-05-01 21:40:39 CEST - quant_edge - DEBUG - Ticker añadido al universo: PRXV
2025-05-01 21:40:39 CEST - quant_edge - DEBUG - Ticker añadido al universo: VCIC
2025-05-01 21:40:39 CEST - quant_edge - DEBUG - Ticker añadido al universo: SEPP
2025-05-01 21:40:39 CEST - quant_edge - DEBUG - Ticker añadido al universo: QCML
2025-05-01 21:40:39 CEST - quant_edge - DEBUG - Ticker añadido al universo: BACQU
2025-05-01 21:40:39 CEST - quant_edge - DEBUG - Ticker añadido al universo: UMAY
2025-05-01 21:40:39 CEST - quant_edge - DEBUG - Ticker añadido al universo: FLJJ
2025-05-01 21:40:39 CEST - quant_edge - DEBUG - Ticker añadido al universo: SEPT
2025-05-01 21:40:39 CEST - quant_edge - DEBUG - Ticker añadido al universo: BNGE
2025-05-01 21:40:39 CEST - quant_edge - DEBUG - Ticker añadido al universo: DRCT
2025-05-01 21:40:39 CEST - quant_edge - DEBUG - Ticker añadido al universo: AUGW
2025-05-01 21:40:39 CEST - quant_edge - DEBUG - Ticker añadido al universo: FLAO
2025-05-01 21:40:39 CEST - quant_edge - DEBUG - Ticker añadido al universo: LEGT
2025-05-01 21:40:39 CEST - quant_edge - DEBUG - Ticker añadido al universo: XTJL
2025-05-01 21:40:39 CEST - quant_edge - DEBUG - Ticker añadido al universo: EQLT
2025-05-01 21:40:39 CEST - quant_edge - DEBUG - Ticker añadido al universo: ATNF
2025-05-01 21:40:39 CEST - quant_edge - DEBUG - Ticker añadido al universo: HCTI
2025-05-01 21:40:39 CEST - quant_edge - DEBUG - Ticker añadido al universo: GPAT
2025-05-01 21:40:39 CEST - quant_edge - DEBUG - Ticker añadido al universo: HOOK
2025-05-01 21:40:39 CEST - quant_edge - DEBUG - Ticker añadido al universo: PRSO
2025-05-01 21:40:39 CEST - quant_edge - DEBUG - Ticker añadido al universo: PXI
2025-05-01 21:40:39 CEST - quant_edge - DEBUG - Ticker añadido al universo: BMAY
2025-05-01 21:40:39 CEST - quant_edge - DEBUG - Ticker añadido al universo: CDTG
2025-05-01 21:40:39 CEST - quant_edge - DEBUG - Ticker añadido al universo: MAYT
2025-05-01 21:40:39 CEST - quant_edge - DEBUG - Ticker añadido al universo: MVPL
2025-05-01 21:40:39 CEST - quant_edge - DEBUG - Ticker añadido al universo: YJ
2025-05-01 21:40:39 CEST - quant_edge - DEBUG - Ticker añadido al universo: MEDX
2025-05-01 21:40:39 CEST - quant_edge - DEBUG - Ticker añadido al universo: FLHY
2025-05-01 21:40:39 CEST - quant_edge - DEBUG - Ticker añadido al universo: RNAZ
2025-05-01 21:40:39 CEST - quant_edge - DEBUG - Ticker añadido al universo: QCLR
2025-05-01 21:40:39 CEST - quant_edge - DEBUG - Ticker añadido al universo: DHAI
2025-05-01 21:40:39 CEST - quant_edge - DEBUG - Ticker añadido al universo: PRXG
2025-05-01 21:40:39 CEST - quant_edge - DEBUG - Ticker añadido al universo: MFSI
2025-05-01 21:40:39 CEST - quant_edge - DEBUG - Ticker añadido al universo: ELIL
2025-05-01 21:40:39 CEST - quant_edge - DEBUG - Ticker añadido al universo: MAYP
2025-05-01 21:40:39 CEST - quant_edge - DEBUG - Ticker añadido al universo: NVNI
2025-05-01 21:40:39 CEST - quant_edge - DEBUG - Ticker añadido al universo: OND
2025-05-01 21:40:39 CEST - quant_edge - DEBUG - Ticker añadido al universo: MAYW
2025-05-01 21:40:39 CEST - quant_edge - DEBUG - Ticker añadido al universo: MMLG
2025-05-01 21:40:39 CEST - quant_edge - INFO - Universo actualizado. 100 tickers califican.
2025-05-01 21:40:39 CEST - quant_edge - INFO - Solicitando fundamentales para ZCAR con reportType='REPORTS_FIN_STATEMENT'
2025-05-01 21:40:39 CEST - quant_edge - INFO - Solicitando fundamentales para WEEK con reportType='REPORTS_FIN_STATEMENT'
2025-05-01 21:40:39 CEST - quant_edge - INFO - Solicitando fundamentales para KIDZ con reportType='REPORTS_FIN_STATEMENT'
2025-05-01 21:40:39 CEST - quant_edge - INFO - Solicitando fundamentales para PAPL con reportType='REPORTS_FIN_STATEMENT'
2025-05-01 21:40:39 CEST - quant_edge - INFO - Solicitando fundamentales para DEEF con reportType='REPORTS_FIN_STATEMENT'
2025-05-01 21:40:39 CEST - quant_edge - INFO - Solicitando fundamentales para QBER con reportType='REPORTS_FIN_STATEMENT'
2025-05-01 21:40:39 CEST - quant_edge - INFO - Solicitando fundamentales para CAAA con reportType='REPORTS_FIN_STATEMENT'
2025-05-01 21:40:39 CEST - quant_edge - INFO - Solicitando fundamentales para OGSP con reportType='REPORTS_FIN_STATEMENT'
2025-05-01 21:40:39 CEST - quant_edge - INFO - Solicitando fundamentales para PBMY con reportType='REPORTS_FIN_STATEMENT'
2025-05-01 21:40:39 CEST - quant_edge - INFO - Solicitando fundamentales para KRON con reportType='REPORTS_FIN_STATEMENT'
2025-05-01 21:40:39 CEST - quant_edge - INFO - Solicitando fundamentales para AUGZ con reportType='REPORTS_FIN_STATEMENT'
2025-05-01 21:40:39 CEST - quant_edge - INFO - Solicitando fundamentales para PRXV con reportType='REPORTS_FIN_STATEMENT'
2025-05-01 21:40:39 CEST - quant_edge - INFO - Solicitando fundamentales para VCIC con reportType='REPORTS_FIN_STATEMENT'
2025-05-01 21:40:39 CEST - quant_edge - INFO - Solicitando fundamentales para SEPP con reportType='REPORTS_FIN_STATEMENT'
2025-05-01 21:40:39 CEST - quant_edge - INFO - Solicitando fundamentales para QCML con reportType='REPORTS_FIN_STATEMENT'
2025-05-01 21:40:39 CEST - quant_edge - INFO - Solicitando fundamentales para BACQU con reportType='REPORTS_FIN_STATEMENT'
2025-05-01 21:40:39 CEST - quant_edge - INFO - Solicitando fundamentales para UMAY con reportType='REPORTS_FIN_STATEMENT'
2025-05-01 21:40:39 CEST - quant_edge - INFO - Solicitando fundamentales para FLJJ con reportType='REPORTS_FIN_STATEMENT'
2025-05-01 21:40:39 CEST - quant_edge - INFO - Solicitando fundamentales para SEPT con reportType='REPORTS_FIN_STATEMENT'
2025-05-01 21:40:39 CEST - quant_edge - INFO - Solicitando fundamentales para BNGE con reportType='REPORTS_FIN_STATEMENT'
2025-05-01 21:40:39 CEST - quant_edge - INFO - Solicitando fundamentales para DRCT con reportType='REPORTS_FIN_STATEMENT'
2025-05-01 21:40:39 CEST - quant_edge - INFO - Solicitando fundamentales para AUGW con reportType='REPORTS_FIN_STATEMENT'
2025-05-01 21:40:39 CEST - quant_edge - INFO - Solicitando fundamentales para FLAO con reportType='REPORTS_FIN_STATEMENT'
2025-05-01 21:40:39 CEST - quant_edge - INFO - Solicitando fundamentales para LEGT con reportType='REPORTS_FIN_STATEMENT'
2025-05-01 21:40:39 CEST - quant_edge - INFO - Solicitando fundamentales para XTJL con reportType='REPORTS_FIN_STATEMENT'
2025-05-01 21:40:39 CEST - quant_edge - INFO - Solicitando fundamentales para EQLT con reportType='REPORTS_FIN_STATEMENT'
2025-05-01 21:40:39 CEST - quant_edge - INFO - Solicitando fundamentales para ATNF con reportType='REPORTS_FIN_STATEMENT'
2025-05-01 21:40:39 CEST - quant_edge - INFO - Solicitando fundamentales para HCTI con reportType='REPORTS_FIN_STATEMENT'
2025-05-01 21:40:39 CEST - quant_edge - INFO - Solicitando fundamentales para GPAT con reportType='REPORTS_FIN_STATEMENT'
2025-05-01 21:40:39 CEST - quant_edge - INFO - Solicitando fundamentales para HOOK con reportType='REPORTS_FIN_STATEMENT'
2025-05-01 21:40:39 CEST - quant_edge - INFO - Solicitando fundamentales para PRSO con reportType='REPORTS_FIN_STATEMENT'
2025-05-01 21:40:39 CEST - quant_edge - INFO - Solicitando fundamentales para PXI con reportType='REPORTS_FIN_STATEMENT'
2025-05-01 21:40:39 CEST - quant_edge - INFO - Solicitando fundamentales para BMAY con reportType='REPORTS_FIN_STATEMENT'
2025-05-01 21:40:39 CEST - quant_edge - INFO - Solicitando fundamentales para CDTG con reportType='REPORTS_FIN_STATEMENT'
2025-05-01 21:40:39 CEST - quant_edge - INFO - Solicitando fundamentales para MAYT con reportType='REPORTS_FIN_STATEMENT'
2025-05-01 21:40:39 CEST - quant_edge - INFO - Solicitando fundamentales para MVPL con reportType='REPORTS_FIN_STATEMENT'
2025-05-01 21:40:39 CEST - quant_edge - INFO - Solicitando fundamentales para YJ con reportType='REPORTS_FIN_STATEMENT'
2025-05-01 21:40:39 CEST - quant_edge - INFO - Solicitando fundamentales para MEDX con reportType='REPORTS_FIN_STATEMENT'
2025-05-01 21:40:39 CEST - quant_edge - INFO - Solicitando fundamentales para FLHY con reportType='REPORTS_FIN_STATEMENT'
2025-05-01 21:40:39 CEST - quant_edge - INFO - Solicitando fundamentales para RNAZ con reportType='REPORTS_FIN_STATEMENT'
2025-05-01 21:40:39 CEST - quant_edge - INFO - Solicitando fundamentales para QCLR con reportType='REPORTS_FIN_STATEMENT'
2025-05-01 21:40:39 CEST - quant_edge - INFO - Solicitando fundamentales para DHAI con reportType='REPORTS_FIN_STATEMENT'
2025-05-01 21:40:39 CEST - quant_edge - INFO - Solicitando fundamentales para PRXG con reportType='REPORTS_FIN_STATEMENT'
2025-05-01 21:40:39 CEST - quant_edge - INFO - Solicitando fundamentales para MFSI con reportType='REPORTS_FIN_STATEMENT'
2025-05-01 21:40:39 CEST - quant_edge - INFO - Solicitando fundamentales para ELIL con reportType='REPORTS_FIN_STATEMENT'
2025-05-01 21:40:39 CEST - quant_edge - INFO - Solicitando fundamentales para MAYP con reportType='REPORTS_FIN_STATEMENT'
2025-05-01 21:40:39 CEST - quant_edge - INFO - Solicitando fundamentales para NVNI con reportType='REPORTS_FIN_STATEMENT'
2025-05-01 21:40:39 CEST - quant_edge - INFO - Solicitando fundamentales para OND con reportType='REPORTS_FIN_STATEMENT'
2025-05-01 21:40:39 CEST - quant_edge - INFO - Solicitando fundamentales para MAYW con reportType='REPORTS_FIN_STATEMENT'
2025-05-01 21:40:39 CEST - quant_edge - INFO - Solicitando fundamentales para MMLG con reportType='REPORTS_FIN_STATEMENT'
2025-05-01 21:40:39 CEST - quant_edge - INFO - Solicitando fundamentales para ZCAR con reportType='REPORTS_FIN_STATEMENT'
2025-05-01 21:40:39 CEST - quant_edge - INFO - Solicitando fundamentales para WEEK con reportType='REPORTS_FIN_STATEMENT'
2025-05-01 21:40:39 CEST - quant_edge - INFO - Solicitando fundamentales para KIDZ con reportType='REPORTS_FIN_STATEMENT'
2025-05-01 21:40:39 CEST - quant_edge - INFO - Solicitando fundamentales para PAPL con reportType='REPORTS_FIN_STATEMENT'
2025-05-01 21:40:39 CEST - quant_edge - INFO - Solicitando fundamentales para DEEF con reportType='REPORTS_FIN_STATEMENT'
2025-05-01 21:40:39 CEST - quant_edge - INFO - Solicitando fundamentales para QBER con reportType='REPORTS_FIN_STATEMENT'
2025-05-01 21:40:39 CEST - quant_edge - INFO - Solicitando fundamentales para CAAA con reportType='REPORTS_FIN_STATEMENT'
2025-05-01 21:40:39 CEST - quant_edge - INFO - Solicitando fundamentales para OGSP con reportType='REPORTS_FIN_STATEMENT'
2025-05-01 21:40:39 CEST - quant_edge - INFO - Solicitando fundamentales para PBMY con reportType='REPORTS_FIN_STATEMENT'
2025-05-01 21:40:39 CEST - quant_edge - INFO - Solicitando fundamentales para KRON con reportType='REPORTS_FIN_STATEMENT'
2025-05-01 21:40:39 CEST - quant_edge - INFO - Solicitando fundamentales para AUGZ con reportType='REPORTS_FIN_STATEMENT'
2025-05-01 21:40:39 CEST - quant_edge - INFO - Solicitando fundamentales para PRXV con reportType='REPORTS_FIN_STATEMENT'
2025-05-01 21:40:39 CEST - quant_edge - INFO - Solicitando fundamentales para VCIC con reportType='REPORTS_FIN_STATEMENT'
2025-05-01 21:40:39 CEST - quant_edge - INFO - Solicitando fundamentales para SEPP con reportType='REPORTS_FIN_STATEMENT'
2025-05-01 21:40:39 CEST - quant_edge - INFO - Solicitando fundamentales para QCML con reportType='REPORTS_FIN_STATEMENT'
2025-05-01 21:40:39 CEST - quant_edge - INFO - Solicitando fundamentales para BACQU con reportType='REPORTS_FIN_STATEMENT'
2025-05-01 21:40:39 CEST - quant_edge - INFO - Solicitando fundamentales para UMAY con reportType='REPORTS_FIN_STATEMENT'
2025-05-01 21:40:39 CEST - quant_edge - INFO - Solicitando fundamentales para FLJJ con reportType='REPORTS_FIN_STATEMENT'
2025-05-01 21:40:39 CEST - quant_edge - INFO - Solicitando fundamentales para SEPT con reportType='REPORTS_FIN_STATEMENT'
2025-05-01 21:40:39 CEST - quant_edge - INFO - Solicitando fundamentales para BNGE con reportType='REPORTS_FIN_STATEMENT'
2025-05-01 21:40:39 CEST - quant_edge - INFO - Solicitando fundamentales para DRCT con reportType='REPORTS_FIN_STATEMENT'
2025-05-01 21:40:39 CEST - quant_edge - INFO - Solicitando fundamentales para AUGW con reportType='REPORTS_FIN_STATEMENT'
2025-05-01 21:40:39 CEST - quant_edge - INFO - Solicitando fundamentales para FLAO con reportType='REPORTS_FIN_STATEMENT'
2025-05-01 21:40:39 CEST - quant_edge - INFO - Solicitando fundamentales para LEGT con reportType='REPORTS_FIN_STATEMENT'
2025-05-01 21:40:39 CEST - quant_edge - INFO - Solicitando fundamentales para XTJL con reportType='REPORTS_FIN_STATEMENT'
2025-05-01 21:40:39 CEST - quant_edge - INFO - Solicitando fundamentales para EQLT con reportType='REPORTS_FIN_STATEMENT'
2025-05-01 21:40:39 CEST - quant_edge - INFO - Solicitando fundamentales para ATNF con reportType='REPORTS_FIN_STATEMENT'
2025-05-01 21:40:39 CEST - quant_edge - INFO - Solicitando fundamentales para HCTI con reportType='REPORTS_FIN_STATEMENT'
2025-05-01 21:40:39 CEST - quant_edge - INFO - Solicitando fundamentales para GPAT con reportType='REPORTS_FIN_STATEMENT'
2025-05-01 21:40:39 CEST - quant_edge - INFO - Solicitando fundamentales para HOOK con reportType='REPORTS_FIN_STATEMENT'
2025-05-01 21:40:39 CEST - quant_edge - INFO - Solicitando fundamentales para PRSO con reportType='REPORTS_FIN_STATEMENT'
2025-05-01 21:40:39 CEST - quant_edge - INFO - Solicitando fundamentales para PXI con reportType='REPORTS_FIN_STATEMENT'
2025-05-01 21:40:39 CEST - quant_edge - INFO - Solicitando fundamentales para BMAY con reportType='REPORTS_FIN_STATEMENT'
2025-05-01 21:40:39 CEST - quant_edge - INFO - Solicitando fundamentales para CDTG con reportType='REPORTS_FIN_STATEMENT'
2025-05-01 21:40:39 CEST - quant_edge - INFO - Solicitando fundamentales para MAYT con reportType='REPORTS_FIN_STATEMENT'
2025-05-01 21:40:39 CEST - quant_edge - INFO - Solicitando fundamentales para MVPL con reportType='REPORTS_FIN_STATEMENT'
2025-05-01 21:40:39 CEST - quant_edge - INFO - Solicitando fundamentales para YJ con reportType='REPORTS_FIN_STATEMENT'
2025-05-01 21:40:39 CEST - quant_edge - INFO - Solicitando fundamentales para MEDX con reportType='REPORTS_FIN_STATEMENT'
2025-05-01 21:40:39 CEST - quant_edge - INFO - Solicitando fundamentales para FLHY con reportType='REPORTS_FIN_STATEMENT'
2025-05-01 21:40:39 CEST - quant_edge - INFO - Solicitando fundamentales para RNAZ con reportType='REPORTS_FIN_STATEMENT'
2025-05-01 21:40:39 CEST - quant_edge - INFO - Solicitando fundamentales para QCLR con reportType='REPORTS_FIN_STATEMENT'
2025-05-01 21:40:39 CEST - quant_edge - INFO - Solicitando fundamentales para DHAI con reportType='REPORTS_FIN_STATEMENT'
2025-05-01 21:40:39 CEST - quant_edge - INFO - Solicitando fundamentales para PRXG con reportType='REPORTS_FIN_STATEMENT'
2025-05-01 21:40:39 CEST - quant_edge - INFO - Solicitando fundamentales para MFSI con reportType='REPORTS_FIN_STATEMENT'
2025-05-01 21:40:39 CEST - quant_edge - INFO - Solicitando fundamentales para ELIL con reportType='REPORTS_FIN_STATEMENT'
2025-05-01 21:40:39 CEST - quant_edge - INFO - Solicitando fundamentales para MAYP con reportType='REPORTS_FIN_STATEMENT'
2025-05-01 21:40:39 CEST - quant_edge - INFO - Solicitando fundamentales para NVNI con reportType='REPORTS_FIN_STATEMENT'
2025-05-01 21:40:39 CEST - quant_edge - INFO - Solicitando fundamentales para OND con reportType='REPORTS_FIN_STATEMENT'
2025-05-01 21:40:39 CEST - quant_edge - INFO - Solicitando fundamentales para MAYW con reportType='REPORTS_FIN_STATEMENT'
2025-05-01 21:40:39 CEST - quant_edge - INFO - Solicitando fundamentales para MMLG con reportType='REPORTS_FIN_STATEMENT'
2025-05-01 21:40:45 CEST - quant_edge - WARNING - Deteniendo estrategia...
2025-05-01 21:41:05 CEST - quant_edge - INFO - Sesión iniciada. Next Order ID: 1
2025-05-01 21:41:05 CEST - quant_edge - INFO - Actualizando universo de acciones...
2025-05-01 21:41:05 CEST - quant_edge - DEBUG - Enviando reqScannerSubscription: {'numberOfRows': -1, 'instrument': 'STK', 'locationCode': 'STK.US.MAJOR', 'scanCode': 'HOT_BY_VOLUME', 'abovePrice': 1.7976931348623157e+308, 'belowPrice': 1.7976931348623157e+308, 'aboveVolume': 2147483647, 'marketCapAbove': 1.7976931348623157e+308, 'marketCapBelow': 1.7976931348623157e+308, 'moodyRatingAbove': '', 'moodyRatingBelow': '', 'spRatingAbove': '', 'spRatingBelow': '', 'maturityDateAbove': '', 'maturityDateBelow': '', 'couponRateAbove': 1.7976931348623157e+308, 'couponRateBelow': 1.7976931348623157e+308, 'excludeConvertible': False, 'averageOptionVolumeAbove': 2147483647, 'scannerSettingPairs': '', 'stockTypeFilter': '', 'avgVolumeAbove': 100000}
2025-05-01 21:41:05 CEST - quant_edge - DEBUG - reqScannerSubscription enviado correctamente
2025-05-01 21:41:06 CEST - quant_edge - DEBUG - Ticker añadido al universo: ZCAR
2025-05-01 21:41:06 CEST - quant_edge - DEBUG - Ticker añadido al universo: WEEK
2025-05-01 21:41:06 CEST - quant_edge - DEBUG - Ticker añadido al universo: KIDZ
2025-05-01 21:41:06 CEST - quant_edge - DEBUG - Ticker añadido al universo: PAPL
2025-05-01 21:41:06 CEST - quant_edge - DEBUG - Ticker añadido al universo: DEEF
2025-05-01 21:41:06 CEST - quant_edge - DEBUG - Ticker añadido al universo: QBER
2025-05-01 21:41:06 CEST - quant_edge - DEBUG - Ticker añadido al universo: CAAA
2025-05-01 21:41:06 CEST - quant_edge - DEBUG - Ticker añadido al universo: OGSP
2025-05-01 21:41:06 CEST - quant_edge - DEBUG - Ticker añadido al universo: PBMY
2025-05-01 21:41:06 CEST - quant_edge - DEBUG - Ticker añadido al universo: KRON
2025-05-01 21:41:06 CEST - quant_edge - DEBUG - Ticker añadido al universo: AUGZ
2025-05-01 21:41:06 CEST - quant_edge - DEBUG - Ticker añadido al universo: PRXV
2025-05-01 21:41:06 CEST - quant_edge - DEBUG - Ticker añadido al universo: VCIC
2025-05-01 21:41:06 CEST - quant_edge - DEBUG - Ticker añadido al universo: SEPP
2025-05-01 21:41:06 CEST - quant_edge - DEBUG - Ticker añadido al universo: QCML
2025-05-01 21:41:06 CEST - quant_edge - DEBUG - Ticker añadido al universo: BACQU
2025-05-01 21:41:06 CEST - quant_edge - DEBUG - Ticker añadido al universo: UMAY
2025-05-01 21:41:06 CEST - quant_edge - DEBUG - Ticker añadido al universo: FLJJ
2025-05-01 21:41:06 CEST - quant_edge - DEBUG - Ticker añadido al universo: SEPT
2025-05-01 21:41:06 CEST - quant_edge - DEBUG - Ticker añadido al universo: BNGE
2025-05-01 21:41:06 CEST - quant_edge - DEBUG - Ticker añadido al universo: DRCT
2025-05-01 21:41:06 CEST - quant_edge - DEBUG - Ticker añadido al universo: AUGW
2025-05-01 21:41:06 CEST - quant_edge - DEBUG - Ticker añadido al universo: FLAO
2025-05-01 21:41:06 CEST - quant_edge - DEBUG - Ticker añadido al universo: LEGT
2025-05-01 21:41:06 CEST - quant_edge - DEBUG - Ticker añadido al universo: XTJL
2025-05-01 21:41:06 CEST - quant_edge - DEBUG - Ticker añadido al universo: EQLT
2025-05-01 21:41:06 CEST - quant_edge - DEBUG - Ticker añadido al universo: ATNF
2025-05-01 21:41:06 CEST - quant_edge - DEBUG - Ticker añadido al universo: HCTI
2025-05-01 21:41:06 CEST - quant_edge - DEBUG - Ticker añadido al universo: GPAT
2025-05-01 21:41:06 CEST - quant_edge - DEBUG - Ticker añadido al universo: HOOK
2025-05-01 21:41:06 CEST - quant_edge - DEBUG - Ticker añadido al universo: PRSO
2025-05-01 21:41:06 CEST - quant_edge - DEBUG - Ticker añadido al universo: PXI
2025-05-01 21:41:06 CEST - quant_edge - DEBUG - Ticker añadido al universo: BMAY
2025-05-01 21:41:06 CEST - quant_edge - DEBUG - Ticker añadido al universo: CDTG
2025-05-01 21:41:06 CEST - quant_edge - DEBUG - Ticker añadido al universo: MAYT
2025-05-01 21:41:06 CEST - quant_edge - DEBUG - Ticker añadido al universo: MVPL
2025-05-01 21:41:06 CEST - quant_edge - DEBUG - Ticker añadido al universo: YJ
2025-05-01 21:41:06 CEST - quant_edge - DEBUG - Ticker añadido al universo: FLHY
2025-05-01 21:41:06 CEST - quant_edge - DEBUG - Ticker añadido al universo: MEDX
2025-05-01 21:41:06 CEST - quant_edge - DEBUG - Ticker añadido al universo: RNAZ
2025-05-01 21:41:06 CEST - quant_edge - DEBUG - Ticker añadido al universo: QCLR
2025-05-01 21:41:06 CEST - quant_edge - DEBUG - Ticker añadido al universo: DHAI
2025-05-01 21:41:06 CEST - quant_edge - DEBUG - Ticker añadido al universo: PRXG
2025-05-01 21:41:06 CEST - quant_edge - DEBUG - Ticker añadido al universo: MFSI
2025-05-01 21:41:06 CEST - quant_edge - DEBUG - Ticker añadido al universo: ELIL
2025-05-01 21:41:06 CEST - quant_edge - DEBUG - Ticker añadido al universo: MAYP
2025-05-01 21:41:06 CEST - quant_edge - DEBUG - Ticker añadido al universo: NVNI
2025-05-01 21:41:06 CEST - quant_edge - DEBUG - Ticker añadido al universo: OND
2025-05-01 21:41:06 CEST - quant_edge - DEBUG - Ticker añadido al universo: MAYW
2025-05-01 21:41:06 CEST - quant_edge - DEBUG - Ticker añadido al universo: MMLG
2025-05-01 21:41:06 CEST - quant_edge - INFO - Universo actualizado. 50 tickers califican.
2025-05-01 21:41:06 CEST - quant_edge - INFO - Solicitando fundamentales para ZCAR con reportType='REPORTS_FIN_STATEMENT'
2025-05-01 21:41:06 CEST - quant_edge - INFO - Solicitando fundamentales para WEEK con reportType='REPORTS_FIN_STATEMENT'
2025-05-01 21:41:06 CEST - quant_edge - INFO - Solicitando fundamentales para KIDZ con reportType='REPORTS_FIN_STATEMENT'
2025-05-01 21:41:06 CEST - quant_edge - INFO - Solicitando fundamentales para PAPL con reportType='REPORTS_FIN_STATEMENT'
2025-05-01 21:41:06 CEST - quant_edge - INFO - Solicitando fundamentales para DEEF con reportType='REPORTS_FIN_STATEMENT'
2025-05-01 21:41:06 CEST - quant_edge - INFO - Solicitando fundamentales para QBER con reportType='REPORTS_FIN_STATEMENT'
2025-05-01 21:41:06 CEST - quant_edge - INFO - Solicitando fundamentales para CAAA con reportType='REPORTS_FIN_STATEMENT'
2025-05-01 21:41:06 CEST - quant_edge - INFO - Solicitando fundamentales para OGSP con reportType='REPORTS_FIN_STATEMENT'
2025-05-01 21:41:06 CEST - quant_edge - INFO - Solicitando fundamentales para PBMY con reportType='REPORTS_FIN_STATEMENT'
2025-05-01 21:41:06 CEST - quant_edge - INFO - Solicitando fundamentales para KRON con reportType='REPORTS_FIN_STATEMENT'
2025-05-01 21:41:06 CEST - quant_edge - INFO - Solicitando fundamentales para AUGZ con reportType='REPORTS_FIN_STATEMENT'
2025-05-01 21:41:06 CEST - quant_edge - INFO - Solicitando fundamentales para PRXV con reportType='REPORTS_FIN_STATEMENT'
2025-05-01 21:41:06 CEST - quant_edge - INFO - Solicitando fundamentales para VCIC con reportType='REPORTS_FIN_STATEMENT'
2025-05-01 21:41:06 CEST - quant_edge - INFO - Solicitando fundamentales para SEPP con reportType='REPORTS_FIN_STATEMENT'
2025-05-01 21:41:06 CEST - quant_edge - INFO - Solicitando fundamentales para QCML con reportType='REPORTS_FIN_STATEMENT'
2025-05-01 21:41:06 CEST - quant_edge - INFO - Solicitando fundamentales para BACQU con reportType='REPORTS_FIN_STATEMENT'
2025-05-01 21:41:06 CEST - quant_edge - INFO - Solicitando fundamentales para UMAY con reportType='REPORTS_FIN_STATEMENT'
2025-05-01 21:41:06 CEST - quant_edge - INFO - Solicitando fundamentales para FLJJ con reportType='REPORTS_FIN_STATEMENT'
2025-05-01 21:41:06 CEST - quant_edge - INFO - Solicitando fundamentales para SEPT con reportType='REPORTS_FIN_STATEMENT'
2025-05-01 21:41:06 CEST - quant_edge - INFO - Solicitando fundamentales para BNGE con reportType='REPORTS_FIN_STATEMENT'
2025-05-01 21:41:06 CEST - quant_edge - INFO - Solicitando fundamentales para DRCT con reportType='REPORTS_FIN_STATEMENT'
2025-05-01 21:41:06 CEST - quant_edge - INFO - Solicitando fundamentales para AUGW con reportType='REPORTS_FIN_STATEMENT'
2025-05-01 21:41:06 CEST - quant_edge - INFO - Solicitando fundamentales para FLAO con reportType='REPORTS_FIN_STATEMENT'
2025-05-01 21:41:06 CEST - quant_edge - INFO - Solicitando fundamentales para LEGT con reportType='REPORTS_FIN_STATEMENT'
2025-05-01 21:41:06 CEST - quant_edge - INFO - Solicitando fundamentales para XTJL con reportType='REPORTS_FIN_STATEMENT'
2025-05-01 21:41:06 CEST - quant_edge - INFO - Solicitando fundamentales para EQLT con reportType='REPORTS_FIN_STATEMENT'
2025-05-01 21:41:06 CEST - quant_edge - INFO - Solicitando fundamentales para ATNF con reportType='REPORTS_FIN_STATEMENT'
2025-05-01 21:41:06 CEST - quant_edge - INFO - Solicitando fundamentales para HCTI con reportType='REPORTS_FIN_STATEMENT'
2025-05-01 21:41:06 CEST - quant_edge - INFO - Solicitando fundamentales para GPAT con reportType='REPORTS_FIN_STATEMENT'
2025-05-01 21:41:06 CEST - quant_edge - INFO - Solicitando fundamentales para HOOK con reportType='REPORTS_FIN_STATEMENT'
2025-05-01 21:41:06 CEST - quant_edge - INFO - Solicitando fundamentales para PRSO con reportType='REPORTS_FIN_STATEMENT'
2025-05-01 21:41:06 CEST - quant_edge - INFO - Solicitando fundamentales para PXI con reportType='REPORTS_FIN_STATEMENT'
2025-05-01 21:41:06 CEST - quant_edge - INFO - Solicitando fundamentales para BMAY con reportType='REPORTS_FIN_STATEMENT'
2025-05-01 21:41:06 CEST - quant_edge - INFO - Solicitando fundamentales para CDTG con reportType='REPORTS_FIN_STATEMENT'
2025-05-01 21:41:06 CEST - quant_edge - INFO - Solicitando fundamentales para MAYT con reportType='REPORTS_FIN_STATEMENT'
2025-05-01 21:41:06 CEST - quant_edge - INFO - Solicitando fundamentales para MVPL con reportType='REPORTS_FIN_STATEMENT'
2025-05-01 21:41:06 CEST - quant_edge - INFO - Solicitando fundamentales para YJ con reportType='REPORTS_FIN_STATEMENT'
2025-05-01 21:41:06 CEST - quant_edge - INFO - Solicitando fundamentales para FLHY con reportType='REPORTS_FIN_STATEMENT'
2025-05-01 21:41:06 CEST - quant_edge - INFO - Solicitando fundamentales para MEDX con reportType='REPORTS_FIN_STATEMENT'
2025-05-01 21:41:06 CEST - quant_edge - INFO - Solicitando fundamentales para RNAZ con reportType='REPORTS_FIN_STATEMENT'
2025-05-01 21:41:06 CEST - quant_edge - INFO - Solicitando fundamentales para QCLR con reportType='REPORTS_FIN_STATEMENT'
2025-05-01 21:41:06 CEST - quant_edge - INFO - Solicitando fundamentales para DHAI con reportType='REPORTS_FIN_STATEMENT'
2025-05-01 21:41:06 CEST - quant_edge - INFO - Solicitando fundamentales para PRXG con reportType='REPORTS_FIN_STATEMENT'
2025-05-01 21:41:06 CEST - quant_edge - INFO - Solicitando fundamentales para MFSI con reportType='REPORTS_FIN_STATEMENT'
2025-05-01 21:41:06 CEST - quant_edge - INFO - Solicitando fundamentales para ELIL con reportType='REPORTS_FIN_STATEMENT'
2025-05-01 21:41:06 CEST - quant_edge - INFO - Solicitando fundamentales para MAYP con reportType='REPORTS_FIN_STATEMENT'
2025-05-01 21:41:06 CEST - quant_edge - INFO - Solicitando fundamentales para NVNI con reportType='REPORTS_FIN_STATEMENT'
2025-05-01 21:41:06 CEST - quant_edge - INFO - Solicitando fundamentales para OND con reportType='REPORTS_FIN_STATEMENT'
2025-05-01 21:41:06 CEST - quant_edge - INFO - Solicitando fundamentales para MAYW con reportType='REPORTS_FIN_STATEMENT'
2025-05-01 21:41:06 CEST - quant_edge - INFO - Solicitando fundamentales para MMLG con reportType='REPORTS_FIN_STATEMENT'
2025-05-01 21:41:39 CEST - quant_edge - DEBUG - Ticker añadido al universo: ZCAR
2025-05-01 21:41:39 CEST - quant_edge - DEBUG - Ticker añadido al universo: WEEK
2025-05-01 21:41:39 CEST - quant_edge - DEBUG - Ticker añadido al universo: KIDZ
2025-05-01 21:41:39 CEST - quant_edge - DEBUG - Ticker añadido al universo: PAPL
2025-05-01 21:41:39 CEST - quant_edge - DEBUG - Ticker añadido al universo: DEEF
2025-05-01 21:41:39 CEST - quant_edge - DEBUG - Ticker añadido al universo: QBER
2025-05-01 21:41:39 CEST - quant_edge - DEBUG - Ticker añadido al universo: CAAA
2025-05-01 21:41:39 CEST - quant_edge - DEBUG - Ticker añadido al universo: OGSP
2025-05-01 21:41:39 CEST - quant_edge - DEBUG - Ticker añadido al universo: PBMY
2025-05-01 21:41:39 CEST - quant_edge - DEBUG - Ticker añadido al universo: KRON
2025-05-01 21:41:39 CEST - quant_edge - DEBUG - Ticker añadido al universo: AUGZ
2025-05-01 21:41:39 CEST - quant_edge - DEBUG - Ticker añadido al universo: PRXV
2025-05-01 21:41:39 CEST - quant_edge - DEBUG - Ticker añadido al universo: VCIC
2025-05-01 21:41:39 CEST - quant_edge - DEBUG - Ticker añadido al universo: SEPP
2025-05-01 21:41:39 CEST - quant_edge - DEBUG - Ticker añadido al universo: QCML
2025-05-01 21:41:39 CEST - quant_edge - DEBUG - Ticker añadido al universo: BACQU
2025-05-01 21:41:39 CEST - quant_edge - DEBUG - Ticker añadido al universo: UMAY
2025-05-01 21:41:39 CEST - quant_edge - DEBUG - Ticker añadido al universo: FLJJ
2025-05-01 21:41:39 CEST - quant_edge - DEBUG - Ticker añadido al universo: SEPT
2025-05-01 21:41:39 CEST - quant_edge - DEBUG - Ticker añadido al universo: BNGE
2025-05-01 21:41:39 CEST - quant_edge - DEBUG - Ticker añadido al universo: DRCT
2025-05-01 21:41:39 CEST - quant_edge - DEBUG - Ticker añadido al universo: AUGW
2025-05-01 21:41:39 CEST - quant_edge - DEBUG - Ticker añadido al universo: FLAO
2025-05-01 21:41:39 CEST - quant_edge - DEBUG - Ticker añadido al universo: LEGT
2025-05-01 21:41:39 CEST - quant_edge - DEBUG - Ticker añadido al universo: XTJL
2025-05-01 21:41:39 CEST - quant_edge - DEBUG - Ticker añadido al universo: EQLT
2025-05-01 21:41:39 CEST - quant_edge - DEBUG - Ticker añadido al universo: ATNF
2025-05-01 21:41:39 CEST - quant_edge - DEBUG - Ticker añadido al universo: HCTI
2025-05-01 21:41:39 CEST - quant_edge - DEBUG - Ticker añadido al universo: GPAT
2025-05-01 21:41:39 CEST - quant_edge - DEBUG - Ticker añadido al universo: HOOK
2025-05-01 21:41:39 CEST - quant_edge - DEBUG - Ticker añadido al universo: PRSO
2025-05-01 21:41:39 CEST - quant_edge - DEBUG - Ticker añadido al universo: PXI
2025-05-01 21:41:39 CEST - quant_edge - DEBUG - Ticker añadido al universo: BMAY
2025-05-01 21:41:39 CEST - quant_edge - DEBUG - Ticker añadido al universo: CDTG
2025-05-01 21:41:39 CEST - quant_edge - DEBUG - Ticker añadido al universo: MAYT
2025-05-01 21:41:39 CEST - quant_edge - DEBUG - Ticker añadido al universo: MVPL
2025-05-01 21:41:39 CEST - quant_edge - DEBUG - Ticker añadido al universo: YJ
2025-05-01 21:41:39 CEST - quant_edge - DEBUG - Ticker añadido al universo: FLHY
2025-05-01 21:41:39 CEST - quant_edge - DEBUG - Ticker añadido al universo: MEDX
2025-05-01 21:41:39 CEST - quant_edge - DEBUG - Ticker añadido al universo: RNAZ
2025-05-01 21:41:39 CEST - quant_edge - DEBUG - Ticker añadido al universo: QCLR
2025-05-01 21:41:39 CEST - quant_edge - DEBUG - Ticker añadido al universo: DHAI
2025-05-01 21:41:39 CEST - quant_edge - DEBUG - Ticker añadido al universo: PRXG
2025-05-01 21:41:39 CEST - quant_edge - DEBUG - Ticker añadido al universo: MFSI
2025-05-01 21:41:39 CEST - quant_edge - DEBUG - Ticker añadido al universo: ELIL
2025-05-01 21:41:39 CEST - quant_edge - DEBUG - Ticker añadido al universo: MAYP
2025-05-01 21:41:39 CEST - quant_edge - DEBUG - Ticker añadido al universo: NVNI
2025-05-01 21:41:39 CEST - quant_edge - DEBUG - Ticker añadido al universo: OND
2025-05-01 21:41:39 CEST - quant_edge - DEBUG - Ticker añadido al universo: MAYW
2025-05-01 21:41:39 CEST - quant_edge - DEBUG - Ticker añadido al universo: MMLG
2025-05-01 21:41:39 CEST - quant_edge - INFO - Universo actualizado. 100 tickers califican.
2025-05-01 21:41:39 CEST - quant_edge - INFO - Solicitando fundamentales para ZCAR con reportType='REPORTS_FIN_STATEMENT'
2025-05-01 21:41:39 CEST - quant_edge - INFO - Solicitando fundamentales para WEEK con reportType='REPORTS_FIN_STATEMENT'
2025-05-01 21:41:39 CEST - quant_edge - INFO - Solicitando fundamentales para KIDZ con reportType='REPORTS_FIN_STATEMENT'
2025-05-01 21:41:39 CEST - quant_edge - INFO - Solicitando fundamentales para PAPL con reportType='REPORTS_FIN_STATEMENT'
2025-05-01 21:41:39 CEST - quant_edge - INFO - Solicitando fundamentales para DEEF con reportType='REPORTS_FIN_STATEMENT'
2025-05-01 21:41:39 CEST - quant_edge - INFO - Solicitando fundamentales para QBER con reportType='REPORTS_FIN_STATEMENT'
2025-05-01 21:41:39 CEST - quant_edge - INFO - Solicitando fundamentales para CAAA con reportType='REPORTS_FIN_STATEMENT'
2025-05-01 21:41:39 CEST - quant_edge - INFO - Solicitando fundamentales para OGSP con reportType='REPORTS_FIN_STATEMENT'
2025-05-01 21:41:39 CEST - quant_edge - INFO - Solicitando fundamentales para PBMY con reportType='REPORTS_FIN_STATEMENT'
2025-05-01 21:41:39 CEST - quant_edge - INFO - Solicitando fundamentales para KRON con reportType='REPORTS_FIN_STATEMENT'
2025-05-01 21:41:39 CEST - quant_edge - INFO - Solicitando fundamentales para AUGZ con reportType='REPORTS_FIN_STATEMENT'
2025-05-01 21:41:39 CEST - quant_edge - INFO - Solicitando fundamentales para PRXV con reportType='REPORTS_FIN_STATEMENT'
2025-05-01 21:41:39 CEST - quant_edge - INFO - Solicitando fundamentales para VCIC con reportType='REPORTS_FIN_STATEMENT'
2025-05-01 21:41:39 CEST - quant_edge - INFO - Solicitando fundamentales para SEPP con reportType='REPORTS_FIN_STATEMENT'
2025-05-01 21:41:39 CEST - quant_edge - INFO - Solicitando fundamentales para QCML con reportType='REPORTS_FIN_STATEMENT'
2025-05-01 21:41:39 CEST - quant_edge - INFO - Solicitando fundamentales para BACQU con reportType='REPORTS_FIN_STATEMENT'
2025-05-01 21:41:39 CEST - quant_edge - INFO - Solicitando fundamentales para UMAY con reportType='REPORTS_FIN_STATEMENT'
2025-05-01 21:41:39 CEST - quant_edge - INFO - Solicitando fundamentales para FLJJ con reportType='REPORTS_FIN_STATEMENT'
2025-05-01 21:41:39 CEST - quant_edge - INFO - Solicitando fundamentales para SEPT con reportType='REPORTS_FIN_STATEMENT'
2025-05-01 21:41:39 CEST - quant_edge - INFO - Solicitando fundamentales para BNGE con reportType='REPORTS_FIN_STATEMENT'
2025-05-01 21:41:39 CEST - quant_edge - INFO - Solicitando fundamentales para DRCT con reportType='REPORTS_FIN_STATEMENT'
2025-05-01 21:41:39 CEST - quant_edge - INFO - Solicitando fundamentales para AUGW con reportType='REPORTS_FIN_STATEMENT'
2025-05-01 21:41:39 CEST - quant_edge - INFO - Solicitando fundamentales para FLAO con reportType='REPORTS_FIN_STATEMENT'
2025-05-01 21:41:39 CEST - quant_edge - INFO - Solicitando fundamentales para LEGT con reportType='REPORTS_FIN_STATEMENT'
2025-05-01 21:41:39 CEST - quant_edge - INFO - Solicitando fundamentales para XTJL con reportType='REPORTS_FIN_STATEMENT'
2025-05-01 21:41:39 CEST - quant_edge - INFO - Solicitando fundamentales para EQLT con reportType='REPORTS_FIN_STATEMENT'
2025-05-01 21:41:39 CEST - quant_edge - INFO - Solicitando fundamentales para ATNF con reportType='REPORTS_FIN_STATEMENT'
2025-05-01 21:41:39 CEST - quant_edge - INFO - Solicitando fundamentales para HCTI con reportType='REPORTS_FIN_STATEMENT'
2025-05-01 21:41:39 CEST - quant_edge - INFO - Solicitando fundamentales para GPAT con reportType='REPORTS_FIN_STATEMENT'
2025-05-01 21:41:39 CEST - quant_edge - INFO - Solicitando fundamentales para HOOK con reportType='REPORTS_FIN_STATEMENT'
2025-05-01 21:41:39 CEST - quant_edge - INFO - Solicitando fundamentales para PRSO con reportType='REPORTS_FIN_STATEMENT'
2025-05-01 21:41:39 CEST - quant_edge - INFO - Solicitando fundamentales para PXI con reportType='REPORTS_FIN_STATEMENT'
2025-05-01 21:41:39 CEST - quant_edge - INFO - Solicitando fundamentales para BMAY con reportType='REPORTS_FIN_STATEMENT'
2025-05-01 21:41:39 CEST - quant_edge - INFO - Solicitando fundamentales para CDTG con reportType='REPORTS_FIN_STATEMENT'
2025-05-01 21:41:39 CEST - quant_edge - INFO - Solicitando fundamentales para MAYT con reportType='REPORTS_FIN_STATEMENT'
2025-05-01 21:41:39 CEST - quant_edge - INFO - Solicitando fundamentales para MVPL con reportType='REPORTS_FIN_STATEMENT'
2025-05-01 21:41:39 CEST - quant_edge - INFO - Solicitando fundamentales para YJ con reportType='REPORTS_FIN_STATEMENT'
2025-05-01 21:41:39 CEST - quant_edge - INFO - Solicitando fundamentales para FLHY con reportType='REPORTS_FIN_STATEMENT'
2025-05-01 21:41:39 CEST - quant_edge - INFO - Solicitando fundamentales para MEDX con reportType='REPORTS_FIN_STATEMENT'
2025-05-01 21:41:39 CEST - quant_edge - INFO - Solicitando fundamentales para RNAZ con reportType='REPORTS_FIN_STATEMENT'
2025-05-01 21:41:39 CEST - quant_edge - INFO - Solicitando fundamentales para QCLR con reportType='REPORTS_FIN_STATEMENT'
2025-05-01 21:41:39 CEST - quant_edge - INFO - Solicitando fundamentales para DHAI con reportType='REPORTS_FIN_STATEMENT'
2025-05-01 21:41:39 CEST - quant_edge - INFO - Solicitando fundamentales para PRXG con reportType='REPORTS_FIN_STATEMENT'
2025-05-01 21:41:39 CEST - quant_edge - INFO - Solicitando fundamentales para MFSI con reportType='REPORTS_FIN_STATEMENT'
2025-05-01 21:41:39 CEST - quant_edge - INFO - Solicitando fundamentales para ELIL con reportType='REPORTS_FIN_STATEMENT'
2025-05-01 21:41:39 CEST - quant_edge - INFO - Solicitando fundamentales para MAYP con reportType='REPORTS_FIN_STATEMENT'
2025-05-01 21:41:39 CEST - quant_edge - INFO - Solicitando fundamentales para NVNI con reportType='REPORTS_FIN_STATEMENT'
2025-05-01 21:41:39 CEST - quant_edge - INFO - Solicitando fundamentales para OND con reportType='REPORTS_FIN_STATEMENT'
2025-05-01 21:41:39 CEST - quant_edge - INFO - Solicitando fundamentales para MAYW con reportType='REPORTS_FIN_STATEMENT'
2025-05-01 21:41:39 CEST - quant_edge - INFO - Solicitando fundamentales para MMLG con reportType='REPORTS_FIN_STATEMENT'
2025-05-01 21:41:39 CEST - quant_edge - INFO - Solicitando fundamentales para ZCAR con reportType='REPORTS_FIN_STATEMENT'
2025-05-01 21:41:39 CEST - quant_edge - INFO - Solicitando fundamentales para WEEK con reportType='REPORTS_FIN_STATEMENT'
2025-05-01 21:41:39 CEST - quant_edge - INFO - Solicitando fundamentales para KIDZ con reportType='REPORTS_FIN_STATEMENT'
2025-05-01 21:41:39 CEST - quant_edge - INFO - Solicitando fundamentales para PAPL con reportType='REPORTS_FIN_STATEMENT'
2025-05-01 21:41:39 CEST - quant_edge - INFO - Solicitando fundamentales para DEEF con reportType='REPORTS_FIN_STATEMENT'
2025-05-01 21:41:39 CEST - quant_edge - INFO - Solicitando fundamentales para QBER con reportType='REPORTS_FIN_STATEMENT'
2025-05-01 21:41:39 CEST - quant_edge - INFO - Solicitando fundamentales para CAAA con reportType='REPORTS_FIN_STATEMENT'
2025-05-01 21:41:39 CEST - quant_edge - INFO - Solicitando fundamentales para OGSP con reportType='REPORTS_FIN_STATEMENT'
2025-05-01 21:41:39 CEST - quant_edge - INFO - Solicitando fundamentales para PBMY con reportType='REPORTS_FIN_STATEMENT'
2025-05-01 21:41:39 CEST - quant_edge - INFO - Solicitando fundamentales para KRON con reportType='REPORTS_FIN_STATEMENT'
2025-05-01 21:41:39 CEST - quant_edge - INFO - Solicitando fundamentales para AUGZ con reportType='REPORTS_FIN_STATEMENT'
2025-05-01 21:41:39 CEST - quant_edge - INFO - Solicitando fundamentales para PRXV con reportType='REPORTS_FIN_STATEMENT'
2025-05-01 21:41:39 CEST - quant_edge - INFO - Solicitando fundamentales para VCIC con reportType='REPORTS_FIN_STATEMENT'
2025-05-01 21:41:39 CEST - quant_edge - INFO - Solicitando fundamentales para SEPP con reportType='REPORTS_FIN_STATEMENT'
2025-05-01 21:41:39 CEST - quant_edge - INFO - Solicitando fundamentales para QCML con reportType='REPORTS_FIN_STATEMENT'
2025-05-01 21:41:39 CEST - quant_edge - INFO - Solicitando fundamentales para BACQU con reportType='REPORTS_FIN_STATEMENT'
2025-05-01 21:41:39 CEST - quant_edge - INFO - Solicitando fundamentales para UMAY con reportType='REPORTS_FIN_STATEMENT'
2025-05-01 21:41:39 CEST - quant_edge - INFO - Solicitando fundamentales para FLJJ con reportType='REPORTS_FIN_STATEMENT'
2025-05-01 21:41:39 CEST - quant_edge - INFO - Solicitando fundamentales para SEPT con reportType='REPORTS_FIN_STATEMENT'
2025-05-01 21:41:39 CEST - quant_edge - INFO - Solicitando fundamentales para BNGE con reportType='REPORTS_FIN_STATEMENT'
2025-05-01 21:41:39 CEST - quant_edge - INFO - Solicitando fundamentales para DRCT con reportType='REPORTS_FIN_STATEMENT'
2025-05-01 21:41:39 CEST - quant_edge - INFO - Solicitando fundamentales para AUGW con reportType='REPORTS_FIN_STATEMENT'
2025-05-01 21:41:39 CEST - quant_edge - INFO - Solicitando fundamentales para FLAO con reportType='REPORTS_FIN_STATEMENT'
2025-05-01 21:41:39 CEST - quant_edge - INFO - Solicitando fundamentales para LEGT con reportType='REPORTS_FIN_STATEMENT'
2025-05-01 21:41:39 CEST - quant_edge - INFO - Solicitando fundamentales para XTJL con reportType='REPORTS_FIN_STATEMENT'
2025-05-01 21:41:39 CEST - quant_edge - INFO - Solicitando fundamentales para EQLT con reportType='REPORTS_FIN_STATEMENT'
2025-05-01 21:41:39 CEST - quant_edge - INFO - Solicitando fundamentales para ATNF con reportType='REPORTS_FIN_STATEMENT'
2025-05-01 21:41:39 CEST - quant_edge - INFO - Solicitando fundamentales para HCTI con reportType='REPORTS_FIN_STATEMENT'
2025-05-01 21:41:39 CEST - quant_edge - INFO - Solicitando fundamentales para GPAT con reportType='REPORTS_FIN_STATEMENT'
2025-05-01 21:41:39 CEST - quant_edge - INFO - Solicitando fundamentales para HOOK con reportType='REPORTS_FIN_STATEMENT'
2025-05-01 21:41:39 CEST - quant_edge - INFO - Solicitando fundamentales para PRSO con reportType='REPORTS_FIN_STATEMENT'
2025-05-01 21:41:39 CEST - quant_edge - INFO - Solicitando fundamentales para PXI con reportType='REPORTS_FIN_STATEMENT'
2025-05-01 21:41:39 CEST - quant_edge - INFO - Solicitando fundamentales para BMAY con reportType='REPORTS_FIN_STATEMENT'
2025-05-01 21:41:39 CEST - quant_edge - INFO - Solicitando fundamentales para CDTG con reportType='REPORTS_FIN_STATEMENT'
2025-05-01 21:41:39 CEST - quant_edge - INFO - Solicitando fundamentales para MAYT con reportType='REPORTS_FIN_STATEMENT'
2025-05-01 21:41:39 CEST - quant_edge - INFO - Solicitando fundamentales para MVPL con reportType='REPORTS_FIN_STATEMENT'
2025-05-01 21:41:39 CEST - quant_edge - INFO - Solicitando fundamentales para YJ con reportType='REPORTS_FIN_STATEMENT'
2025-05-01 21:41:39 CEST - quant_edge - INFO - Solicitando fundamentales para FLHY con reportType='REPORTS_FIN_STATEMENT'
2025-05-01 21:41:39 CEST - quant_edge - INFO - Solicitando fundamentales para MEDX con reportType='REPORTS_FIN_STATEMENT'
2025-05-01 21:41:39 CEST - quant_edge - INFO - Solicitando fundamentales para RNAZ con reportType='REPORTS_FIN_STATEMENT'
2025-05-01 21:41:39 CEST - quant_edge - INFO - Solicitando fundamentales para QCLR con reportType='REPORTS_FIN_STATEMENT'
2025-05-01 21:41:39 CEST - quant_edge - INFO - Solicitando fundamentales para DHAI con reportType='REPORTS_FIN_STATEMENT'
2025-05-01 21:41:39 CEST - quant_edge - INFO - Solicitando fundamentales para PRXG con reportType='REPORTS_FIN_STATEMENT'
2025-05-01 21:41:39 CEST - quant_edge - INFO - Solicitando fundamentales para MFSI con reportType='REPORTS_FIN_STATEMENT'
2025-05-01 21:41:39 CEST - quant_edge - INFO - Solicitando fundamentales para ELIL con reportType='REPORTS_FIN_STATEMENT'
2025-05-01 21:41:39 CEST - quant_edge - INFO - Solicitando fundamentales para MAYP con reportType='REPORTS_FIN_STATEMENT'
2025-05-01 21:41:39 CEST - quant_edge - INFO - Solicitando fundamentales para NVNI con reportType='REPORTS_FIN_STATEMENT'
2025-05-01 21:41:39 CEST - quant_edge - INFO - Solicitando fundamentales para OND con reportType='REPORTS_FIN_STATEMENT'
2025-05-01 21:41:39 CEST - quant_edge - INFO - Solicitando fundamentales para MAYW con reportType='REPORTS_FIN_STATEMENT'
2025-05-01 21:41:39 CEST - quant_edge - INFO - Solicitando fundamentales para MMLG con reportType='REPORTS_FIN_STATEMENT'
2025-05-01 21:42:02 CEST - quant_edge - WARNING - Deteniendo estrategia...
2025-05-01 21:42:06 CEST - quant_edge - INFO - Sesión iniciada. Next Order ID: 1
2025-05-01 21:42:06 CEST - quant_edge - INFO - Actualizando universo de acciones...
2025-05-01 21:42:06 CEST - quant_edge - DEBUG - Enviando reqScannerSubscription: {'numberOfRows': -1, 'instrument': 'STK', 'locationCode': 'STK.US.MAJOR', 'scanCode': 'HOT_BY_VOLUME', 'abovePrice': 1.7976931348623157e+308, 'belowPrice': 1.7976931348623157e+308, 'aboveVolume': 2147483647, 'marketCapAbove': 1.7976931348623157e+308, 'marketCapBelow': 1.7976931348623157e+308, 'moodyRatingAbove': '', 'moodyRatingBelow': '', 'spRatingAbove': '', 'spRatingBelow': '', 'maturityDateAbove': '', 'maturityDateBelow': '', 'couponRateAbove': 1.7976931348623157e+308, 'couponRateBelow': 1.7976931348623157e+308, 'excludeConvertible': False, 'averageOptionVolumeAbove': 2147483647, 'scannerSettingPairs': '', 'stockTypeFilter': '', 'avgVolumeAbove': 100000}
2025-05-01 21:42:06 CEST - quant_edge - DEBUG - reqScannerSubscription enviado correctamente
2025-05-01 21:42:07 CEST - quant_edge - DEBUG - Ticker añadido al universo: ZCAR
2025-05-01 21:42:07 CEST - quant_edge - DEBUG - Ticker añadido al universo: WEEK
2025-05-01 21:42:07 CEST - quant_edge - DEBUG - Ticker añadido al universo: KIDZ
2025-05-01 21:42:07 CEST - quant_edge - DEBUG - Ticker añadido al universo: PAPL
2025-05-01 21:42:07 CEST - quant_edge - DEBUG - Ticker añadido al universo: DEEF
2025-05-01 21:42:07 CEST - quant_edge - DEBUG - Ticker añadido al universo: QBER
2025-05-01 21:42:07 CEST - quant_edge - DEBUG - Ticker añadido al universo: CAAA
2025-05-01 21:42:07 CEST - quant_edge - DEBUG - Ticker añadido al universo: OGSP
2025-05-01 21:42:07 CEST - quant_edge - DEBUG - Ticker añadido al universo: PBMY
2025-05-01 21:42:07 CEST - quant_edge - DEBUG - Ticker añadido al universo: KRON
2025-05-01 21:42:07 CEST - quant_edge - DEBUG - Ticker añadido al universo: AUGZ
2025-05-01 21:42:07 CEST - quant_edge - DEBUG - Ticker añadido al universo: PRXV
2025-05-01 21:42:07 CEST - quant_edge - DEBUG - Ticker añadido al universo: VCIC
2025-05-01 21:42:07 CEST - quant_edge - DEBUG - Ticker añadido al universo: SEPP
2025-05-01 21:42:07 CEST - quant_edge - DEBUG - Ticker añadido al universo: QCML
2025-05-01 21:42:07 CEST - quant_edge - DEBUG - Ticker añadido al universo: BACQU
2025-05-01 21:42:07 CEST - quant_edge - DEBUG - Ticker añadido al universo: UMAY
2025-05-01 21:42:07 CEST - quant_edge - DEBUG - Ticker añadido al universo: FLJJ
2025-05-01 21:42:07 CEST - quant_edge - DEBUG - Ticker añadido al universo: SEPT
2025-05-01 21:42:07 CEST - quant_edge - DEBUG - Ticker añadido al universo: BNGE
2025-05-01 21:42:07 CEST - quant_edge - DEBUG - Ticker añadido al universo: DRCT
2025-05-01 21:42:07 CEST - quant_edge - DEBUG - Ticker añadido al universo: AUGW
2025-05-01 21:42:07 CEST - quant_edge - DEBUG - Ticker añadido al universo: FLAO
2025-05-01 21:42:07 CEST - quant_edge - DEBUG - Ticker añadido al universo: LEGT
2025-05-01 21:42:07 CEST - quant_edge - DEBUG - Ticker añadido al universo: XTJL
2025-05-01 21:42:07 CEST - quant_edge - DEBUG - Ticker añadido al universo: EQLT
2025-05-01 21:42:07 CEST - quant_edge - DEBUG - Ticker añadido al universo: ATNF
2025-05-01 21:42:07 CEST - quant_edge - DEBUG - Ticker añadido al universo: HCTI
2025-05-01 21:42:07 CEST - quant_edge - DEBUG - Ticker añadido al universo: HOOK
2025-05-01 21:42:07 CEST - quant_edge - DEBUG - Ticker añadido al universo: GPAT
2025-05-01 21:42:07 CEST - quant_edge - DEBUG - Ticker añadido al universo: PRSO
2025-05-01 21:42:07 CEST - quant_edge - DEBUG - Ticker añadido al universo: PXI
2025-05-01 21:42:07 CEST - quant_edge - DEBUG - Ticker añadido al universo: BMAY
2025-05-01 21:42:07 CEST - quant_edge - DEBUG - Ticker añadido al universo: CDTG
2025-05-01 21:42:07 CEST - quant_edge - DEBUG - Ticker añadido al universo: MAYT
2025-05-01 21:42:07 CEST - quant_edge - DEBUG - Ticker añadido al universo: MVPL
2025-05-01 21:42:07 CEST - quant_edge - DEBUG - Ticker añadido al universo: YJ
2025-05-01 21:42:07 CEST - quant_edge - DEBUG - Ticker añadido al universo: FLHY
2025-05-01 21:42:07 CEST - quant_edge - DEBUG - Ticker añadido al universo: MEDX
2025-05-01 21:42:07 CEST - quant_edge - DEBUG - Ticker añadido al universo: RNAZ
2025-05-01 21:42:07 CEST - quant_edge - DEBUG - Ticker añadido al universo: QCLR
2025-05-01 21:42:07 CEST - quant_edge - DEBUG - Ticker añadido al universo: DHAI
2025-05-01 21:42:07 CEST - quant_edge - DEBUG - Ticker añadido al universo: PRXG
2025-05-01 21:42:07 CEST - quant_edge - DEBUG - Ticker añadido al universo: MFSI
2025-05-01 21:42:07 CEST - quant_edge - DEBUG - Ticker añadido al universo: ELIL
2025-05-01 21:42:07 CEST - quant_edge - DEBUG - Ticker añadido al universo: MAYP
2025-05-01 21:42:07 CEST - quant_edge - DEBUG - Ticker añadido al universo: NVNI
2025-05-01 21:42:07 CEST - quant_edge - DEBUG - Ticker añadido al universo: OND
2025-05-01 21:42:07 CEST - quant_edge - DEBUG - Ticker añadido al universo: MAYW
2025-05-01 21:42:07 CEST - quant_edge - DEBUG - Ticker añadido al universo: MMLG
2025-05-01 21:42:07 CEST - quant_edge - INFO - Universo actualizado. 50 tickers califican.
2025-05-01 21:42:07 CEST - quant_edge - INFO - Solicitando fundamentales para ZCAR con reportType='REPORTS_FIN_STATEMENT'
2025-05-01 21:42:07 CEST - quant_edge - INFO - Solicitando fundamentales para WEEK con reportType='REPORTS_FIN_STATEMENT'
2025-05-01 21:42:07 CEST - quant_edge - INFO - Solicitando fundamentales para KIDZ con reportType='REPORTS_FIN_STATEMENT'
2025-05-01 21:42:07 CEST - quant_edge - INFO - Solicitando fundamentales para PAPL con reportType='REPORTS_FIN_STATEMENT'
2025-05-01 21:42:07 CEST - quant_edge - INFO - Solicitando fundamentales para DEEF con reportType='REPORTS_FIN_STATEMENT'
2025-05-01 21:42:07 CEST - quant_edge - INFO - Solicitando fundamentales para QBER con reportType='REPORTS_FIN_STATEMENT'
2025-05-01 21:42:07 CEST - quant_edge - INFO - Solicitando fundamentales para CAAA con reportType='REPORTS_FIN_STATEMENT'
2025-05-01 21:42:07 CEST - quant_edge - INFO - Solicitando fundamentales para OGSP con reportType='REPORTS_FIN_STATEMENT'
2025-05-01 21:42:07 CEST - quant_edge - INFO - Solicitando fundamentales para PBMY con reportType='REPORTS_FIN_STATEMENT'
2025-05-01 21:42:07 CEST - quant_edge - INFO - Solicitando fundamentales para KRON con reportType='REPORTS_FIN_STATEMENT'
2025-05-01 21:42:07 CEST - quant_edge - INFO - Solicitando fundamentales para AUGZ con reportType='REPORTS_FIN_STATEMENT'
2025-05-01 21:42:07 CEST - quant_edge - INFO - Solicitando fundamentales para PRXV con reportType='REPORTS_FIN_STATEMENT'
2025-05-01 21:42:07 CEST - quant_edge - INFO - Solicitando fundamentales para VCIC con reportType='REPORTS_FIN_STATEMENT'
2025-05-01 21:42:07 CEST - quant_edge - INFO - Solicitando fundamentales para SEPP con reportType='REPORTS_FIN_STATEMENT'
2025-05-01 21:42:07 CEST - quant_edge - INFO - Solicitando fundamentales para QCML con reportType='REPORTS_FIN_STATEMENT'
2025-05-01 21:42:07 CEST - quant_edge - INFO - Solicitando fundamentales para BACQU con reportType='REPORTS_FIN_STATEMENT'
2025-05-01 21:42:07 CEST - quant_edge - INFO - Solicitando fundamentales para UMAY con reportType='REPORTS_FIN_STATEMENT'
2025-05-01 21:42:07 CEST - quant_edge - INFO - Solicitando fundamentales para FLJJ con reportType='REPORTS_FIN_STATEMENT'
2025-05-01 21:42:07 CEST - quant_edge - INFO - Solicitando fundamentales para SEPT con reportType='REPORTS_FIN_STATEMENT'
2025-05-01 21:42:07 CEST - quant_edge - INFO - Solicitando fundamentales para BNGE con reportType='REPORTS_FIN_STATEMENT'
2025-05-01 21:42:07 CEST - quant_edge - INFO - Solicitando fundamentales para DRCT con reportType='REPORTS_FIN_STATEMENT'
2025-05-01 21:42:07 CEST - quant_edge - INFO - Solicitando fundamentales para AUGW con reportType='REPORTS_FIN_STATEMENT'
2025-05-01 21:42:07 CEST - quant_edge - INFO - Solicitando fundamentales para FLAO con reportType='REPORTS_FIN_STATEMENT'
2025-05-01 21:42:07 CEST - quant_edge - INFO - Solicitando fundamentales para LEGT con reportType='REPORTS_FIN_STATEMENT'
2025-05-01 21:42:07 CEST - quant_edge - INFO - Solicitando fundamentales para XTJL con reportType='REPORTS_FIN_STATEMENT'
2025-05-01 21:42:07 CEST - quant_edge - INFO - Solicitando fundamentales para EQLT con reportType='REPORTS_FIN_STATEMENT'
2025-05-01 21:42:07 CEST - quant_edge - INFO - Solicitando fundamentales para ATNF con reportType='REPORTS_FIN_STATEMENT'
2025-05-01 21:42:07 CEST - quant_edge - INFO - Solicitando fundamentales para HCTI con reportType='REPORTS_FIN_STATEMENT'
2025-05-01 21:42:07 CEST - quant_edge - INFO - Solicitando fundamentales para HOOK con reportType='REPORTS_FIN_STATEMENT'
2025-05-01 21:42:07 CEST - quant_edge - INFO - Solicitando fundamentales para GPAT con reportType='REPORTS_FIN_STATEMENT'
2025-05-01 21:42:07 CEST - quant_edge - INFO - Solicitando fundamentales para PRSO con reportType='REPORTS_FIN_STATEMENT'
2025-05-01 21:42:07 CEST - quant_edge - INFO - Solicitando fundamentales para PXI con reportType='REPORTS_FIN_STATEMENT'
2025-05-01 21:42:07 CEST - quant_edge - INFO - Solicitando fundamentales para BMAY con reportType='REPORTS_FIN_STATEMENT'
2025-05-01 21:42:07 CEST - quant_edge - INFO - Solicitando fundamentales para CDTG con reportType='REPORTS_FIN_STATEMENT'
2025-05-01 21:42:07 CEST - quant_edge - INFO - Solicitando fundamentales para MAYT con reportType='REPORTS_FIN_STATEMENT'
2025-05-01 21:42:07 CEST - quant_edge - INFO - Solicitando fundamentales para MVPL con reportType='REPORTS_FIN_STATEMENT'
2025-05-01 21:42:07 CEST - quant_edge - INFO - Solicitando fundamentales para YJ con reportType='REPORTS_FIN_STATEMENT'
2025-05-01 21:42:07 CEST - quant_edge - INFO - Solicitando fundamentales para FLHY con reportType='REPORTS_FIN_STATEMENT'
2025-05-01 21:42:07 CEST - quant_edge - INFO - Solicitando fundamentales para MEDX con reportType='REPORTS_FIN_STATEMENT'
2025-05-01 21:42:07 CEST - quant_edge - INFO - Solicitando fundamentales para RNAZ con reportType='REPORTS_FIN_STATEMENT'
2025-05-01 21:42:07 CEST - quant_edge - INFO - Solicitando fundamentales para QCLR con reportType='REPORTS_FIN_STATEMENT'
2025-05-01 21:42:07 CEST - quant_edge - INFO - Solicitando fundamentales para DHAI con reportType='REPORTS_FIN_STATEMENT'
2025-05-01 21:42:07 CEST - quant_edge - INFO - Solicitando fundamentales para PRXG con reportType='REPORTS_FIN_STATEMENT'
2025-05-01 21:42:07 CEST - quant_edge - INFO - Solicitando fundamentales para MFSI con reportType='REPORTS_FIN_STATEMENT'
2025-05-01 21:42:07 CEST - quant_edge - INFO - Solicitando fundamentales para ELIL con reportType='REPORTS_FIN_STATEMENT'
2025-05-01 21:42:07 CEST - quant_edge - INFO - Solicitando fundamentales para MAYP con reportType='REPORTS_FIN_STATEMENT'
2025-05-01 21:42:07 CEST - quant_edge - INFO - Solicitando fundamentales para NVNI con reportType='REPORTS_FIN_STATEMENT'
2025-05-01 21:42:07 CEST - quant_edge - INFO - Solicitando fundamentales para OND con reportType='REPORTS_FIN_STATEMENT'
2025-05-01 21:42:07 CEST - quant_edge - INFO - Solicitando fundamentales para MAYW con reportType='REPORTS_FIN_STATEMENT'
2025-05-01 21:42:07 CEST - quant_edge - INFO - Solicitando fundamentales para MMLG con reportType='REPORTS_FIN_STATEMENT'
2025-05-01 21:42:44 CEST - quant_edge - DEBUG - Ticker añadido al universo: ZCAR
2025-05-01 21:42:44 CEST - quant_edge - DEBUG - Ticker añadido al universo: WEEK
2025-05-01 21:42:44 CEST - quant_edge - DEBUG - Ticker añadido al universo: KIDZ
2025-05-01 21:42:44 CEST - quant_edge - DEBUG - Ticker añadido al universo: PAPL
2025-05-01 21:42:44 CEST - quant_edge - DEBUG - Ticker añadido al universo: DEEF
2025-05-01 21:42:44 CEST - quant_edge - DEBUG - Ticker añadido al universo: QBER
2025-05-01 21:42:44 CEST - quant_edge - DEBUG - Ticker añadido al universo: CAAA
2025-05-01 21:42:44 CEST - quant_edge - DEBUG - Ticker añadido al universo: OGSP
2025-05-01 21:42:44 CEST - quant_edge - DEBUG - Ticker añadido al universo: PBMY
2025-05-01 21:42:44 CEST - quant_edge - DEBUG - Ticker añadido al universo: KRON
2025-05-01 21:42:44 CEST - quant_edge - DEBUG - Ticker añadido al universo: AUGZ
2025-05-01 21:42:44 CEST - quant_edge - DEBUG - Ticker añadido al universo: PRXV
2025-05-01 21:42:44 CEST - quant_edge - DEBUG - Ticker añadido al universo: VCIC
2025-05-01 21:42:44 CEST - quant_edge - DEBUG - Ticker añadido al universo: SEPP
2025-05-01 21:42:44 CEST - quant_edge - DEBUG - Ticker añadido al universo: QCML
2025-05-01 21:42:44 CEST - quant_edge - DEBUG - Ticker añadido al universo: BACQU
2025-05-01 21:42:44 CEST - quant_edge - DEBUG - Ticker añadido al universo: UMAY
2025-05-01 21:42:44 CEST - quant_edge - DEBUG - Ticker añadido al universo: FLJJ
2025-05-01 21:42:44 CEST - quant_edge - DEBUG - Ticker añadido al universo: SEPT
2025-05-01 21:42:44 CEST - quant_edge - DEBUG - Ticker añadido al universo: BNGE
2025-05-01 21:42:44 CEST - quant_edge - DEBUG - Ticker añadido al universo: DRCT
2025-05-01 21:42:44 CEST - quant_edge - DEBUG - Ticker añadido al universo: AUGW
2025-05-01 21:42:44 CEST - quant_edge - DEBUG - Ticker añadido al universo: FLAO
2025-05-01 21:42:44 CEST - quant_edge - DEBUG - Ticker añadido al universo: LEGT
2025-05-01 21:42:44 CEST - quant_edge - DEBUG - Ticker añadido al universo: XTJL
2025-05-01 21:42:44 CEST - quant_edge - DEBUG - Ticker añadido al universo: EQLT
2025-05-01 21:42:44 CEST - quant_edge - DEBUG - Ticker añadido al universo: ATNF
2025-05-01 21:42:44 CEST - quant_edge - DEBUG - Ticker añadido al universo: HCTI
2025-05-01 21:42:44 CEST - quant_edge - DEBUG - Ticker añadido al universo: HOOK
2025-05-01 21:42:44 CEST - quant_edge - DEBUG - Ticker añadido al universo: GPAT
2025-05-01 21:42:44 CEST - quant_edge - DEBUG - Ticker añadido al universo: PRSO
2025-05-01 21:42:44 CEST - quant_edge - DEBUG - Ticker añadido al universo: PXI
2025-05-01 21:42:44 CEST - quant_edge - DEBUG - Ticker añadido al universo: BMAY
2025-05-01 21:42:44 CEST - quant_edge - DEBUG - Ticker añadido al universo: CDTG
2025-05-01 21:42:44 CEST - quant_edge - DEBUG - Ticker añadido al universo: MAYT
2025-05-01 21:42:44 CEST - quant_edge - DEBUG - Ticker añadido al universo: MVPL
2025-05-01 21:42:44 CEST - quant_edge - DEBUG - Ticker añadido al universo: YJ
2025-05-01 21:42:44 CEST - quant_edge - DEBUG - Ticker añadido al universo: FLHY
2025-05-01 21:42:44 CEST - quant_edge - DEBUG - Ticker añadido al universo: MEDX
2025-05-01 21:42:44 CEST - quant_edge - DEBUG - Ticker añadido al universo: DHAI
2025-05-01 21:42:44 CEST - quant_edge - DEBUG - Ticker añadido al universo: RNAZ
2025-05-01 21:42:44 CEST - quant_edge - DEBUG - Ticker añadido al universo: QCLR
2025-05-01 21:42:44 CEST - quant_edge - DEBUG - Ticker añadido al universo: PRXG
2025-05-01 21:42:44 CEST - quant_edge - DEBUG - Ticker añadido al universo: MFSI
2025-05-01 21:42:44 CEST - quant_edge - DEBUG - Ticker añadido al universo: ELIL
2025-05-01 21:42:44 CEST - quant_edge - DEBUG - Ticker añadido al universo: MAYP
2025-05-01 21:42:44 CEST - quant_edge - DEBUG - Ticker añadido al universo: NVNI
2025-05-01 21:42:44 CEST - quant_edge - DEBUG - Ticker añadido al universo: OND
2025-05-01 21:42:44 CEST - quant_edge - DEBUG - Ticker añadido al universo: MAYW
2025-05-01 21:42:44 CEST - quant_edge - DEBUG - Ticker añadido al universo: XTOC
2025-05-01 21:42:44 CEST - quant_edge - INFO - Universo actualizado. 100 tickers califican.
2025-05-01 21:42:44 CEST - quant_edge - INFO - Solicitando fundamentales para ZCAR con reportType='REPORTS_FIN_STATEMENT'
2025-05-01 21:42:44 CEST - quant_edge - INFO - Solicitando fundamentales para WEEK con reportType='REPORTS_FIN_STATEMENT'
2025-05-01 21:42:44 CEST - quant_edge - INFO - Solicitando fundamentales para KIDZ con reportType='REPORTS_FIN_STATEMENT'
2025-05-01 21:42:44 CEST - quant_edge - INFO - Solicitando fundamentales para PAPL con reportType='REPORTS_FIN_STATEMENT'
2025-05-01 21:42:44 CEST - quant_edge - INFO - Solicitando fundamentales para DEEF con reportType='REPORTS_FIN_STATEMENT'
2025-05-01 21:42:44 CEST - quant_edge - INFO - Solicitando fundamentales para QBER con reportType='REPORTS_FIN_STATEMENT'
2025-05-01 21:42:44 CEST - quant_edge - INFO - Solicitando fundamentales para CAAA con reportType='REPORTS_FIN_STATEMENT'
2025-05-01 21:42:44 CEST - quant_edge - INFO - Solicitando fundamentales para OGSP con reportType='REPORTS_FIN_STATEMENT'
2025-05-01 21:42:44 CEST - quant_edge - INFO - Solicitando fundamentales para PBMY con reportType='REPORTS_FIN_STATEMENT'
2025-05-01 21:42:44 CEST - quant_edge - INFO - Solicitando fundamentales para KRON con reportType='REPORTS_FIN_STATEMENT'
2025-05-01 21:42:44 CEST - quant_edge - INFO - Solicitando fundamentales para AUGZ con reportType='REPORTS_FIN_STATEMENT'
2025-05-01 21:42:44 CEST - quant_edge - INFO - Solicitando fundamentales para PRXV con reportType='REPORTS_FIN_STATEMENT'
2025-05-01 21:42:44 CEST - quant_edge - INFO - Solicitando fundamentales para VCIC con reportType='REPORTS_FIN_STATEMENT'
2025-05-01 21:42:44 CEST - quant_edge - INFO - Solicitando fundamentales para SEPP con reportType='REPORTS_FIN_STATEMENT'
2025-05-01 21:42:44 CEST - quant_edge - INFO - Solicitando fundamentales para QCML con reportType='REPORTS_FIN_STATEMENT'
2025-05-01 21:42:44 CEST - quant_edge - INFO - Solicitando fundamentales para BACQU con reportType='REPORTS_FIN_STATEMENT'
2025-05-01 21:42:44 CEST - quant_edge - INFO - Solicitando fundamentales para UMAY con reportType='REPORTS_FIN_STATEMENT'
2025-05-01 21:42:44 CEST - quant_edge - INFO - Solicitando fundamentales para FLJJ con reportType='REPORTS_FIN_STATEMENT'
2025-05-01 21:42:44 CEST - quant_edge - INFO - Solicitando fundamentales para SEPT con reportType='REPORTS_FIN_STATEMENT'
2025-05-01 21:42:44 CEST - quant_edge - INFO - Solicitando fundamentales para BNGE con reportType='REPORTS_FIN_STATEMENT'
2025-05-01 21:42:44 CEST - quant_edge - INFO - Solicitando fundamentales para DRCT con reportType='REPORTS_FIN_STATEMENT'
2025-05-01 21:42:44 CEST - quant_edge - INFO - Solicitando fundamentales para AUGW con reportType='REPORTS_FIN_STATEMENT'
2025-05-01 21:42:44 CEST - quant_edge - INFO - Solicitando fundamentales para FLAO con reportType='REPORTS_FIN_STATEMENT'
2025-05-01 21:42:44 CEST - quant_edge - INFO - Solicitando fundamentales para LEGT con reportType='REPORTS_FIN_STATEMENT'
2025-05-01 21:42:44 CEST - quant_edge - INFO - Solicitando fundamentales para XTJL con reportType='REPORTS_FIN_STATEMENT'
2025-05-01 21:42:44 CEST - quant_edge - INFO - Solicitando fundamentales para EQLT con reportType='REPORTS_FIN_STATEMENT'
2025-05-01 21:42:44 CEST - quant_edge - INFO - Solicitando fundamentales para ATNF con reportType='REPORTS_FIN_STATEMENT'
2025-05-01 21:42:44 CEST - quant_edge - INFO - Solicitando fundamentales para HCTI con reportType='REPORTS_FIN_STATEMENT'
2025-05-01 21:42:44 CEST - quant_edge - INFO - Solicitando fundamentales para HOOK con reportType='REPORTS_FIN_STATEMENT'
2025-05-01 21:42:44 CEST - quant_edge - INFO - Solicitando fundamentales para GPAT con reportType='REPORTS_FIN_STATEMENT'
2025-05-01 21:42:44 CEST - quant_edge - INFO - Solicitando fundamentales para PRSO con reportType='REPORTS_FIN_STATEMENT'
2025-05-01 21:42:44 CEST - quant_edge - INFO - Solicitando fundamentales para PXI con reportType='REPORTS_FIN_STATEMENT'
2025-05-01 21:42:44 CEST - quant_edge - INFO - Solicitando fundamentales para BMAY con reportType='REPORTS_FIN_STATEMENT'
2025-05-01 21:42:44 CEST - quant_edge - INFO - Solicitando fundamentales para CDTG con reportType='REPORTS_FIN_STATEMENT'
2025-05-01 21:42:44 CEST - quant_edge - INFO - Solicitando fundamentales para MAYT con reportType='REPORTS_FIN_STATEMENT'
2025-05-01 21:42:44 CEST - quant_edge - INFO - Solicitando fundamentales para MVPL con reportType='REPORTS_FIN_STATEMENT'
2025-05-01 21:42:44 CEST - quant_edge - INFO - Solicitando fundamentales para YJ con reportType='REPORTS_FIN_STATEMENT'
2025-05-01 21:42:44 CEST - quant_edge - INFO - Solicitando fundamentales para FLHY con reportType='REPORTS_FIN_STATEMENT'
2025-05-01 21:42:44 CEST - quant_edge - INFO - Solicitando fundamentales para MEDX con reportType='REPORTS_FIN_STATEMENT'
2025-05-01 21:42:44 CEST - quant_edge - INFO - Solicitando fundamentales para RNAZ con reportType='REPORTS_FIN_STATEMENT'
2025-05-01 21:42:44 CEST - quant_edge - INFO - Solicitando fundamentales para QCLR con reportType='REPORTS_FIN_STATEMENT'
2025-05-01 21:42:44 CEST - quant_edge - INFO - Solicitando fundamentales para DHAI con reportType='REPORTS_FIN_STATEMENT'
2025-05-01 21:42:44 CEST - quant_edge - INFO - Solicitando fundamentales para PRXG con reportType='REPORTS_FIN_STATEMENT'
2025-05-01 21:42:44 CEST - quant_edge - INFO - Solicitando fundamentales para MFSI con reportType='REPORTS_FIN_STATEMENT'
2025-05-01 21:42:44 CEST - quant_edge - INFO - Solicitando fundamentales para ELIL con reportType='REPORTS_FIN_STATEMENT'
2025-05-01 21:42:44 CEST - quant_edge - INFO - Solicitando fundamentales para MAYP con reportType='REPORTS_FIN_STATEMENT'
2025-05-01 21:42:44 CEST - quant_edge - INFO - Solicitando fundamentales para NVNI con reportType='REPORTS_FIN_STATEMENT'
2025-05-01 21:42:44 CEST - quant_edge - INFO - Solicitando fundamentales para OND con reportType='REPORTS_FIN_STATEMENT'
2025-05-01 21:42:44 CEST - quant_edge - INFO - Solicitando fundamentales para MAYW con reportType='REPORTS_FIN_STATEMENT'
2025-05-01 21:42:44 CEST - quant_edge - INFO - Solicitando fundamentales para MMLG con reportType='REPORTS_FIN_STATEMENT'
2025-05-01 21:42:44 CEST - quant_edge - INFO - Solicitando fundamentales para ZCAR con reportType='REPORTS_FIN_STATEMENT'
2025-05-01 21:42:44 CEST - quant_edge - INFO - Solicitando fundamentales para WEEK con reportType='REPORTS_FIN_STATEMENT'
2025-05-01 21:42:44 CEST - quant_edge - INFO - Solicitando fundamentales para KIDZ con reportType='REPORTS_FIN_STATEMENT'
2025-05-01 21:42:44 CEST - quant_edge - INFO - Solicitando fundamentales para PAPL con reportType='REPORTS_FIN_STATEMENT'
2025-05-01 21:42:44 CEST - quant_edge - INFO - Solicitando fundamentales para DEEF con reportType='REPORTS_FIN_STATEMENT'
2025-05-01 21:42:44 CEST - quant_edge - INFO - Solicitando fundamentales para QBER con reportType='REPORTS_FIN_STATEMENT'
2025-05-01 21:42:44 CEST - quant_edge - INFO - Solicitando fundamentales para CAAA con reportType='REPORTS_FIN_STATEMENT'
2025-05-01 21:42:44 CEST - quant_edge - INFO - Solicitando fundamentales para OGSP con reportType='REPORTS_FIN_STATEMENT'
2025-05-01 21:42:44 CEST - quant_edge - INFO - Solicitando fundamentales para PBMY con reportType='REPORTS_FIN_STATEMENT'
2025-05-01 21:42:44 CEST - quant_edge - INFO - Solicitando fundamentales para KRON con reportType='REPORTS_FIN_STATEMENT'
2025-05-01 21:42:44 CEST - quant_edge - INFO - Solicitando fundamentales para AUGZ con reportType='REPORTS_FIN_STATEMENT'
2025-05-01 21:42:44 CEST - quant_edge - INFO - Solicitando fundamentales para PRXV con reportType='REPORTS_FIN_STATEMENT'
2025-05-01 21:42:44 CEST - quant_edge - INFO - Solicitando fundamentales para VCIC con reportType='REPORTS_FIN_STATEMENT'
2025-05-01 21:42:44 CEST - quant_edge - INFO - Solicitando fundamentales para SEPP con reportType='REPORTS_FIN_STATEMENT'
2025-05-01 21:42:44 CEST - quant_edge - INFO - Solicitando fundamentales para QCML con reportType='REPORTS_FIN_STATEMENT'
2025-05-01 21:42:44 CEST - quant_edge - INFO - Solicitando fundamentales para BACQU con reportType='REPORTS_FIN_STATEMENT'
2025-05-01 21:42:44 CEST - quant_edge - INFO - Solicitando fundamentales para UMAY con reportType='REPORTS_FIN_STATEMENT'
2025-05-01 21:42:44 CEST - quant_edge - INFO - Solicitando fundamentales para FLJJ con reportType='REPORTS_FIN_STATEMENT'
2025-05-01 21:42:44 CEST - quant_edge - INFO - Solicitando fundamentales para SEPT con reportType='REPORTS_FIN_STATEMENT'
2025-05-01 21:42:44 CEST - quant_edge - INFO - Solicitando fundamentales para BNGE con reportType='REPORTS_FIN_STATEMENT'
2025-05-01 21:42:44 CEST - quant_edge - INFO - Solicitando fundamentales para DRCT con reportType='REPORTS_FIN_STATEMENT'
2025-05-01 21:42:44 CEST - quant_edge - INFO - Solicitando fundamentales para AUGW con reportType='REPORTS_FIN_STATEMENT'
2025-05-01 21:42:44 CEST - quant_edge - INFO - Solicitando fundamentales para FLAO con reportType='REPORTS_FIN_STATEMENT'
2025-05-01 21:42:44 CEST - quant_edge - INFO - Solicitando fundamentales para LEGT con reportType='REPORTS_FIN_STATEMENT'
2025-05-01 21:42:44 CEST - quant_edge - INFO - Solicitando fundamentales para XTJL con reportType='REPORTS_FIN_STATEMENT'
2025-05-01 21:42:44 CEST - quant_edge - INFO - Solicitando fundamentales para EQLT con reportType='REPORTS_FIN_STATEMENT'
2025-05-01 21:42:44 CEST - quant_edge - INFO - Solicitando fundamentales para ATNF con reportType='REPORTS_FIN_STATEMENT'
2025-05-01 21:42:44 CEST - quant_edge - INFO - Solicitando fundamentales para HCTI con reportType='REPORTS_FIN_STATEMENT'
2025-05-01 21:42:44 CEST - quant_edge - INFO - Solicitando fundamentales para HOOK con reportType='REPORTS_FIN_STATEMENT'
2025-05-01 21:42:44 CEST - quant_edge - INFO - Solicitando fundamentales para GPAT con reportType='REPORTS_FIN_STATEMENT'
2025-05-01 21:42:44 CEST - quant_edge - INFO - Solicitando fundamentales para PRSO con reportType='REPORTS_FIN_STATEMENT'
2025-05-01 21:42:44 CEST - quant_edge - INFO - Solicitando fundamentales para PXI con reportType='REPORTS_FIN_STATEMENT'
2025-05-01 21:42:44 CEST - quant_edge - INFO - Solicitando fundamentales para BMAY con reportType='REPORTS_FIN_STATEMENT'
2025-05-01 21:42:44 CEST - quant_edge - INFO - Solicitando fundamentales para CDTG con reportType='REPORTS_FIN_STATEMENT'
2025-05-01 21:42:44 CEST - quant_edge - INFO - Solicitando fundamentales para MAYT con reportType='REPORTS_FIN_STATEMENT'
2025-05-01 21:42:44 CEST - quant_edge - INFO - Solicitando fundamentales para MVPL con reportType='REPORTS_FIN_STATEMENT'
2025-05-01 21:42:44 CEST - quant_edge - INFO - Solicitando fundamentales para YJ con reportType='REPORTS_FIN_STATEMENT'
2025-05-01 21:42:44 CEST - quant_edge - INFO - Solicitando fundamentales para FLHY con reportType='REPORTS_FIN_STATEMENT'
2025-05-01 21:42:44 CEST - quant_edge - INFO - Solicitando fundamentales para MEDX con reportType='REPORTS_FIN_STATEMENT'
2025-05-01 21:42:44 CEST - quant_edge - INFO - Solicitando fundamentales para DHAI con reportType='REPORTS_FIN_STATEMENT'
2025-05-01 21:42:44 CEST - quant_edge - INFO - Solicitando fundamentales para RNAZ con reportType='REPORTS_FIN_STATEMENT'
2025-05-01 21:42:44 CEST - quant_edge - INFO - Solicitando fundamentales para QCLR con reportType='REPORTS_FIN_STATEMENT'
2025-05-01 21:42:44 CEST - quant_edge - INFO - Solicitando fundamentales para PRXG con reportType='REPORTS_FIN_STATEMENT'
2025-05-01 21:42:44 CEST - quant_edge - INFO - Solicitando fundamentales para MFSI con reportType='REPORTS_FIN_STATEMENT'
2025-05-01 21:42:44 CEST - quant_edge - INFO - Solicitando fundamentales para ELIL con reportType='REPORTS_FIN_STATEMENT'
2025-05-01 21:42:44 CEST - quant_edge - INFO - Solicitando fundamentales para MAYP con reportType='REPORTS_FIN_STATEMENT'
2025-05-01 21:42:44 CEST - quant_edge - INFO - Solicitando fundamentales para NVNI con reportType='REPORTS_FIN_STATEMENT'
2025-05-01 21:42:44 CEST - quant_edge - INFO - Solicitando fundamentales para OND con reportType='REPORTS_FIN_STATEMENT'
2025-05-01 21:42:44 CEST - quant_edge - INFO - Solicitando fundamentales para MAYW con reportType='REPORTS_FIN_STATEMENT'
2025-05-01 21:42:44 CEST - quant_edge - INFO - Solicitando fundamentales para XTOC con reportType='REPORTS_FIN_STATEMENT'
2025-05-01 21:43:17 CEST - quant_edge - DEBUG - Ticker añadido al universo: ZCAR
2025-05-01 21:43:17 CEST - quant_edge - DEBUG - Ticker añadido al universo: WEEK
2025-05-01 21:43:17 CEST - quant_edge - DEBUG - Ticker añadido al universo: KIDZ
2025-05-01 21:43:17 CEST - quant_edge - DEBUG - Ticker añadido al universo: PAPL
2025-05-01 21:43:17 CEST - quant_edge - DEBUG - Ticker añadido al universo: DEEF
2025-05-01 21:43:17 CEST - quant_edge - DEBUG - Ticker añadido al universo: QBER
2025-05-01 21:43:17 CEST - quant_edge - DEBUG - Ticker añadido al universo: CAAA
2025-05-01 21:43:17 CEST - quant_edge - DEBUG - Ticker añadido al universo: OGSP
2025-05-01 21:43:17 CEST - quant_edge - DEBUG - Ticker añadido al universo: PBMY
2025-05-01 21:43:17 CEST - quant_edge - DEBUG - Ticker añadido al universo: KRON
2025-05-01 21:43:17 CEST - quant_edge - DEBUG - Ticker añadido al universo: AUGZ
2025-05-01 21:43:17 CEST - quant_edge - DEBUG - Ticker añadido al universo: PRXV
2025-05-01 21:43:17 CEST - quant_edge - DEBUG - Ticker añadido al universo: VCIC
2025-05-01 21:43:17 CEST - quant_edge - DEBUG - Ticker añadido al universo: SEPP
2025-05-01 21:43:17 CEST - quant_edge - DEBUG - Ticker añadido al universo: QCML
2025-05-01 21:43:17 CEST - quant_edge - DEBUG - Ticker añadido al universo: BACQU
2025-05-01 21:43:17 CEST - quant_edge - DEBUG - Ticker añadido al universo: UMAY
2025-05-01 21:43:17 CEST - quant_edge - DEBUG - Ticker añadido al universo: FLJJ
2025-05-01 21:43:17 CEST - quant_edge - DEBUG - Ticker añadido al universo: SEPT
2025-05-01 21:43:17 CEST - quant_edge - DEBUG - Ticker añadido al universo: BNGE
2025-05-01 21:43:17 CEST - quant_edge - DEBUG - Ticker añadido al universo: DRCT
2025-05-01 21:43:17 CEST - quant_edge - DEBUG - Ticker añadido al universo: AUGW
2025-05-01 21:43:17 CEST - quant_edge - DEBUG - Ticker añadido al universo: FLAO
2025-05-01 21:43:17 CEST - quant_edge - DEBUG - Ticker añadido al universo: LEGT
2025-05-01 21:43:17 CEST - quant_edge - DEBUG - Ticker añadido al universo: XTJL
2025-05-01 21:43:17 CEST - quant_edge - DEBUG - Ticker añadido al universo: EQLT
2025-05-01 21:43:17 CEST - quant_edge - DEBUG - Ticker añadido al universo: ATNF
2025-05-01 21:43:17 CEST - quant_edge - DEBUG - Ticker añadido al universo: HCTI
2025-05-01 21:43:17 CEST - quant_edge - DEBUG - Ticker añadido al universo: HOOK
2025-05-01 21:43:17 CEST - quant_edge - DEBUG - Ticker añadido al universo: GPAT
2025-05-01 21:43:17 CEST - quant_edge - DEBUG - Ticker añadido al universo: PRSO
2025-05-01 21:43:17 CEST - quant_edge - DEBUG - Ticker añadido al universo: PXI
2025-05-01 21:43:17 CEST - quant_edge - DEBUG - Ticker añadido al universo: BMAY
2025-05-01 21:43:17 CEST - quant_edge - DEBUG - Ticker añadido al universo: CDTG
2025-05-01 21:43:17 CEST - quant_edge - DEBUG - Ticker añadido al universo: MAYT
2025-05-01 21:43:17 CEST - quant_edge - DEBUG - Ticker añadido al universo: MVPL
2025-05-01 21:43:17 CEST - quant_edge - DEBUG - Ticker añadido al universo: YJ
2025-05-01 21:43:17 CEST - quant_edge - DEBUG - Ticker añadido al universo: FLHY
2025-05-01 21:43:17 CEST - quant_edge - DEBUG - Ticker añadido al universo: MEDX
2025-05-01 21:43:17 CEST - quant_edge - DEBUG - Ticker añadido al universo: DHAI
2025-05-01 21:43:17 CEST - quant_edge - DEBUG - Ticker añadido al universo: RNAZ
2025-05-01 21:43:17 CEST - quant_edge - DEBUG - Ticker añadido al universo: QCLR
2025-05-01 21:43:17 CEST - quant_edge - DEBUG - Ticker añadido al universo: PRXG
2025-05-01 21:43:17 CEST - quant_edge - DEBUG - Ticker añadido al universo: MFSI
2025-05-01 21:43:17 CEST - quant_edge - DEBUG - Ticker añadido al universo: ELIL
2025-05-01 21:43:17 CEST - quant_edge - DEBUG - Ticker añadido al universo: MAYP
2025-05-01 21:43:17 CEST - quant_edge - DEBUG - Ticker añadido al universo: NVNI
2025-05-01 21:43:17 CEST - quant_edge - DEBUG - Ticker añadido al universo: OND
2025-05-01 21:43:17 CEST - quant_edge - DEBUG - Ticker añadido al universo: MAYW
2025-05-01 21:43:17 CEST - quant_edge - DEBUG - Ticker añadido al universo: XTOC
2025-05-01 21:43:17 CEST - quant_edge - INFO - Universo actualizado. 150 tickers califican.
2025-05-01 21:43:17 CEST - quant_edge - INFO - Solicitando fundamentales para ZCAR con reportType='REPORTS_FIN_STATEMENT'
2025-05-01 21:43:17 CEST - quant_edge - INFO - Solicitando fundamentales para WEEK con reportType='REPORTS_FIN_STATEMENT'
2025-05-01 21:43:17 CEST - quant_edge - INFO - Solicitando fundamentales para KIDZ con reportType='REPORTS_FIN_STATEMENT'
2025-05-01 21:43:17 CEST - quant_edge - INFO - Solicitando fundamentales para PAPL con reportType='REPORTS_FIN_STATEMENT'
2025-05-01 21:43:17 CEST - quant_edge - INFO - Solicitando fundamentales para DEEF con reportType='REPORTS_FIN_STATEMENT'
2025-05-01 21:43:17 CEST - quant_edge - INFO - Solicitando fundamentales para QBER con reportType='REPORTS_FIN_STATEMENT'
2025-05-01 21:43:17 CEST - quant_edge - INFO - Solicitando fundamentales para CAAA con reportType='REPORTS_FIN_STATEMENT'
2025-05-01 21:43:17 CEST - quant_edge - INFO - Solicitando fundamentales para OGSP con reportType='REPORTS_FIN_STATEMENT'
2025-05-01 21:43:17 CEST - quant_edge - INFO - Solicitando fundamentales para PBMY con reportType='REPORTS_FIN_STATEMENT'
2025-05-01 21:43:17 CEST - quant_edge - INFO - Solicitando fundamentales para KRON con reportType='REPORTS_FIN_STATEMENT'
2025-05-01 21:43:17 CEST - quant_edge - INFO - Solicitando fundamentales para AUGZ con reportType='REPORTS_FIN_STATEMENT'
2025-05-01 21:43:17 CEST - quant_edge - INFO - Solicitando fundamentales para PRXV con reportType='REPORTS_FIN_STATEMENT'
2025-05-01 21:43:17 CEST - quant_edge - INFO - Solicitando fundamentales para VCIC con reportType='REPORTS_FIN_STATEMENT'
2025-05-01 21:43:17 CEST - quant_edge - INFO - Solicitando fundamentales para SEPP con reportType='REPORTS_FIN_STATEMENT'
2025-05-01 21:43:17 CEST - quant_edge - INFO - Solicitando fundamentales para QCML con reportType='REPORTS_FIN_STATEMENT'
2025-05-01 21:43:17 CEST - quant_edge - INFO - Solicitando fundamentales para BACQU con reportType='REPORTS_FIN_STATEMENT'
2025-05-01 21:43:17 CEST - quant_edge - INFO - Solicitando fundamentales para UMAY con reportType='REPORTS_FIN_STATEMENT'
2025-05-01 21:43:17 CEST - quant_edge - INFO - Solicitando fundamentales para FLJJ con reportType='REPORTS_FIN_STATEMENT'
2025-05-01 21:43:17 CEST - quant_edge - INFO - Solicitando fundamentales para SEPT con reportType='REPORTS_FIN_STATEMENT'
2025-05-01 21:43:17 CEST - quant_edge - INFO - Solicitando fundamentales para BNGE con reportType='REPORTS_FIN_STATEMENT'
2025-05-01 21:43:17 CEST - quant_edge - INFO - Solicitando fundamentales para DRCT con reportType='REPORTS_FIN_STATEMENT'
2025-05-01 21:43:17 CEST - quant_edge - INFO - Solicitando fundamentales para AUGW con reportType='REPORTS_FIN_STATEMENT'
2025-05-01 21:43:17 CEST - quant_edge - INFO - Solicitando fundamentales para FLAO con reportType='REPORTS_FIN_STATEMENT'
2025-05-01 21:43:17 CEST - quant_edge - INFO - Solicitando fundamentales para LEGT con reportType='REPORTS_FIN_STATEMENT'
2025-05-01 21:43:17 CEST - quant_edge - INFO - Solicitando fundamentales para XTJL con reportType='REPORTS_FIN_STATEMENT'
2025-05-01 21:43:17 CEST - quant_edge - INFO - Solicitando fundamentales para EQLT con reportType='REPORTS_FIN_STATEMENT'
2025-05-01 21:43:17 CEST - quant_edge - INFO - Solicitando fundamentales para ATNF con reportType='REPORTS_FIN_STATEMENT'
2025-05-01 21:43:17 CEST - quant_edge - INFO - Solicitando fundamentales para HCTI con reportType='REPORTS_FIN_STATEMENT'
2025-05-01 21:43:17 CEST - quant_edge - INFO - Solicitando fundamentales para HOOK con reportType='REPORTS_FIN_STATEMENT'
2025-05-01 21:43:17 CEST - quant_edge - INFO - Solicitando fundamentales para GPAT con reportType='REPORTS_FIN_STATEMENT'
2025-05-01 21:43:17 CEST - quant_edge - INFO - Solicitando fundamentales para PRSO con reportType='REPORTS_FIN_STATEMENT'
2025-05-01 21:43:17 CEST - quant_edge - INFO - Solicitando fundamentales para PXI con reportType='REPORTS_FIN_STATEMENT'
2025-05-01 21:43:17 CEST - quant_edge - INFO - Solicitando fundamentales para BMAY con reportType='REPORTS_FIN_STATEMENT'
2025-05-01 21:43:17 CEST - quant_edge - INFO - Solicitando fundamentales para CDTG con reportType='REPORTS_FIN_STATEMENT'
2025-05-01 21:43:17 CEST - quant_edge - INFO - Solicitando fundamentales para MAYT con reportType='REPORTS_FIN_STATEMENT'
2025-05-01 21:43:17 CEST - quant_edge - INFO - Solicitando fundamentales para MVPL con reportType='REPORTS_FIN_STATEMENT'
2025-05-01 21:43:17 CEST - quant_edge - INFO - Solicitando fundamentales para YJ con reportType='REPORTS_FIN_STATEMENT'
2025-05-01 21:43:17 CEST - quant_edge - INFO - Solicitando fundamentales para FLHY con reportType='REPORTS_FIN_STATEMENT'
2025-05-01 21:43:17 CEST - quant_edge - INFO - Solicitando fundamentales para MEDX con reportType='REPORTS_FIN_STATEMENT'
2025-05-01 21:43:17 CEST - quant_edge - INFO - Solicitando fundamentales para RNAZ con reportType='REPORTS_FIN_STATEMENT'
2025-05-01 21:43:17 CEST - quant_edge - INFO - Solicitando fundamentales para QCLR con reportType='REPORTS_FIN_STATEMENT'
2025-05-01 21:43:17 CEST - quant_edge - INFO - Solicitando fundamentales para DHAI con reportType='REPORTS_FIN_STATEMENT'
2025-05-01 21:43:17 CEST - quant_edge - INFO - Solicitando fundamentales para PRXG con reportType='REPORTS_FIN_STATEMENT'
2025-05-01 21:43:17 CEST - quant_edge - INFO - Solicitando fundamentales para MFSI con reportType='REPORTS_FIN_STATEMENT'
2025-05-01 21:43:17 CEST - quant_edge - INFO - Solicitando fundamentales para ELIL con reportType='REPORTS_FIN_STATEMENT'
2025-05-01 21:43:17 CEST - quant_edge - INFO - Solicitando fundamentales para MAYP con reportType='REPORTS_FIN_STATEMENT'
2025-05-01 21:43:17 CEST - quant_edge - INFO - Solicitando fundamentales para NVNI con reportType='REPORTS_FIN_STATEMENT'
2025-05-01 21:43:17 CEST - quant_edge - INFO - Solicitando fundamentales para OND con reportType='REPORTS_FIN_STATEMENT'
2025-05-01 21:43:17 CEST - quant_edge - INFO - Solicitando fundamentales para MAYW con reportType='REPORTS_FIN_STATEMENT'
2025-05-01 21:43:17 CEST - quant_edge - INFO - Solicitando fundamentales para MMLG con reportType='REPORTS_FIN_STATEMENT'
2025-05-01 21:43:17 CEST - quant_edge - INFO - Solicitando fundamentales para ZCAR con reportType='REPORTS_FIN_STATEMENT'
2025-05-01 21:43:17 CEST - quant_edge - INFO - Solicitando fundamentales para WEEK con reportType='REPORTS_FIN_STATEMENT'
2025-05-01 21:43:17 CEST - quant_edge - INFO - Solicitando fundamentales para KIDZ con reportType='REPORTS_FIN_STATEMENT'
2025-05-01 21:43:17 CEST - quant_edge - INFO - Solicitando fundamentales para PAPL con reportType='REPORTS_FIN_STATEMENT'
2025-05-01 21:43:17 CEST - quant_edge - INFO - Solicitando fundamentales para DEEF con reportType='REPORTS_FIN_STATEMENT'
2025-05-01 21:43:17 CEST - quant_edge - INFO - Solicitando fundamentales para QBER con reportType='REPORTS_FIN_STATEMENT'
2025-05-01 21:43:17 CEST - quant_edge - INFO - Solicitando fundamentales para CAAA con reportType='REPORTS_FIN_STATEMENT'
2025-05-01 21:43:17 CEST - quant_edge - INFO - Solicitando fundamentales para OGSP con reportType='REPORTS_FIN_STATEMENT'
2025-05-01 21:43:17 CEST - quant_edge - INFO - Solicitando fundamentales para PBMY con reportType='REPORTS_FIN_STATEMENT'
2025-05-01 21:43:17 CEST - quant_edge - INFO - Solicitando fundamentales para KRON con reportType='REPORTS_FIN_STATEMENT'
2025-05-01 21:43:17 CEST - quant_edge - INFO - Solicitando fundamentales para AUGZ con reportType='REPORTS_FIN_STATEMENT'
2025-05-01 21:43:17 CEST - quant_edge - INFO - Solicitando fundamentales para PRXV con reportType='REPORTS_FIN_STATEMENT'
2025-05-01 21:43:17 CEST - quant_edge - INFO - Solicitando fundamentales para VCIC con reportType='REPORTS_FIN_STATEMENT'
2025-05-01 21:43:17 CEST - quant_edge - INFO - Solicitando fundamentales para SEPP con reportType='REPORTS_FIN_STATEMENT'
2025-05-01 21:43:17 CEST - quant_edge - INFO - Solicitando fundamentales para QCML con reportType='REPORTS_FIN_STATEMENT'
2025-05-01 21:43:17 CEST - quant_edge - INFO - Solicitando fundamentales para BACQU con reportType='REPORTS_FIN_STATEMENT'
2025-05-01 21:43:17 CEST - quant_edge - INFO - Solicitando fundamentales para UMAY con reportType='REPORTS_FIN_STATEMENT'
2025-05-01 21:43:17 CEST - quant_edge - INFO - Solicitando fundamentales para FLJJ con reportType='REPORTS_FIN_STATEMENT'
2025-05-01 21:43:17 CEST - quant_edge - INFO - Solicitando fundamentales para SEPT con reportType='REPORTS_FIN_STATEMENT'
2025-05-01 21:43:17 CEST - quant_edge - INFO - Solicitando fundamentales para BNGE con reportType='REPORTS_FIN_STATEMENT'
2025-05-01 21:43:17 CEST - quant_edge - INFO - Solicitando fundamentales para DRCT con reportType='REPORTS_FIN_STATEMENT'
2025-05-01 21:43:17 CEST - quant_edge - INFO - Solicitando fundamentales para AUGW con reportType='REPORTS_FIN_STATEMENT'
2025-05-01 21:43:17 CEST - quant_edge - INFO - Solicitando fundamentales para FLAO con reportType='REPORTS_FIN_STATEMENT'
2025-05-01 21:43:17 CEST - quant_edge - INFO - Solicitando fundamentales para LEGT con reportType='REPORTS_FIN_STATEMENT'
2025-05-01 21:43:17 CEST - quant_edge - INFO - Solicitando fundamentales para XTJL con reportType='REPORTS_FIN_STATEMENT'
2025-05-01 21:43:17 CEST - quant_edge - INFO - Solicitando fundamentales para EQLT con reportType='REPORTS_FIN_STATEMENT'
2025-05-01 21:43:17 CEST - quant_edge - INFO - Solicitando fundamentales para ATNF con reportType='REPORTS_FIN_STATEMENT'
2025-05-01 21:43:17 CEST - quant_edge - INFO - Solicitando fundamentales para HCTI con reportType='REPORTS_FIN_STATEMENT'
2025-05-01 21:43:17 CEST - quant_edge - INFO - Solicitando fundamentales para HOOK con reportType='REPORTS_FIN_STATEMENT'
2025-05-01 21:43:17 CEST - quant_edge - INFO - Solicitando fundamentales para GPAT con reportType='REPORTS_FIN_STATEMENT'
2025-05-01 21:43:17 CEST - quant_edge - INFO - Solicitando fundamentales para PRSO con reportType='REPORTS_FIN_STATEMENT'
2025-05-01 21:43:17 CEST - quant_edge - INFO - Solicitando fundamentales para PXI con reportType='REPORTS_FIN_STATEMENT'
2025-05-01 21:43:17 CEST - quant_edge - INFO - Solicitando fundamentales para BMAY con reportType='REPORTS_FIN_STATEMENT'
2025-05-01 21:43:17 CEST - quant_edge - INFO - Solicitando fundamentales para CDTG con reportType='REPORTS_FIN_STATEMENT'
2025-05-01 21:43:17 CEST - quant_edge - INFO - Solicitando fundamentales para MAYT con reportType='REPORTS_FIN_STATEMENT'
2025-05-01 21:43:17 CEST - quant_edge - INFO - Solicitando fundamentales para MVPL con reportType='REPORTS_FIN_STATEMENT'
2025-05-01 21:43:17 CEST - quant_edge - INFO - Solicitando fundamentales para YJ con reportType='REPORTS_FIN_STATEMENT'
2025-05-01 21:43:17 CEST - quant_edge - INFO - Solicitando fundamentales para FLHY con reportType='REPORTS_FIN_STATEMENT'
2025-05-01 21:43:17 CEST - quant_edge - INFO - Solicitando fundamentales para MEDX con reportType='REPORTS_FIN_STATEMENT'
2025-05-01 21:43:17 CEST - quant_edge - INFO - Solicitando fundamentales para DHAI con reportType='REPORTS_FIN_STATEMENT'
2025-05-01 21:43:17 CEST - quant_edge - INFO - Solicitando fundamentales para RNAZ con reportType='REPORTS_FIN_STATEMENT'
2025-05-01 21:43:17 CEST - quant_edge - INFO - Solicitando fundamentales para QCLR con reportType='REPORTS_FIN_STATEMENT'
2025-05-01 21:43:17 CEST - quant_edge - INFO - Solicitando fundamentales para PRXG con reportType='REPORTS_FIN_STATEMENT'
2025-05-01 21:43:17 CEST - quant_edge - INFO - Solicitando fundamentales para MFSI con reportType='REPORTS_FIN_STATEMENT'
2025-05-01 21:43:17 CEST - quant_edge - INFO - Solicitando fundamentales para ELIL con reportType='REPORTS_FIN_STATEMENT'
2025-05-01 21:43:17 CEST - quant_edge - INFO - Solicitando fundamentales para MAYP con reportType='REPORTS_FIN_STATEMENT'
2025-05-01 21:43:17 CEST - quant_edge - INFO - Solicitando fundamentales para NVNI con reportType='REPORTS_FIN_STATEMENT'
2025-05-01 21:43:17 CEST - quant_edge - INFO - Solicitando fundamentales para OND con reportType='REPORTS_FIN_STATEMENT'
2025-05-01 21:43:17 CEST - quant_edge - INFO - Solicitando fundamentales para MAYW con reportType='REPORTS_FIN_STATEMENT'
2025-05-01 21:43:17 CEST - quant_edge - INFO - Solicitando fundamentales para XTOC con reportType='REPORTS_FIN_STATEMENT'
2025-05-01 21:43:17 CEST - quant_edge - INFO - Solicitando fundamentales para ZCAR con reportType='REPORTS_FIN_STATEMENT'
2025-05-01 21:43:17 CEST - quant_edge - INFO - Solicitando fundamentales para WEEK con reportType='REPORTS_FIN_STATEMENT'
2025-05-01 21:43:17 CEST - quant_edge - INFO - Solicitando fundamentales para KIDZ con reportType='REPORTS_FIN_STATEMENT'
2025-05-01 21:43:17 CEST - quant_edge - INFO - Solicitando fundamentales para PAPL con reportType='REPORTS_FIN_STATEMENT'
2025-05-01 21:43:17 CEST - quant_edge - INFO - Solicitando fundamentales para DEEF con reportType='REPORTS_FIN_STATEMENT'
2025-05-01 21:43:17 CEST - quant_edge - INFO - Solicitando fundamentales para QBER con reportType='REPORTS_FIN_STATEMENT'
2025-05-01 21:43:17 CEST - quant_edge - INFO - Solicitando fundamentales para CAAA con reportType='REPORTS_FIN_STATEMENT'
2025-05-01 21:43:17 CEST - quant_edge - INFO - Solicitando fundamentales para OGSP con reportType='REPORTS_FIN_STATEMENT'
2025-05-01 21:43:17 CEST - quant_edge - INFO - Solicitando fundamentales para PBMY con reportType='REPORTS_FIN_STATEMENT'
2025-05-01 21:43:17 CEST - quant_edge - INFO - Solicitando fundamentales para KRON con reportType='REPORTS_FIN_STATEMENT'
2025-05-01 21:43:17 CEST - quant_edge - INFO - Solicitando fundamentales para AUGZ con reportType='REPORTS_FIN_STATEMENT'
2025-05-01 21:43:17 CEST - quant_edge - INFO - Solicitando fundamentales para PRXV con reportType='REPORTS_FIN_STATEMENT'
2025-05-01 21:43:17 CEST - quant_edge - INFO - Solicitando fundamentales para VCIC con reportType='REPORTS_FIN_STATEMENT'
2025-05-01 21:43:17 CEST - quant_edge - INFO - Solicitando fundamentales para SEPP con reportType='REPORTS_FIN_STATEMENT'
2025-05-01 21:43:17 CEST - quant_edge - INFO - Solicitando fundamentales para QCML con reportType='REPORTS_FIN_STATEMENT'
2025-05-01 21:43:17 CEST - quant_edge - INFO - Solicitando fundamentales para BACQU con reportType='REPORTS_FIN_STATEMENT'
2025-05-01 21:43:17 CEST - quant_edge - INFO - Solicitando fundamentales para UMAY con reportType='REPORTS_FIN_STATEMENT'
2025-05-01 21:43:17 CEST - quant_edge - INFO - Solicitando fundamentales para FLJJ con reportType='REPORTS_FIN_STATEMENT'
2025-05-01 21:43:17 CEST - quant_edge - INFO - Solicitando fundamentales para SEPT con reportType='REPORTS_FIN_STATEMENT'
2025-05-01 21:43:17 CEST - quant_edge - INFO - Solicitando fundamentales para BNGE con reportType='REPORTS_FIN_STATEMENT'
2025-05-01 21:43:17 CEST - quant_edge - INFO - Solicitando fundamentales para DRCT con reportType='REPORTS_FIN_STATEMENT'
2025-05-01 21:43:17 CEST - quant_edge - INFO - Solicitando fundamentales para AUGW con reportType='REPORTS_FIN_STATEMENT'
2025-05-01 21:43:17 CEST - quant_edge - INFO - Solicitando fundamentales para FLAO con reportType='REPORTS_FIN_STATEMENT'
2025-05-01 21:43:17 CEST - quant_edge - INFO - Solicitando fundamentales para LEGT con reportType='REPORTS_FIN_STATEMENT'
2025-05-01 21:43:17 CEST - quant_edge - INFO - Solicitando fundamentales para XTJL con reportType='REPORTS_FIN_STATEMENT'
2025-05-01 21:43:17 CEST - quant_edge - INFO - Solicitando fundamentales para EQLT con reportType='REPORTS_FIN_STATEMENT'
2025-05-01 21:43:17 CEST - quant_edge - INFO - Solicitando fundamentales para ATNF con reportType='REPORTS_FIN_STATEMENT'
2025-05-01 21:43:17 CEST - quant_edge - INFO - Solicitando fundamentales para HCTI con reportType='REPORTS_FIN_STATEMENT'
2025-05-01 21:43:17 CEST - quant_edge - INFO - Solicitando fundamentales para HOOK con reportType='REPORTS_FIN_STATEMENT'
2025-05-01 21:43:17 CEST - quant_edge - INFO - Solicitando fundamentales para GPAT con reportType='REPORTS_FIN_STATEMENT'
2025-05-01 21:43:17 CEST - quant_edge - INFO - Solicitando fundamentales para PRSO con reportType='REPORTS_FIN_STATEMENT'
2025-05-01 21:43:17 CEST - quant_edge - INFO - Solicitando fundamentales para PXI con reportType='REPORTS_FIN_STATEMENT'
2025-05-01 21:43:17 CEST - quant_edge - INFO - Solicitando fundamentales para BMAY con reportType='REPORTS_FIN_STATEMENT'
2025-05-01 21:43:17 CEST - quant_edge - INFO - Solicitando fundamentales para CDTG con reportType='REPORTS_FIN_STATEMENT'
2025-05-01 21:43:17 CEST - quant_edge - INFO - Solicitando fundamentales para MAYT con reportType='REPORTS_FIN_STATEMENT'
2025-05-01 21:43:17 CEST - quant_edge - INFO - Solicitando fundamentales para MVPL con reportType='REPORTS_FIN_STATEMENT'
2025-05-01 21:43:17 CEST - quant_edge - INFO - Solicitando fundamentales para YJ con reportType='REPORTS_FIN_STATEMENT'
2025-05-01 21:43:17 CEST - quant_edge - INFO - Solicitando fundamentales para FLHY con reportType='REPORTS_FIN_STATEMENT'
2025-05-01 21:43:17 CEST - quant_edge - INFO - Solicitando fundamentales para MEDX con reportType='REPORTS_FIN_STATEMENT'
2025-05-01 21:43:17 CEST - quant_edge - INFO - Solicitando fundamentales para DHAI con reportType='REPORTS_FIN_STATEMENT'
2025-05-01 21:43:17 CEST - quant_edge - INFO - Solicitando fundamentales para RNAZ con reportType='REPORTS_FIN_STATEMENT'
2025-05-01 21:43:17 CEST - quant_edge - INFO - Solicitando fundamentales para QCLR con reportType='REPORTS_FIN_STATEMENT'
2025-05-01 21:43:17 CEST - quant_edge - INFO - Solicitando fundamentales para PRXG con reportType='REPORTS_FIN_STATEMENT'
2025-05-01 21:43:17 CEST - quant_edge - INFO - Solicitando fundamentales para MFSI con reportType='REPORTS_FIN_STATEMENT'
2025-05-01 21:43:17 CEST - quant_edge - INFO - Solicitando fundamentales para ELIL con reportType='REPORTS_FIN_STATEMENT'
2025-05-01 21:43:17 CEST - quant_edge - INFO - Solicitando fundamentales para MAYP con reportType='REPORTS_FIN_STATEMENT'
2025-05-01 21:43:17 CEST - quant_edge - INFO - Solicitando fundamentales para NVNI con reportType='REPORTS_FIN_STATEMENT'
2025-05-01 21:43:17 CEST - quant_edge - INFO - Solicitando fundamentales para OND con reportType='REPORTS_FIN_STATEMENT'
2025-05-01 21:43:17 CEST - quant_edge - INFO - Solicitando fundamentales para MAYW con reportType='REPORTS_FIN_STATEMENT'
2025-05-01 21:43:17 CEST - quant_edge - INFO - Solicitando fundamentales para XTOC con reportType='REPORTS_FIN_STATEMENT'
2025-05-01 21:43:49 CEST - quant_edge - DEBUG - Ticker añadido al universo: ZCAR
2025-05-01 21:43:49 CEST - quant_edge - DEBUG - Ticker añadido al universo: WEEK
2025-05-01 21:43:49 CEST - quant_edge - DEBUG - Ticker añadido al universo: KIDZ
2025-05-01 21:43:49 CEST - quant_edge - DEBUG - Ticker añadido al universo: PAPL
2025-05-01 21:43:49 CEST - quant_edge - DEBUG - Ticker añadido al universo: DEEF
2025-05-01 21:43:49 CEST - quant_edge - DEBUG - Ticker añadido al universo: QBER
2025-05-01 21:43:49 CEST - quant_edge - DEBUG - Ticker añadido al universo: CAAA
2025-05-01 21:43:49 CEST - quant_edge - DEBUG - Ticker añadido al universo: OGSP
2025-05-01 21:43:49 CEST - quant_edge - DEBUG - Ticker añadido al universo: PBMY
2025-05-01 21:43:49 CEST - quant_edge - DEBUG - Ticker añadido al universo: KRON
2025-05-01 21:43:49 CEST - quant_edge - DEBUG - Ticker añadido al universo: AUGZ
2025-05-01 21:43:49 CEST - quant_edge - DEBUG - Ticker añadido al universo: PRXV
2025-05-01 21:43:49 CEST - quant_edge - DEBUG - Ticker añadido al universo: VCIC
2025-05-01 21:43:49 CEST - quant_edge - DEBUG - Ticker añadido al universo: SEPP
2025-05-01 21:43:49 CEST - quant_edge - DEBUG - Ticker añadido al universo: QCML
2025-05-01 21:43:49 CEST - quant_edge - DEBUG - Ticker añadido al universo: BACQU
2025-05-01 21:43:49 CEST - quant_edge - DEBUG - Ticker añadido al universo: UMAY
2025-05-01 21:43:49 CEST - quant_edge - DEBUG - Ticker añadido al universo: FLJJ
2025-05-01 21:43:49 CEST - quant_edge - DEBUG - Ticker añadido al universo: SEPT
2025-05-01 21:43:49 CEST - quant_edge - DEBUG - Ticker añadido al universo: BNGE
2025-05-01 21:43:49 CEST - quant_edge - DEBUG - Ticker añadido al universo: DRCT
2025-05-01 21:43:49 CEST - quant_edge - DEBUG - Ticker añadido al universo: AUGW
2025-05-01 21:43:49 CEST - quant_edge - DEBUG - Ticker añadido al universo: FLAO
2025-05-01 21:43:49 CEST - quant_edge - DEBUG - Ticker añadido al universo: LEGT
2025-05-01 21:43:49 CEST - quant_edge - DEBUG - Ticker añadido al universo: XTJL
2025-05-01 21:43:49 CEST - quant_edge - DEBUG - Ticker añadido al universo: EQLT
2025-05-01 21:43:49 CEST - quant_edge - DEBUG - Ticker añadido al universo: ATNF
2025-05-01 21:43:49 CEST - quant_edge - DEBUG - Ticker añadido al universo: HCTI
2025-05-01 21:43:49 CEST - quant_edge - DEBUG - Ticker añadido al universo: HOOK
2025-05-01 21:43:49 CEST - quant_edge - DEBUG - Ticker añadido al universo: GPAT
2025-05-01 21:43:49 CEST - quant_edge - DEBUG - Ticker añadido al universo: PRSO
2025-05-01 21:43:49 CEST - quant_edge - DEBUG - Ticker añadido al universo: PXI
2025-05-01 21:43:49 CEST - quant_edge - DEBUG - Ticker añadido al universo: BMAY
2025-05-01 21:43:49 CEST - quant_edge - DEBUG - Ticker añadido al universo: CDTG
2025-05-01 21:43:49 CEST - quant_edge - DEBUG - Ticker añadido al universo: MAYT
2025-05-01 21:43:49 CEST - quant_edge - DEBUG - Ticker añadido al universo: MVPL
2025-05-01 21:43:49 CEST - quant_edge - DEBUG - Ticker añadido al universo: YJ
2025-05-01 21:43:49 CEST - quant_edge - DEBUG - Ticker añadido al universo: FLHY
2025-05-01 21:43:49 CEST - quant_edge - DEBUG - Ticker añadido al universo: MEDX
2025-05-01 21:43:49 CEST - quant_edge - DEBUG - Ticker añadido al universo: DHAI
2025-05-01 21:43:49 CEST - quant_edge - DEBUG - Ticker añadido al universo: RNAZ
2025-05-01 21:43:49 CEST - quant_edge - DEBUG - Ticker añadido al universo: QCLR
2025-05-01 21:43:49 CEST - quant_edge - DEBUG - Ticker añadido al universo: PRXG
2025-05-01 21:43:49 CEST - quant_edge - DEBUG - Ticker añadido al universo: MFSI
2025-05-01 21:43:49 CEST - quant_edge - DEBUG - Ticker añadido al universo: ELIL
2025-05-01 21:43:49 CEST - quant_edge - DEBUG - Ticker añadido al universo: MAYP
2025-05-01 21:43:49 CEST - quant_edge - DEBUG - Ticker añadido al universo: NVNI
2025-05-01 21:43:49 CEST - quant_edge - DEBUG - Ticker añadido al universo: OND
2025-05-01 21:43:49 CEST - quant_edge - DEBUG - Ticker añadido al universo: MAYW
2025-05-01 21:43:49 CEST - quant_edge - DEBUG - Ticker añadido al universo: XTOC
2025-05-01 21:43:49 CEST - quant_edge - INFO - Universo actualizado. 200 tickers califican.
2025-05-01 21:43:49 CEST - quant_edge - INFO - Solicitando fundamentales para ZCAR con reportType='REPORTS_FIN_STATEMENT'
2025-05-01 21:43:49 CEST - quant_edge - INFO - Solicitando fundamentales para WEEK con reportType='REPORTS_FIN_STATEMENT'
2025-05-01 21:43:49 CEST - quant_edge - INFO - Solicitando fundamentales para KIDZ con reportType='REPORTS_FIN_STATEMENT'
2025-05-01 21:43:49 CEST - quant_edge - INFO - Solicitando fundamentales para PAPL con reportType='REPORTS_FIN_STATEMENT'
2025-05-01 21:43:49 CEST - quant_edge - INFO - Solicitando fundamentales para DEEF con reportType='REPORTS_FIN_STATEMENT'
2025-05-01 21:43:49 CEST - quant_edge - INFO - Solicitando fundamentales para QBER con reportType='REPORTS_FIN_STATEMENT'
2025-05-01 21:43:49 CEST - quant_edge - INFO - Solicitando fundamentales para CAAA con reportType='REPORTS_FIN_STATEMENT'
2025-05-01 21:43:49 CEST - quant_edge - INFO - Solicitando fundamentales para OGSP con reportType='REPORTS_FIN_STATEMENT'
2025-05-01 21:43:49 CEST - quant_edge - INFO - Solicitando fundamentales para PBMY con reportType='REPORTS_FIN_STATEMENT'
2025-05-01 21:43:49 CEST - quant_edge - INFO - Solicitando fundamentales para KRON con reportType='REPORTS_FIN_STATEMENT'
2025-05-01 21:43:49 CEST - quant_edge - INFO - Solicitando fundamentales para AUGZ con reportType='REPORTS_FIN_STATEMENT'
2025-05-01 21:43:49 CEST - quant_edge - INFO - Solicitando fundamentales para PRXV con reportType='REPORTS_FIN_STATEMENT'
2025-05-01 21:43:49 CEST - quant_edge - INFO - Solicitando fundamentales para VCIC con reportType='REPORTS_FIN_STATEMENT'
2025-05-01 21:43:49 CEST - quant_edge - INFO - Solicitando fundamentales para SEPP con reportType='REPORTS_FIN_STATEMENT'
2025-05-01 21:43:49 CEST - quant_edge - INFO - Solicitando fundamentales para QCML con reportType='REPORTS_FIN_STATEMENT'
2025-05-01 21:43:49 CEST - quant_edge - INFO - Solicitando fundamentales para BACQU con reportType='REPORTS_FIN_STATEMENT'
2025-05-01 21:43:49 CEST - quant_edge - INFO - Solicitando fundamentales para UMAY con reportType='REPORTS_FIN_STATEMENT'
2025-05-01 21:43:49 CEST - quant_edge - INFO - Solicitando fundamentales para FLJJ con reportType='REPORTS_FIN_STATEMENT'
2025-05-01 21:43:49 CEST - quant_edge - INFO - Solicitando fundamentales para SEPT con reportType='REPORTS_FIN_STATEMENT'
2025-05-01 21:43:49 CEST - quant_edge - INFO - Solicitando fundamentales para BNGE con reportType='REPORTS_FIN_STATEMENT'
2025-05-01 21:43:49 CEST - quant_edge - INFO - Solicitando fundamentales para DRCT con reportType='REPORTS_FIN_STATEMENT'
2025-05-01 21:43:49 CEST - quant_edge - INFO - Solicitando fundamentales para AUGW con reportType='REPORTS_FIN_STATEMENT'
2025-05-01 21:43:49 CEST - quant_edge - INFO - Solicitando fundamentales para FLAO con reportType='REPORTS_FIN_STATEMENT'
2025-05-01 21:43:49 CEST - quant_edge - INFO - Solicitando fundamentales para LEGT con reportType='REPORTS_FIN_STATEMENT'
2025-05-01 21:43:49 CEST - quant_edge - INFO - Solicitando fundamentales para XTJL con reportType='REPORTS_FIN_STATEMENT'
2025-05-01 21:43:49 CEST - quant_edge - INFO - Solicitando fundamentales para EQLT con reportType='REPORTS_FIN_STATEMENT'
2025-05-01 21:43:49 CEST - quant_edge - INFO - Solicitando fundamentales para ATNF con reportType='REPORTS_FIN_STATEMENT'
2025-05-01 21:43:49 CEST - quant_edge - INFO - Solicitando fundamentales para HCTI con reportType='REPORTS_FIN_STATEMENT'
2025-05-01 21:43:49 CEST - quant_edge - INFO - Solicitando fundamentales para HOOK con reportType='REPORTS_FIN_STATEMENT'
2025-05-01 21:43:49 CEST - quant_edge - INFO - Solicitando fundamentales para GPAT con reportType='REPORTS_FIN_STATEMENT'
2025-05-01 21:43:49 CEST - quant_edge - INFO - Solicitando fundamentales para PRSO con reportType='REPORTS_FIN_STATEMENT'
2025-05-01 21:43:49 CEST - quant_edge - INFO - Solicitando fundamentales para PXI con reportType='REPORTS_FIN_STATEMENT'
2025-05-01 21:43:49 CEST - quant_edge - INFO - Solicitando fundamentales para BMAY con reportType='REPORTS_FIN_STATEMENT'
2025-05-01 21:43:49 CEST - quant_edge - INFO - Solicitando fundamentales para CDTG con reportType='REPORTS_FIN_STATEMENT'
2025-05-01 21:43:49 CEST - quant_edge - INFO - Solicitando fundamentales para MAYT con reportType='REPORTS_FIN_STATEMENT'
2025-05-01 21:43:49 CEST - quant_edge - INFO - Solicitando fundamentales para MVPL con reportType='REPORTS_FIN_STATEMENT'
2025-05-01 21:43:49 CEST - quant_edge - INFO - Solicitando fundamentales para YJ con reportType='REPORTS_FIN_STATEMENT'
2025-05-01 21:43:49 CEST - quant_edge - INFO - Solicitando fundamentales para FLHY con reportType='REPORTS_FIN_STATEMENT'
2025-05-01 21:43:49 CEST - quant_edge - INFO - Solicitando fundamentales para MEDX con reportType='REPORTS_FIN_STATEMENT'
2025-05-01 21:43:49 CEST - quant_edge - INFO - Solicitando fundamentales para RNAZ con reportType='REPORTS_FIN_STATEMENT'
2025-05-01 21:43:49 CEST - quant_edge - INFO - Solicitando fundamentales para QCLR con reportType='REPORTS_FIN_STATEMENT'
2025-05-01 21:43:49 CEST - quant_edge - INFO - Solicitando fundamentales para DHAI con reportType='REPORTS_FIN_STATEMENT'
2025-05-01 21:43:49 CEST - quant_edge - INFO - Solicitando fundamentales para PRXG con reportType='REPORTS_FIN_STATEMENT'
2025-05-01 21:43:49 CEST - quant_edge - INFO - Solicitando fundamentales para MFSI con reportType='REPORTS_FIN_STATEMENT'
2025-05-01 21:43:49 CEST - quant_edge - INFO - Solicitando fundamentales para ELIL con reportType='REPORTS_FIN_STATEMENT'
2025-05-01 21:43:49 CEST - quant_edge - INFO - Solicitando fundamentales para MAYP con reportType='REPORTS_FIN_STATEMENT'
2025-05-01 21:43:49 CEST - quant_edge - INFO - Solicitando fundamentales para NVNI con reportType='REPORTS_FIN_STATEMENT'
2025-05-01 21:43:49 CEST - quant_edge - INFO - Solicitando fundamentales para OND con reportType='REPORTS_FIN_STATEMENT'
2025-05-01 21:43:49 CEST - quant_edge - INFO - Solicitando fundamentales para MAYW con reportType='REPORTS_FIN_STATEMENT'
2025-05-01 21:43:49 CEST - quant_edge - INFO - Solicitando fundamentales para MMLG con reportType='REPORTS_FIN_STATEMENT'
2025-05-01 21:43:49 CEST - quant_edge - INFO - Solicitando fundamentales para ZCAR con reportType='REPORTS_FIN_STATEMENT'
2025-05-01 21:43:49 CEST - quant_edge - INFO - Solicitando fundamentales para WEEK con reportType='REPORTS_FIN_STATEMENT'
2025-05-01 21:43:49 CEST - quant_edge - INFO - Solicitando fundamentales para KIDZ con reportType='REPORTS_FIN_STATEMENT'
2025-05-01 21:43:49 CEST - quant_edge - INFO - Solicitando fundamentales para PAPL con reportType='REPORTS_FIN_STATEMENT'
2025-05-01 21:43:49 CEST - quant_edge - INFO - Solicitando fundamentales para DEEF con reportType='REPORTS_FIN_STATEMENT'
2025-05-01 21:43:49 CEST - quant_edge - INFO - Solicitando fundamentales para QBER con reportType='REPORTS_FIN_STATEMENT'
2025-05-01 21:43:49 CEST - quant_edge - INFO - Solicitando fundamentales para CAAA con reportType='REPORTS_FIN_STATEMENT'
2025-05-01 21:43:49 CEST - quant_edge - INFO - Solicitando fundamentales para OGSP con reportType='REPORTS_FIN_STATEMENT'
2025-05-01 21:43:49 CEST - quant_edge - INFO - Solicitando fundamentales para PBMY con reportType='REPORTS_FIN_STATEMENT'
2025-05-01 21:43:49 CEST - quant_edge - INFO - Solicitando fundamentales para KRON con reportType='REPORTS_FIN_STATEMENT'
2025-05-01 21:43:49 CEST - quant_edge - INFO - Solicitando fundamentales para AUGZ con reportType='REPORTS_FIN_STATEMENT'
2025-05-01 21:43:49 CEST - quant_edge - INFO - Solicitando fundamentales para PRXV con reportType='REPORTS_FIN_STATEMENT'
2025-05-01 21:43:49 CEST - quant_edge - INFO - Solicitando fundamentales para VCIC con reportType='REPORTS_FIN_STATEMENT'
2025-05-01 21:43:49 CEST - quant_edge - INFO - Solicitando fundamentales para SEPP con reportType='REPORTS_FIN_STATEMENT'
2025-05-01 21:43:49 CEST - quant_edge - INFO - Solicitando fundamentales para QCML con reportType='REPORTS_FIN_STATEMENT'
2025-05-01 21:43:49 CEST - quant_edge - INFO - Solicitando fundamentales para BACQU con reportType='REPORTS_FIN_STATEMENT'
2025-05-01 21:43:49 CEST - quant_edge - INFO - Solicitando fundamentales para UMAY con reportType='REPORTS_FIN_STATEMENT'
2025-05-01 21:43:49 CEST - quant_edge - INFO - Solicitando fundamentales para FLJJ con reportType='REPORTS_FIN_STATEMENT'
2025-05-01 21:43:49 CEST - quant_edge - INFO - Solicitando fundamentales para SEPT con reportType='REPORTS_FIN_STATEMENT'
2025-05-01 21:43:49 CEST - quant_edge - INFO - Solicitando fundamentales para BNGE con reportType='REPORTS_FIN_STATEMENT'
2025-05-01 21:43:49 CEST - quant_edge - INFO - Solicitando fundamentales para DRCT con reportType='REPORTS_FIN_STATEMENT'
2025-05-01 21:43:49 CEST - quant_edge - INFO - Solicitando fundamentales para AUGW con reportType='REPORTS_FIN_STATEMENT'
2025-05-01 21:43:49 CEST - quant_edge - INFO - Solicitando fundamentales para FLAO con reportType='REPORTS_FIN_STATEMENT'
2025-05-01 21:43:49 CEST - quant_edge - INFO - Solicitando fundamentales para LEGT con reportType='REPORTS_FIN_STATEMENT'
2025-05-01 21:43:49 CEST - quant_edge - INFO - Solicitando fundamentales para XTJL con reportType='REPORTS_FIN_STATEMENT'
2025-05-01 21:43:49 CEST - quant_edge - INFO - Solicitando fundamentales para EQLT con reportType='REPORTS_FIN_STATEMENT'
2025-05-01 21:43:49 CEST - quant_edge - INFO - Solicitando fundamentales para ATNF con reportType='REPORTS_FIN_STATEMENT'
2025-05-01 21:43:49 CEST - quant_edge - INFO - Solicitando fundamentales para HCTI con reportType='REPORTS_FIN_STATEMENT'
2025-05-01 21:43:49 CEST - quant_edge - INFO - Solicitando fundamentales para HOOK con reportType='REPORTS_FIN_STATEMENT'
2025-05-01 21:43:49 CEST - quant_edge - INFO - Solicitando fundamentales para GPAT con reportType='REPORTS_FIN_STATEMENT'
2025-05-01 21:43:49 CEST - quant_edge - INFO - Solicitando fundamentales para PRSO con reportType='REPORTS_FIN_STATEMENT'
2025-05-01 21:43:49 CEST - quant_edge - INFO - Solicitando fundamentales para PXI con reportType='REPORTS_FIN_STATEMENT'
2025-05-01 21:43:49 CEST - quant_edge - INFO - Solicitando fundamentales para BMAY con reportType='REPORTS_FIN_STATEMENT'
2025-05-01 21:43:49 CEST - quant_edge - INFO - Solicitando fundamentales para CDTG con reportType='REPORTS_FIN_STATEMENT'
2025-05-01 21:43:49 CEST - quant_edge - INFO - Solicitando fundamentales para MAYT con reportType='REPORTS_FIN_STATEMENT'
2025-05-01 21:43:49 CEST - quant_edge - INFO - Solicitando fundamentales para MVPL con reportType='REPORTS_FIN_STATEMENT'
2025-05-01 21:43:49 CEST - quant_edge - INFO - Solicitando fundamentales para YJ con reportType='REPORTS_FIN_STATEMENT'
2025-05-01 21:43:49 CEST - quant_edge - INFO - Solicitando fundamentales para FLHY con reportType='REPORTS_FIN_STATEMENT'
2025-05-01 21:43:49 CEST - quant_edge - INFO - Solicitando fundamentales para MEDX con reportType='REPORTS_FIN_STATEMENT'
2025-05-01 21:43:49 CEST - quant_edge - INFO - Solicitando fundamentales para DHAI con reportType='REPORTS_FIN_STATEMENT'
2025-05-01 21:43:49 CEST - quant_edge - INFO - Solicitando fundamentales para RNAZ con reportType='REPORTS_FIN_STATEMENT'
2025-05-01 21:43:49 CEST - quant_edge - INFO - Solicitando fundamentales para QCLR con reportType='REPORTS_FIN_STATEMENT'
2025-05-01 21:43:49 CEST - quant_edge - INFO - Solicitando fundamentales para PRXG con reportType='REPORTS_FIN_STATEMENT'
2025-05-01 21:43:49 CEST - quant_edge - INFO - Solicitando fundamentales para MFSI con reportType='REPORTS_FIN_STATEMENT'
2025-05-01 21:43:49 CEST - quant_edge - INFO - Solicitando fundamentales para ELIL con reportType='REPORTS_FIN_STATEMENT'
2025-05-01 21:43:49 CEST - quant_edge - INFO - Solicitando fundamentales para MAYP con reportType='REPORTS_FIN_STATEMENT'
2025-05-01 21:43:49 CEST - quant_edge - INFO - Solicitando fundamentales para NVNI con reportType='REPORTS_FIN_STATEMENT'
2025-05-01 21:43:49 CEST - quant_edge - INFO - Solicitando fundamentales para OND con reportType='REPORTS_FIN_STATEMENT'
2025-05-01 21:43:49 CEST - quant_edge - INFO - Solicitando fundamentales para MAYW con reportType='REPORTS_FIN_STATEMENT'
2025-05-01 21:43:49 CEST - quant_edge - INFO - Solicitando fundamentales para XTOC con reportType='REPORTS_FIN_STATEMENT'
2025-05-01 21:43:49 CEST - quant_edge - INFO - Solicitando fundamentales para ZCAR con reportType='REPORTS_FIN_STATEMENT'
2025-05-01 21:43:49 CEST - quant_edge - INFO - Solicitando fundamentales para WEEK con reportType='REPORTS_FIN_STATEMENT'
2025-05-01 21:43:49 CEST - quant_edge - INFO - Solicitando fundamentales para KIDZ con reportType='REPORTS_FIN_STATEMENT'
2025-05-01 21:43:49 CEST - quant_edge - INFO - Solicitando fundamentales para PAPL con reportType='REPORTS_FIN_STATEMENT'
2025-05-01 21:43:49 CEST - quant_edge - INFO - Solicitando fundamentales para DEEF con reportType='REPORTS_FIN_STATEMENT'
2025-05-01 21:43:49 CEST - quant_edge - INFO - Solicitando fundamentales para QBER con reportType='REPORTS_FIN_STATEMENT'
2025-05-01 21:43:49 CEST - quant_edge - INFO - Solicitando fundamentales para CAAA con reportType='REPORTS_FIN_STATEMENT'
2025-05-01 21:43:49 CEST - quant_edge - INFO - Solicitando fundamentales para OGSP con reportType='REPORTS_FIN_STATEMENT'
2025-05-01 21:43:49 CEST - quant_edge - INFO - Solicitando fundamentales para PBMY con reportType='REPORTS_FIN_STATEMENT'
2025-05-01 21:43:49 CEST - quant_edge - INFO - Solicitando fundamentales para KRON con reportType='REPORTS_FIN_STATEMENT'
2025-05-01 21:43:49 CEST - quant_edge - INFO - Solicitando fundamentales para AUGZ con reportType='REPORTS_FIN_STATEMENT'
2025-05-01 21:43:49 CEST - quant_edge - INFO - Solicitando fundamentales para PRXV con reportType='REPORTS_FIN_STATEMENT'
2025-05-01 21:43:49 CEST - quant_edge - INFO - Solicitando fundamentales para VCIC con reportType='REPORTS_FIN_STATEMENT'
2025-05-01 21:43:49 CEST - quant_edge - INFO - Solicitando fundamentales para SEPP con reportType='REPORTS_FIN_STATEMENT'
2025-05-01 21:43:49 CEST - quant_edge - INFO - Solicitando fundamentales para QCML con reportType='REPORTS_FIN_STATEMENT'
2025-05-01 21:43:49 CEST - quant_edge - INFO - Solicitando fundamentales para BACQU con reportType='REPORTS_FIN_STATEMENT'
2025-05-01 21:43:49 CEST - quant_edge - INFO - Solicitando fundamentales para UMAY con reportType='REPORTS_FIN_STATEMENT'
2025-05-01 21:43:49 CEST - quant_edge - INFO - Solicitando fundamentales para FLJJ con reportType='REPORTS_FIN_STATEMENT'
2025-05-01 21:43:49 CEST - quant_edge - INFO - Solicitando fundamentales para SEPT con reportType='REPORTS_FIN_STATEMENT'
2025-05-01 21:43:49 CEST - quant_edge - INFO - Solicitando fundamentales para BNGE con reportType='REPORTS_FIN_STATEMENT'
2025-05-01 21:43:49 CEST - quant_edge - INFO - Solicitando fundamentales para DRCT con reportType='REPORTS_FIN_STATEMENT'
2025-05-01 21:43:49 CEST - quant_edge - INFO - Solicitando fundamentales para AUGW con reportType='REPORTS_FIN_STATEMENT'
2025-05-01 21:43:49 CEST - quant_edge - INFO - Solicitando fundamentales para FLAO con reportType='REPORTS_FIN_STATEMENT'
2025-05-01 21:43:49 CEST - quant_edge - INFO - Solicitando fundamentales para LEGT con reportType='REPORTS_FIN_STATEMENT'
2025-05-01 21:43:49 CEST - quant_edge - INFO - Solicitando fundamentales para XTJL con reportType='REPORTS_FIN_STATEMENT'
2025-05-01 21:43:49 CEST - quant_edge - INFO - Solicitando fundamentales para EQLT con reportType='REPORTS_FIN_STATEMENT'
2025-05-01 21:43:49 CEST - quant_edge - INFO - Solicitando fundamentales para ATNF con reportType='REPORTS_FIN_STATEMENT'
2025-05-01 21:43:49 CEST - quant_edge - INFO - Solicitando fundamentales para HCTI con reportType='REPORTS_FIN_STATEMENT'
2025-05-01 21:43:49 CEST - quant_edge - INFO - Solicitando fundamentales para HOOK con reportType='REPORTS_FIN_STATEMENT'
2025-05-01 21:43:49 CEST - quant_edge - INFO - Solicitando fundamentales para GPAT con reportType='REPORTS_FIN_STATEMENT'
2025-05-01 21:43:49 CEST - quant_edge - INFO - Solicitando fundamentales para PRSO con reportType='REPORTS_FIN_STATEMENT'
2025-05-01 21:43:49 CEST - quant_edge - INFO - Solicitando fundamentales para PXI con reportType='REPORTS_FIN_STATEMENT'
2025-05-01 21:43:49 CEST - quant_edge - INFO - Solicitando fundamentales para BMAY con reportType='REPORTS_FIN_STATEMENT'
2025-05-01 21:43:49 CEST - quant_edge - INFO - Solicitando fundamentales para CDTG con reportType='REPORTS_FIN_STATEMENT'
2025-05-01 21:43:49 CEST - quant_edge - INFO - Solicitando fundamentales para MAYT con reportType='REPORTS_FIN_STATEMENT'
2025-05-01 21:43:49 CEST - quant_edge - INFO - Solicitando fundamentales para MVPL con reportType='REPORTS_FIN_STATEMENT'
2025-05-01 21:43:49 CEST - quant_edge - INFO - Solicitando fundamentales para YJ con reportType='REPORTS_FIN_STATEMENT'
2025-05-01 21:43:49 CEST - quant_edge - INFO - Solicitando fundamentales para FLHY con reportType='REPORTS_FIN_STATEMENT'
2025-05-01 21:43:49 CEST - quant_edge - INFO - Solicitando fundamentales para MEDX con reportType='REPORTS_FIN_STATEMENT'
2025-05-01 21:43:49 CEST - quant_edge - INFO - Solicitando fundamentales para DHAI con reportType='REPORTS_FIN_STATEMENT'
2025-05-01 21:43:49 CEST - quant_edge - INFO - Solicitando fundamentales para RNAZ con reportType='REPORTS_FIN_STATEMENT'
2025-05-01 21:43:49 CEST - quant_edge - INFO - Solicitando fundamentales para QCLR con reportType='REPORTS_FIN_STATEMENT'
2025-05-01 21:43:49 CEST - quant_edge - INFO - Solicitando fundamentales para PRXG con reportType='REPORTS_FIN_STATEMENT'
2025-05-01 21:43:49 CEST - quant_edge - INFO - Solicitando fundamentales para MFSI con reportType='REPORTS_FIN_STATEMENT'
2025-05-01 21:43:49 CEST - quant_edge - INFO - Solicitando fundamentales para ELIL con reportType='REPORTS_FIN_STATEMENT'
2025-05-01 21:43:49 CEST - quant_edge - INFO - Solicitando fundamentales para MAYP con reportType='REPORTS_FIN_STATEMENT'
2025-05-01 21:43:49 CEST - quant_edge - INFO - Solicitando fundamentales para NVNI con reportType='REPORTS_FIN_STATEMENT'
2025-05-01 21:43:49 CEST - quant_edge - INFO - Solicitando fundamentales para OND con reportType='REPORTS_FIN_STATEMENT'
2025-05-01 21:43:49 CEST - quant_edge - INFO - Solicitando fundamentales para MAYW con reportType='REPORTS_FIN_STATEMENT'
2025-05-01 21:43:49 CEST - quant_edge - INFO - Solicitando fundamentales para XTOC con reportType='REPORTS_FIN_STATEMENT'
2025-05-01 21:43:49 CEST - quant_edge - INFO - Solicitando fundamentales para ZCAR con reportType='REPORTS_FIN_STATEMENT'
2025-05-01 21:43:49 CEST - quant_edge - INFO - Solicitando fundamentales para WEEK con reportType='REPORTS_FIN_STATEMENT'
2025-05-01 21:43:49 CEST - quant_edge - INFO - Solicitando fundamentales para KIDZ con reportType='REPORTS_FIN_STATEMENT'
2025-05-01 21:43:49 CEST - quant_edge - INFO - Solicitando fundamentales para PAPL con reportType='REPORTS_FIN_STATEMENT'
2025-05-01 21:43:49 CEST - quant_edge - INFO - Solicitando fundamentales para DEEF con reportType='REPORTS_FIN_STATEMENT'
2025-05-01 21:43:49 CEST - quant_edge - INFO - Solicitando fundamentales para QBER con reportType='REPORTS_FIN_STATEMENT'
2025-05-01 21:43:49 CEST - quant_edge - INFO - Solicitando fundamentales para CAAA con reportType='REPORTS_FIN_STATEMENT'
2025-05-01 21:43:49 CEST - quant_edge - INFO - Solicitando fundamentales para OGSP con reportType='REPORTS_FIN_STATEMENT'
2025-05-01 21:43:49 CEST - quant_edge - INFO - Solicitando fundamentales para PBMY con reportType='REPORTS_FIN_STATEMENT'
2025-05-01 21:43:49 CEST - quant_edge - INFO - Solicitando fundamentales para KRON con reportType='REPORTS_FIN_STATEMENT'
2025-05-01 21:43:49 CEST - quant_edge - INFO - Solicitando fundamentales para AUGZ con reportType='REPORTS_FIN_STATEMENT'
2025-05-01 21:43:49 CEST - quant_edge - INFO - Solicitando fundamentales para PRXV con reportType='REPORTS_FIN_STATEMENT'
2025-05-01 21:43:49 CEST - quant_edge - INFO - Solicitando fundamentales para VCIC con reportType='REPORTS_FIN_STATEMENT'
2025-05-01 21:43:49 CEST - quant_edge - INFO - Solicitando fundamentales para SEPP con reportType='REPORTS_FIN_STATEMENT'
2025-05-01 21:43:49 CEST - quant_edge - INFO - Solicitando fundamentales para QCML con reportType='REPORTS_FIN_STATEMENT'
2025-05-01 21:43:49 CEST - quant_edge - INFO - Solicitando fundamentales para BACQU con reportType='REPORTS_FIN_STATEMENT'
2025-05-01 21:43:49 CEST - quant_edge - INFO - Solicitando fundamentales para UMAY con reportType='REPORTS_FIN_STATEMENT'
2025-05-01 21:43:49 CEST - quant_edge - INFO - Solicitando fundamentales para FLJJ con reportType='REPORTS_FIN_STATEMENT'
2025-05-01 21:43:49 CEST - quant_edge - INFO - Solicitando fundamentales para SEPT con reportType='REPORTS_FIN_STATEMENT'
2025-05-01 21:43:49 CEST - quant_edge - INFO - Solicitando fundamentales para BNGE con reportType='REPORTS_FIN_STATEMENT'
2025-05-01 21:43:49 CEST - quant_edge - INFO - Solicitando fundamentales para DRCT con reportType='REPORTS_FIN_STATEMENT'
2025-05-01 21:43:49 CEST - quant_edge - INFO - Solicitando fundamentales para AUGW con reportType='REPORTS_FIN_STATEMENT'
2025-05-01 21:43:49 CEST - quant_edge - INFO - Solicitando fundamentales para FLAO con reportType='REPORTS_FIN_STATEMENT'
2025-05-01 21:43:49 CEST - quant_edge - INFO - Solicitando fundamentales para LEGT con reportType='REPORTS_FIN_STATEMENT'
2025-05-01 21:43:49 CEST - quant_edge - INFO - Solicitando fundamentales para XTJL con reportType='REPORTS_FIN_STATEMENT'
2025-05-01 21:43:49 CEST - quant_edge - INFO - Solicitando fundamentales para EQLT con reportType='REPORTS_FIN_STATEMENT'
2025-05-01 21:43:49 CEST - quant_edge - INFO - Solicitando fundamentales para ATNF con reportType='REPORTS_FIN_STATEMENT'
2025-05-01 21:43:49 CEST - quant_edge - INFO - Solicitando fundamentales para HCTI con reportType='REPORTS_FIN_STATEMENT'
2025-05-01 21:43:49 CEST - quant_edge - INFO - Solicitando fundamentales para HOOK con reportType='REPORTS_FIN_STATEMENT'
2025-05-01 21:43:49 CEST - quant_edge - INFO - Solicitando fundamentales para GPAT con reportType='REPORTS_FIN_STATEMENT'
2025-05-01 21:43:49 CEST - quant_edge - INFO - Solicitando fundamentales para PRSO con reportType='REPORTS_FIN_STATEMENT'
2025-05-01 21:43:49 CEST - quant_edge - INFO - Solicitando fundamentales para PXI con reportType='REPORTS_FIN_STATEMENT'
2025-05-01 21:43:49 CEST - quant_edge - INFO - Solicitando fundamentales para BMAY con reportType='REPORTS_FIN_STATEMENT'
2025-05-01 21:43:49 CEST - quant_edge - INFO - Solicitando fundamentales para CDTG con reportType='REPORTS_FIN_STATEMENT'
2025-05-01 21:43:49 CEST - quant_edge - INFO - Solicitando fundamentales para MAYT con reportType='REPORTS_FIN_STATEMENT'
2025-05-01 21:43:49 CEST - quant_edge - INFO - Solicitando fundamentales para MVPL con reportType='REPORTS_FIN_STATEMENT'
2025-05-01 21:43:49 CEST - quant_edge - INFO - Solicitando fundamentales para YJ con reportType='REPORTS_FIN_STATEMENT'
2025-05-01 21:43:49 CEST - quant_edge - INFO - Solicitando fundamentales para FLHY con reportType='REPORTS_FIN_STATEMENT'
2025-05-01 21:43:49 CEST - quant_edge - INFO - Solicitando fundamentales para MEDX con reportType='REPORTS_FIN_STATEMENT'
2025-05-01 21:43:49 CEST - quant_edge - INFO - Solicitando fundamentales para DHAI con reportType='REPORTS_FIN_STATEMENT'
2025-05-01 21:43:49 CEST - quant_edge - INFO - Solicitando fundamentales para RNAZ con reportType='REPORTS_FIN_STATEMENT'
2025-05-01 21:43:49 CEST - quant_edge - INFO - Solicitando fundamentales para QCLR con reportType='REPORTS_FIN_STATEMENT'
2025-05-01 21:43:49 CEST - quant_edge - INFO - Solicitando fundamentales para PRXG con reportType='REPORTS_FIN_STATEMENT'
2025-05-01 21:43:49 CEST - quant_edge - INFO - Solicitando fundamentales para MFSI con reportType='REPORTS_FIN_STATEMENT'
2025-05-01 21:43:49 CEST - quant_edge - INFO - Solicitando fundamentales para ELIL con reportType='REPORTS_FIN_STATEMENT'
2025-05-01 21:43:49 CEST - quant_edge - INFO - Solicitando fundamentales para MAYP con reportType='REPORTS_FIN_STATEMENT'
2025-05-01 21:43:49 CEST - quant_edge - INFO - Solicitando fundamentales para NVNI con reportType='REPORTS_FIN_STATEMENT'
2025-05-01 21:43:49 CEST - quant_edge - INFO - Solicitando fundamentales para OND con reportType='REPORTS_FIN_STATEMENT'
2025-05-01 21:43:49 CEST - quant_edge - INFO - Solicitando fundamentales para MAYW con reportType='REPORTS_FIN_STATEMENT'
2025-05-01 21:43:49 CEST - quant_edge - INFO - Solicitando fundamentales para XTOC con reportType='REPORTS_FIN_STATEMENT'
2025-05-01 21:44:24 CEST - quant_edge - DEBUG - Ticker añadido al universo: ZCAR
2025-05-01 21:44:24 CEST - quant_edge - DEBUG - Ticker añadido al universo: WEEK
2025-05-01 21:44:24 CEST - quant_edge - DEBUG - Ticker añadido al universo: KIDZ
2025-05-01 21:44:24 CEST - quant_edge - DEBUG - Ticker añadido al universo: PAPL
2025-05-01 21:44:24 CEST - quant_edge - DEBUG - Ticker añadido al universo: DEEF
2025-05-01 21:44:24 CEST - quant_edge - DEBUG - Ticker añadido al universo: QBER
2025-05-01 21:44:24 CEST - quant_edge - DEBUG - Ticker añadido al universo: CAAA
2025-05-01 21:44:24 CEST - quant_edge - DEBUG - Ticker añadido al universo: OGSP
2025-05-01 21:44:24 CEST - quant_edge - DEBUG - Ticker añadido al universo: PBMY
2025-05-01 21:44:24 CEST - quant_edge - DEBUG - Ticker añadido al universo: KRON
2025-05-01 21:44:24 CEST - quant_edge - DEBUG - Ticker añadido al universo: AUGZ
2025-05-01 21:44:24 CEST - quant_edge - DEBUG - Ticker añadido al universo: PRXV
2025-05-01 21:44:24 CEST - quant_edge - DEBUG - Ticker añadido al universo: VCIC
2025-05-01 21:44:24 CEST - quant_edge - DEBUG - Ticker añadido al universo: SEPP
2025-05-01 21:44:24 CEST - quant_edge - DEBUG - Ticker añadido al universo: QCML
2025-05-01 21:44:24 CEST - quant_edge - DEBUG - Ticker añadido al universo: BACQU
2025-05-01 21:44:24 CEST - quant_edge - DEBUG - Ticker añadido al universo: UMAY
2025-05-01 21:44:24 CEST - quant_edge - DEBUG - Ticker añadido al universo: FLJJ
2025-05-01 21:44:24 CEST - quant_edge - DEBUG - Ticker añadido al universo: SEPT
2025-05-01 21:44:24 CEST - quant_edge - DEBUG - Ticker añadido al universo: BNGE
2025-05-01 21:44:24 CEST - quant_edge - DEBUG - Ticker añadido al universo: DRCT
2025-05-01 21:44:24 CEST - quant_edge - DEBUG - Ticker añadido al universo: AUGW
2025-05-01 21:44:24 CEST - quant_edge - DEBUG - Ticker añadido al universo: FLAO
2025-05-01 21:44:24 CEST - quant_edge - DEBUG - Ticker añadido al universo: LEGT
2025-05-01 21:44:24 CEST - quant_edge - DEBUG - Ticker añadido al universo: XTJL
2025-05-01 21:44:24 CEST - quant_edge - DEBUG - Ticker añadido al universo: EQLT
2025-05-01 21:44:24 CEST - quant_edge - DEBUG - Ticker añadido al universo: ATNF
2025-05-01 21:44:24 CEST - quant_edge - DEBUG - Ticker añadido al universo: HCTI
2025-05-01 21:44:24 CEST - quant_edge - DEBUG - Ticker añadido al universo: HOOK
2025-05-01 21:44:24 CEST - quant_edge - DEBUG - Ticker añadido al universo: GPAT
2025-05-01 21:44:24 CEST - quant_edge - DEBUG - Ticker añadido al universo: PRSO
2025-05-01 21:44:24 CEST - quant_edge - DEBUG - Ticker añadido al universo: PXI
2025-05-01 21:44:24 CEST - quant_edge - DEBUG - Ticker añadido al universo: BMAY
2025-05-01 21:44:24 CEST - quant_edge - DEBUG - Ticker añadido al universo: CDTG
2025-05-01 21:44:24 CEST - quant_edge - DEBUG - Ticker añadido al universo: MAYT
2025-05-01 21:44:24 CEST - quant_edge - DEBUG - Ticker añadido al universo: MVPL
2025-05-01 21:44:24 CEST - quant_edge - DEBUG - Ticker añadido al universo: YJ
2025-05-01 21:44:24 CEST - quant_edge - DEBUG - Ticker añadido al universo: FLHY
2025-05-01 21:44:24 CEST - quant_edge - DEBUG - Ticker añadido al universo: MEDX
2025-05-01 21:44:24 CEST - quant_edge - DEBUG - Ticker añadido al universo: DHAI
2025-05-01 21:44:24 CEST - quant_edge - DEBUG - Ticker añadido al universo: RNAZ
2025-05-01 21:44:24 CEST - quant_edge - DEBUG - Ticker añadido al universo: QCLR
2025-05-01 21:44:24 CEST - quant_edge - DEBUG - Ticker añadido al universo: PRXG
2025-05-01 21:44:24 CEST - quant_edge - DEBUG - Ticker añadido al universo: MFSI
2025-05-01 21:44:24 CEST - quant_edge - DEBUG - Ticker añadido al universo: ELIL
2025-05-01 21:44:24 CEST - quant_edge - DEBUG - Ticker añadido al universo: MAYP
2025-05-01 21:44:24 CEST - quant_edge - DEBUG - Ticker añadido al universo: NVNI
2025-05-01 21:44:24 CEST - quant_edge - DEBUG - Ticker añadido al universo: OND
2025-05-01 21:44:24 CEST - quant_edge - DEBUG - Ticker añadido al universo: MAYW
2025-05-01 21:44:24 CEST - quant_edge - DEBUG - Ticker añadido al universo: XTOC
2025-05-01 21:44:24 CEST - quant_edge - INFO - Universo actualizado. 250 tickers califican.
2025-05-01 21:44:24 CEST - quant_edge - INFO - Solicitando fundamentales para ZCAR con reportType='REPORTS_FIN_STATEMENT'
2025-05-01 21:44:24 CEST - quant_edge - INFO - Solicitando fundamentales para WEEK con reportType='REPORTS_FIN_STATEMENT'
2025-05-01 21:44:24 CEST - quant_edge - INFO - Solicitando fundamentales para KIDZ con reportType='REPORTS_FIN_STATEMENT'
2025-05-01 21:44:24 CEST - quant_edge - INFO - Solicitando fundamentales para PAPL con reportType='REPORTS_FIN_STATEMENT'
2025-05-01 21:44:24 CEST - quant_edge - INFO - Solicitando fundamentales para DEEF con reportType='REPORTS_FIN_STATEMENT'
2025-05-01 21:44:24 CEST - quant_edge - INFO - Solicitando fundamentales para QBER con reportType='REPORTS_FIN_STATEMENT'
2025-05-01 21:44:24 CEST - quant_edge - INFO - Solicitando fundamentales para CAAA con reportType='REPORTS_FIN_STATEMENT'
2025-05-01 21:44:24 CEST - quant_edge - INFO - Solicitando fundamentales para OGSP con reportType='REPORTS_FIN_STATEMENT'
2025-05-01 21:44:24 CEST - quant_edge - INFO - Solicitando fundamentales para PBMY con reportType='REPORTS_FIN_STATEMENT'
2025-05-01 21:44:24 CEST - quant_edge - INFO - Solicitando fundamentales para KRON con reportType='REPORTS_FIN_STATEMENT'
2025-05-01 21:44:24 CEST - quant_edge - INFO - Solicitando fundamentales para AUGZ con reportType='REPORTS_FIN_STATEMENT'
2025-05-01 21:44:24 CEST - quant_edge - INFO - Solicitando fundamentales para PRXV con reportType='REPORTS_FIN_STATEMENT'
2025-05-01 21:44:24 CEST - quant_edge - INFO - Solicitando fundamentales para VCIC con reportType='REPORTS_FIN_STATEMENT'
2025-05-01 21:44:24 CEST - quant_edge - INFO - Solicitando fundamentales para SEPP con reportType='REPORTS_FIN_STATEMENT'
2025-05-01 21:44:24 CEST - quant_edge - INFO - Solicitando fundamentales para QCML con reportType='REPORTS_FIN_STATEMENT'
2025-05-01 21:44:24 CEST - quant_edge - INFO - Solicitando fundamentales para BACQU con reportType='REPORTS_FIN_STATEMENT'
2025-05-01 21:44:24 CEST - quant_edge - INFO - Solicitando fundamentales para UMAY con reportType='REPORTS_FIN_STATEMENT'
2025-05-01 21:44:24 CEST - quant_edge - INFO - Solicitando fundamentales para FLJJ con reportType='REPORTS_FIN_STATEMENT'
2025-05-01 21:44:24 CEST - quant_edge - INFO - Solicitando fundamentales para SEPT con reportType='REPORTS_FIN_STATEMENT'
2025-05-01 21:44:24 CEST - quant_edge - INFO - Solicitando fundamentales para BNGE con reportType='REPORTS_FIN_STATEMENT'
2025-05-01 21:44:24 CEST - quant_edge - INFO - Solicitando fundamentales para DRCT con reportType='REPORTS_FIN_STATEMENT'
2025-05-01 21:44:24 CEST - quant_edge - INFO - Solicitando fundamentales para AUGW con reportType='REPORTS_FIN_STATEMENT'
2025-05-01 21:44:24 CEST - quant_edge - INFO - Solicitando fundamentales para FLAO con reportType='REPORTS_FIN_STATEMENT'
2025-05-01 21:44:24 CEST - quant_edge - INFO - Solicitando fundamentales para LEGT con reportType='REPORTS_FIN_STATEMENT'
2025-05-01 21:44:24 CEST - quant_edge - INFO - Solicitando fundamentales para XTJL con reportType='REPORTS_FIN_STATEMENT'
2025-05-01 21:44:24 CEST - quant_edge - INFO - Solicitando fundamentales para EQLT con reportType='REPORTS_FIN_STATEMENT'
2025-05-01 21:44:24 CEST - quant_edge - INFO - Solicitando fundamentales para ATNF con reportType='REPORTS_FIN_STATEMENT'
2025-05-01 21:44:24 CEST - quant_edge - INFO - Solicitando fundamentales para HCTI con reportType='REPORTS_FIN_STATEMENT'
2025-05-01 21:44:24 CEST - quant_edge - INFO - Solicitando fundamentales para HOOK con reportType='REPORTS_FIN_STATEMENT'
2025-05-01 21:44:24 CEST - quant_edge - INFO - Solicitando fundamentales para GPAT con reportType='REPORTS_FIN_STATEMENT'
2025-05-01 21:44:24 CEST - quant_edge - INFO - Solicitando fundamentales para PRSO con reportType='REPORTS_FIN_STATEMENT'
2025-05-01 21:44:24 CEST - quant_edge - INFO - Solicitando fundamentales para PXI con reportType='REPORTS_FIN_STATEMENT'
2025-05-01 21:44:24 CEST - quant_edge - INFO - Solicitando fundamentales para BMAY con reportType='REPORTS_FIN_STATEMENT'
2025-05-01 21:44:24 CEST - quant_edge - INFO - Solicitando fundamentales para CDTG con reportType='REPORTS_FIN_STATEMENT'
2025-05-01 21:44:24 CEST - quant_edge - INFO - Solicitando fundamentales para MAYT con reportType='REPORTS_FIN_STATEMENT'
2025-05-01 21:44:24 CEST - quant_edge - INFO - Solicitando fundamentales para MVPL con reportType='REPORTS_FIN_STATEMENT'
2025-05-01 21:44:24 CEST - quant_edge - INFO - Solicitando fundamentales para YJ con reportType='REPORTS_FIN_STATEMENT'
2025-05-01 21:44:24 CEST - quant_edge - INFO - Solicitando fundamentales para FLHY con reportType='REPORTS_FIN_STATEMENT'
2025-05-01 21:44:24 CEST - quant_edge - INFO - Solicitando fundamentales para MEDX con reportType='REPORTS_FIN_STATEMENT'
2025-05-01 21:44:24 CEST - quant_edge - INFO - Solicitando fundamentales para RNAZ con reportType='REPORTS_FIN_STATEMENT'
2025-05-01 21:44:24 CEST - quant_edge - INFO - Solicitando fundamentales para QCLR con reportType='REPORTS_FIN_STATEMENT'
2025-05-01 21:44:24 CEST - quant_edge - INFO - Solicitando fundamentales para DHAI con reportType='REPORTS_FIN_STATEMENT'
2025-05-01 21:44:24 CEST - quant_edge - INFO - Solicitando fundamentales para PRXG con reportType='REPORTS_FIN_STATEMENT'
2025-05-01 21:44:24 CEST - quant_edge - INFO - Solicitando fundamentales para MFSI con reportType='REPORTS_FIN_STATEMENT'
2025-05-01 21:44:24 CEST - quant_edge - INFO - Solicitando fundamentales para ELIL con reportType='REPORTS_FIN_STATEMENT'
2025-05-01 21:44:24 CEST - quant_edge - INFO - Solicitando fundamentales para MAYP con reportType='REPORTS_FIN_STATEMENT'
2025-05-01 21:44:24 CEST - quant_edge - INFO - Solicitando fundamentales para NVNI con reportType='REPORTS_FIN_STATEMENT'
2025-05-01 21:44:24 CEST - quant_edge - INFO - Solicitando fundamentales para OND con reportType='REPORTS_FIN_STATEMENT'
2025-05-01 21:44:24 CEST - quant_edge - INFO - Solicitando fundamentales para MAYW con reportType='REPORTS_FIN_STATEMENT'
2025-05-01 21:44:24 CEST - quant_edge - INFO - Solicitando fundamentales para MMLG con reportType='REPORTS_FIN_STATEMENT'
2025-05-01 21:44:24 CEST - quant_edge - INFO - Solicitando fundamentales para ZCAR con reportType='REPORTS_FIN_STATEMENT'
2025-05-01 21:44:24 CEST - quant_edge - INFO - Solicitando fundamentales para WEEK con reportType='REPORTS_FIN_STATEMENT'
2025-05-01 21:44:24 CEST - quant_edge - INFO - Solicitando fundamentales para KIDZ con reportType='REPORTS_FIN_STATEMENT'
2025-05-01 21:44:24 CEST - quant_edge - INFO - Solicitando fundamentales para PAPL con reportType='REPORTS_FIN_STATEMENT'
2025-05-01 21:44:24 CEST - quant_edge - INFO - Solicitando fundamentales para DEEF con reportType='REPORTS_FIN_STATEMENT'
2025-05-01 21:44:24 CEST - quant_edge - INFO - Solicitando fundamentales para QBER con reportType='REPORTS_FIN_STATEMENT'
2025-05-01 21:44:24 CEST - quant_edge - INFO - Solicitando fundamentales para CAAA con reportType='REPORTS_FIN_STATEMENT'
2025-05-01 21:44:24 CEST - quant_edge - INFO - Solicitando fundamentales para OGSP con reportType='REPORTS_FIN_STATEMENT'
2025-05-01 21:44:24 CEST - quant_edge - INFO - Solicitando fundamentales para PBMY con reportType='REPORTS_FIN_STATEMENT'
2025-05-01 21:44:24 CEST - quant_edge - INFO - Solicitando fundamentales para KRON con reportType='REPORTS_FIN_STATEMENT'
2025-05-01 21:44:24 CEST - quant_edge - INFO - Solicitando fundamentales para AUGZ con reportType='REPORTS_FIN_STATEMENT'
2025-05-01 21:44:24 CEST - quant_edge - INFO - Solicitando fundamentales para PRXV con reportType='REPORTS_FIN_STATEMENT'
2025-05-01 21:44:24 CEST - quant_edge - INFO - Solicitando fundamentales para VCIC con reportType='REPORTS_FIN_STATEMENT'
2025-05-01 21:44:24 CEST - quant_edge - INFO - Solicitando fundamentales para SEPP con reportType='REPORTS_FIN_STATEMENT'
2025-05-01 21:44:24 CEST - quant_edge - INFO - Solicitando fundamentales para QCML con reportType='REPORTS_FIN_STATEMENT'
2025-05-01 21:44:24 CEST - quant_edge - INFO - Solicitando fundamentales para BACQU con reportType='REPORTS_FIN_STATEMENT'
2025-05-01 21:44:24 CEST - quant_edge - INFO - Solicitando fundamentales para UMAY con reportType='REPORTS_FIN_STATEMENT'
2025-05-01 21:44:24 CEST - quant_edge - INFO - Solicitando fundamentales para FLJJ con reportType='REPORTS_FIN_STATEMENT'
2025-05-01 21:44:24 CEST - quant_edge - INFO - Solicitando fundamentales para SEPT con reportType='REPORTS_FIN_STATEMENT'
2025-05-01 21:44:24 CEST - quant_edge - INFO - Solicitando fundamentales para BNGE con reportType='REPORTS_FIN_STATEMENT'
2025-05-01 21:44:24 CEST - quant_edge - INFO - Solicitando fundamentales para DRCT con reportType='REPORTS_FIN_STATEMENT'
2025-05-01 21:44:24 CEST - quant_edge - INFO - Solicitando fundamentales para AUGW con reportType='REPORTS_FIN_STATEMENT'
2025-05-01 21:44:24 CEST - quant_edge - INFO - Solicitando fundamentales para FLAO con reportType='REPORTS_FIN_STATEMENT'
2025-05-01 21:44:24 CEST - quant_edge - INFO - Solicitando fundamentales para LEGT con reportType='REPORTS_FIN_STATEMENT'
2025-05-01 21:44:24 CEST - quant_edge - INFO - Solicitando fundamentales para XTJL con reportType='REPORTS_FIN_STATEMENT'
2025-05-01 21:44:24 CEST - quant_edge - INFO - Solicitando fundamentales para EQLT con reportType='REPORTS_FIN_STATEMENT'
2025-05-01 21:44:24 CEST - quant_edge - INFO - Solicitando fundamentales para ATNF con reportType='REPORTS_FIN_STATEMENT'
2025-05-01 21:44:24 CEST - quant_edge - INFO - Solicitando fundamentales para HCTI con reportType='REPORTS_FIN_STATEMENT'
2025-05-01 21:44:24 CEST - quant_edge - INFO - Solicitando fundamentales para HOOK con reportType='REPORTS_FIN_STATEMENT'
2025-05-01 21:44:24 CEST - quant_edge - INFO - Solicitando fundamentales para GPAT con reportType='REPORTS_FIN_STATEMENT'
2025-05-01 21:44:24 CEST - quant_edge - INFO - Solicitando fundamentales para PRSO con reportType='REPORTS_FIN_STATEMENT'
2025-05-01 21:44:24 CEST - quant_edge - INFO - Solicitando fundamentales para PXI con reportType='REPORTS_FIN_STATEMENT'
2025-05-01 21:44:24 CEST - quant_edge - INFO - Solicitando fundamentales para BMAY con reportType='REPORTS_FIN_STATEMENT'
2025-05-01 21:44:24 CEST - quant_edge - INFO - Solicitando fundamentales para CDTG con reportType='REPORTS_FIN_STATEMENT'
2025-05-01 21:44:24 CEST - quant_edge - INFO - Solicitando fundamentales para MAYT con reportType='REPORTS_FIN_STATEMENT'
2025-05-01 21:44:24 CEST - quant_edge - INFO - Solicitando fundamentales para MVPL con reportType='REPORTS_FIN_STATEMENT'
2025-05-01 21:44:24 CEST - quant_edge - INFO - Solicitando fundamentales para YJ con reportType='REPORTS_FIN_STATEMENT'
2025-05-01 21:44:24 CEST - quant_edge - INFO - Solicitando fundamentales para FLHY con reportType='REPORTS_FIN_STATEMENT'
2025-05-01 21:44:24 CEST - quant_edge - INFO - Solicitando fundamentales para MEDX con reportType='REPORTS_FIN_STATEMENT'
2025-05-01 21:44:24 CEST - quant_edge - INFO - Solicitando fundamentales para DHAI con reportType='REPORTS_FIN_STATEMENT'
2025-05-01 21:44:24 CEST - quant_edge - INFO - Solicitando fundamentales para RNAZ con reportType='REPORTS_FIN_STATEMENT'
2025-05-01 21:44:24 CEST - quant_edge - INFO - Solicitando fundamentales para QCLR con reportType='REPORTS_FIN_STATEMENT'
2025-05-01 21:44:24 CEST - quant_edge - INFO - Solicitando fundamentales para PRXG con reportType='REPORTS_FIN_STATEMENT'
2025-05-01 21:44:24 CEST - quant_edge - INFO - Solicitando fundamentales para MFSI con reportType='REPORTS_FIN_STATEMENT'
2025-05-01 21:44:24 CEST - quant_edge - INFO - Solicitando fundamentales para ELIL con reportType='REPORTS_FIN_STATEMENT'
2025-05-01 21:44:24 CEST - quant_edge - INFO - Solicitando fundamentales para MAYP con reportType='REPORTS_FIN_STATEMENT'
2025-05-01 21:44:24 CEST - quant_edge - INFO - Solicitando fundamentales para NVNI con reportType='REPORTS_FIN_STATEMENT'
2025-05-01 21:44:24 CEST - quant_edge - INFO - Solicitando fundamentales para OND con reportType='REPORTS_FIN_STATEMENT'
2025-05-01 21:44:24 CEST - quant_edge - INFO - Solicitando fundamentales para MAYW con reportType='REPORTS_FIN_STATEMENT'
2025-05-01 21:44:24 CEST - quant_edge - INFO - Solicitando fundamentales para XTOC con reportType='REPORTS_FIN_STATEMENT'
2025-05-01 21:44:24 CEST - quant_edge - INFO - Solicitando fundamentales para ZCAR con reportType='REPORTS_FIN_STATEMENT'
2025-05-01 21:44:24 CEST - quant_edge - INFO - Solicitando fundamentales para WEEK con reportType='REPORTS_FIN_STATEMENT'
2025-05-01 21:44:24 CEST - quant_edge - INFO - Solicitando fundamentales para KIDZ con reportType='REPORTS_FIN_STATEMENT'
2025-05-01 21:44:24 CEST - quant_edge - INFO - Solicitando fundamentales para PAPL con reportType='REPORTS_FIN_STATEMENT'
2025-05-01 21:44:24 CEST - quant_edge - INFO - Solicitando fundamentales para DEEF con reportType='REPORTS_FIN_STATEMENT'
2025-05-01 21:44:24 CEST - quant_edge - INFO - Solicitando fundamentales para QBER con reportType='REPORTS_FIN_STATEMENT'
2025-05-01 21:44:24 CEST - quant_edge - INFO - Solicitando fundamentales para CAAA con reportType='REPORTS_FIN_STATEMENT'
2025-05-01 21:44:24 CEST - quant_edge - INFO - Solicitando fundamentales para OGSP con reportType='REPORTS_FIN_STATEMENT'
2025-05-01 21:44:24 CEST - quant_edge - INFO - Solicitando fundamentales para PBMY con reportType='REPORTS_FIN_STATEMENT'
2025-05-01 21:44:24 CEST - quant_edge - INFO - Solicitando fundamentales para KRON con reportType='REPORTS_FIN_STATEMENT'
2025-05-01 21:44:24 CEST - quant_edge - INFO - Solicitando fundamentales para AUGZ con reportType='REPORTS_FIN_STATEMENT'
2025-05-01 21:44:24 CEST - quant_edge - INFO - Solicitando fundamentales para PRXV con reportType='REPORTS_FIN_STATEMENT'
2025-05-01 21:44:24 CEST - quant_edge - INFO - Solicitando fundamentales para VCIC con reportType='REPORTS_FIN_STATEMENT'
2025-05-01 21:44:24 CEST - quant_edge - INFO - Solicitando fundamentales para SEPP con reportType='REPORTS_FIN_STATEMENT'
2025-05-01 21:44:24 CEST - quant_edge - INFO - Solicitando fundamentales para QCML con reportType='REPORTS_FIN_STATEMENT'
2025-05-01 21:44:24 CEST - quant_edge - INFO - Solicitando fundamentales para BACQU con reportType='REPORTS_FIN_STATEMENT'
2025-05-01 21:44:24 CEST - quant_edge - INFO - Solicitando fundamentales para UMAY con reportType='REPORTS_FIN_STATEMENT'
2025-05-01 21:44:24 CEST - quant_edge - INFO - Solicitando fundamentales para FLJJ con reportType='REPORTS_FIN_STATEMENT'
2025-05-01 21:44:24 CEST - quant_edge - INFO - Solicitando fundamentales para SEPT con reportType='REPORTS_FIN_STATEMENT'
2025-05-01 21:44:24 CEST - quant_edge - INFO - Solicitando fundamentales para BNGE con reportType='REPORTS_FIN_STATEMENT'
2025-05-01 21:44:24 CEST - quant_edge - INFO - Solicitando fundamentales para DRCT con reportType='REPORTS_FIN_STATEMENT'
2025-05-01 21:44:24 CEST - quant_edge - INFO - Solicitando fundamentales para AUGW con reportType='REPORTS_FIN_STATEMENT'
2025-05-01 21:44:24 CEST - quant_edge - INFO - Solicitando fundamentales para FLAO con reportType='REPORTS_FIN_STATEMENT'
2025-05-01 21:44:24 CEST - quant_edge - INFO - Solicitando fundamentales para LEGT con reportType='REPORTS_FIN_STATEMENT'
2025-05-01 21:44:24 CEST - quant_edge - INFO - Solicitando fundamentales para XTJL con reportType='REPORTS_FIN_STATEMENT'
2025-05-01 21:44:24 CEST - quant_edge - INFO - Solicitando fundamentales para EQLT con reportType='REPORTS_FIN_STATEMENT'
2025-05-01 21:44:24 CEST - quant_edge - INFO - Solicitando fundamentales para ATNF con reportType='REPORTS_FIN_STATEMENT'
2025-05-01 21:44:24 CEST - quant_edge - INFO - Solicitando fundamentales para HCTI con reportType='REPORTS_FIN_STATEMENT'
2025-05-01 21:44:24 CEST - quant_edge - INFO - Solicitando fundamentales para HOOK con reportType='REPORTS_FIN_STATEMENT'
2025-05-01 21:44:24 CEST - quant_edge - INFO - Solicitando fundamentales para GPAT con reportType='REPORTS_FIN_STATEMENT'
2025-05-01 21:44:24 CEST - quant_edge - INFO - Solicitando fundamentales para PRSO con reportType='REPORTS_FIN_STATEMENT'
2025-05-01 21:44:24 CEST - quant_edge - INFO - Solicitando fundamentales para PXI con reportType='REPORTS_FIN_STATEMENT'
2025-05-01 21:44:24 CEST - quant_edge - INFO - Solicitando fundamentales para BMAY con reportType='REPORTS_FIN_STATEMENT'
2025-05-01 21:44:24 CEST - quant_edge - INFO - Solicitando fundamentales para CDTG con reportType='REPORTS_FIN_STATEMENT'
2025-05-01 21:44:24 CEST - quant_edge - INFO - Solicitando fundamentales para MAYT con reportType='REPORTS_FIN_STATEMENT'
2025-05-01 21:44:24 CEST - quant_edge - INFO - Solicitando fundamentales para MVPL con reportType='REPORTS_FIN_STATEMENT'
2025-05-01 21:44:24 CEST - quant_edge - INFO - Solicitando fundamentales para YJ con reportType='REPORTS_FIN_STATEMENT'
2025-05-01 21:44:24 CEST - quant_edge - INFO - Solicitando fundamentales para FLHY con reportType='REPORTS_FIN_STATEMENT'
2025-05-01 21:44:24 CEST - quant_edge - INFO - Solicitando fundamentales para MEDX con reportType='REPORTS_FIN_STATEMENT'
2025-05-01 21:44:24 CEST - quant_edge - INFO - Solicitando fundamentales para DHAI con reportType='REPORTS_FIN_STATEMENT'
2025-05-01 21:44:24 CEST - quant_edge - INFO - Solicitando fundamentales para RNAZ con reportType='REPORTS_FIN_STATEMENT'
2025-05-01 21:44:24 CEST - quant_edge - INFO - Solicitando fundamentales para QCLR con reportType='REPORTS_FIN_STATEMENT'
2025-05-01 21:44:24 CEST - quant_edge - INFO - Solicitando fundamentales para PRXG con reportType='REPORTS_FIN_STATEMENT'
2025-05-01 21:44:24 CEST - quant_edge - INFO - Solicitando fundamentales para MFSI con reportType='REPORTS_FIN_STATEMENT'
2025-05-01 21:44:24 CEST - quant_edge - INFO - Solicitando fundamentales para ELIL con reportType='REPORTS_FIN_STATEMENT'
2025-05-01 21:44:24 CEST - quant_edge - INFO - Solicitando fundamentales para MAYP con reportType='REPORTS_FIN_STATEMENT'
2025-05-01 21:44:24 CEST - quant_edge - INFO - Solicitando fundamentales para NVNI con reportType='REPORTS_FIN_STATEMENT'
2025-05-01 21:44:24 CEST - quant_edge - INFO - Solicitando fundamentales para OND con reportType='REPORTS_FIN_STATEMENT'
2025-05-01 21:44:24 CEST - quant_edge - INFO - Solicitando fundamentales para MAYW con reportType='REPORTS_FIN_STATEMENT'
2025-05-01 21:44:24 CEST - quant_edge - INFO - Solicitando fundamentales para XTOC con reportType='REPORTS_FIN_STATEMENT'
2025-05-01 21:44:24 CEST - quant_edge - INFO - Solicitando fundamentales para ZCAR con reportType='REPORTS_FIN_STATEMENT'
2025-05-01 21:44:24 CEST - quant_edge - INFO - Solicitando fundamentales para WEEK con reportType='REPORTS_FIN_STATEMENT'
2025-05-01 21:44:24 CEST - quant_edge - INFO - Solicitando fundamentales para KIDZ con reportType='REPORTS_FIN_STATEMENT'
2025-05-01 21:44:24 CEST - quant_edge - INFO - Solicitando fundamentales para PAPL con reportType='REPORTS_FIN_STATEMENT'
2025-05-01 21:44:24 CEST - quant_edge - INFO - Solicitando fundamentales para DEEF con reportType='REPORTS_FIN_STATEMENT'
2025-05-01 21:44:24 CEST - quant_edge - INFO - Solicitando fundamentales para QBER con reportType='REPORTS_FIN_STATEMENT'
2025-05-01 21:44:24 CEST - quant_edge - INFO - Solicitando fundamentales para CAAA con reportType='REPORTS_FIN_STATEMENT'
2025-05-01 21:44:24 CEST - quant_edge - INFO - Solicitando fundamentales para OGSP con reportType='REPORTS_FIN_STATEMENT'
2025-05-01 21:44:24 CEST - quant_edge - INFO - Solicitando fundamentales para PBMY con reportType='REPORTS_FIN_STATEMENT'
2025-05-01 21:44:24 CEST - quant_edge - INFO - Solicitando fundamentales para KRON con reportType='REPORTS_FIN_STATEMENT'
2025-05-01 21:44:24 CEST - quant_edge - INFO - Solicitando fundamentales para AUGZ con reportType='REPORTS_FIN_STATEMENT'
2025-05-01 21:44:24 CEST - quant_edge - INFO - Solicitando fundamentales para PRXV con reportType='REPORTS_FIN_STATEMENT'
2025-05-01 21:44:24 CEST - quant_edge - INFO - Solicitando fundamentales para VCIC con reportType='REPORTS_FIN_STATEMENT'
2025-05-01 21:44:24 CEST - quant_edge - INFO - Solicitando fundamentales para SEPP con reportType='REPORTS_FIN_STATEMENT'
2025-05-01 21:44:24 CEST - quant_edge - INFO - Solicitando fundamentales para QCML con reportType='REPORTS_FIN_STATEMENT'
2025-05-01 21:44:24 CEST - quant_edge - INFO - Solicitando fundamentales para BACQU con reportType='REPORTS_FIN_STATEMENT'
2025-05-01 21:44:24 CEST - quant_edge - INFO - Solicitando fundamentales para UMAY con reportType='REPORTS_FIN_STATEMENT'
2025-05-01 21:44:24 CEST - quant_edge - INFO - Solicitando fundamentales para FLJJ con reportType='REPORTS_FIN_STATEMENT'
2025-05-01 21:44:24 CEST - quant_edge - INFO - Solicitando fundamentales para SEPT con reportType='REPORTS_FIN_STATEMENT'
2025-05-01 21:44:24 CEST - quant_edge - INFO - Solicitando fundamentales para BNGE con reportType='REPORTS_FIN_STATEMENT'
2025-05-01 21:44:24 CEST - quant_edge - INFO - Solicitando fundamentales para DRCT con reportType='REPORTS_FIN_STATEMENT'
2025-05-01 21:44:24 CEST - quant_edge - INFO - Solicitando fundamentales para AUGW con reportType='REPORTS_FIN_STATEMENT'
2025-05-01 21:44:24 CEST - quant_edge - INFO - Solicitando fundamentales para FLAO con reportType='REPORTS_FIN_STATEMENT'
2025-05-01 21:44:24 CEST - quant_edge - INFO - Solicitando fundamentales para LEGT con reportType='REPORTS_FIN_STATEMENT'
2025-05-01 21:44:24 CEST - quant_edge - INFO - Solicitando fundamentales para XTJL con reportType='REPORTS_FIN_STATEMENT'
2025-05-01 21:44:24 CEST - quant_edge - INFO - Solicitando fundamentales para EQLT con reportType='REPORTS_FIN_STATEMENT'
2025-05-01 21:44:24 CEST - quant_edge - INFO - Solicitando fundamentales para ATNF con reportType='REPORTS_FIN_STATEMENT'
2025-05-01 21:44:24 CEST - quant_edge - INFO - Solicitando fundamentales para HCTI con reportType='REPORTS_FIN_STATEMENT'
2025-05-01 21:44:24 CEST - quant_edge - INFO - Solicitando fundamentales para HOOK con reportType='REPORTS_FIN_STATEMENT'
2025-05-01 21:44:24 CEST - quant_edge - INFO - Solicitando fundamentales para GPAT con reportType='REPORTS_FIN_STATEMENT'
2025-05-01 21:44:24 CEST - quant_edge - INFO - Solicitando fundamentales para PRSO con reportType='REPORTS_FIN_STATEMENT'
2025-05-01 21:44:24 CEST - quant_edge - INFO - Solicitando fundamentales para PXI con reportType='REPORTS_FIN_STATEMENT'
2025-05-01 21:44:24 CEST - quant_edge - INFO - Solicitando fundamentales para BMAY con reportType='REPORTS_FIN_STATEMENT'
2025-05-01 21:44:24 CEST - quant_edge - INFO - Solicitando fundamentales para CDTG con reportType='REPORTS_FIN_STATEMENT'
2025-05-01 21:44:24 CEST - quant_edge - INFO - Solicitando fundamentales para MAYT con reportType='REPORTS_FIN_STATEMENT'
2025-05-01 21:44:24 CEST - quant_edge - INFO - Solicitando fundamentales para MVPL con reportType='REPORTS_FIN_STATEMENT'
2025-05-01 21:44:24 CEST - quant_edge - INFO - Solicitando fundamentales para YJ con reportType='REPORTS_FIN_STATEMENT'
2025-05-01 21:44:24 CEST - quant_edge - INFO - Solicitando fundamentales para FLHY con reportType='REPORTS_FIN_STATEMENT'
2025-05-01 21:44:24 CEST - quant_edge - INFO - Solicitando fundamentales para MEDX con reportType='REPORTS_FIN_STATEMENT'
2025-05-01 21:44:24 CEST - quant_edge - INFO - Solicitando fundamentales para DHAI con reportType='REPORTS_FIN_STATEMENT'
2025-05-01 21:44:24 CEST - quant_edge - INFO - Solicitando fundamentales para RNAZ con reportType='REPORTS_FIN_STATEMENT'
2025-05-01 21:44:24 CEST - quant_edge - INFO - Solicitando fundamentales para QCLR con reportType='REPORTS_FIN_STATEMENT'
2025-05-01 21:44:24 CEST - quant_edge - INFO - Solicitando fundamentales para PRXG con reportType='REPORTS_FIN_STATEMENT'
2025-05-01 21:44:24 CEST - quant_edge - INFO - Solicitando fundamentales para MFSI con reportType='REPORTS_FIN_STATEMENT'
2025-05-01 21:44:24 CEST - quant_edge - INFO - Solicitando fundamentales para ELIL con reportType='REPORTS_FIN_STATEMENT'
2025-05-01 21:44:24 CEST - quant_edge - INFO - Solicitando fundamentales para MAYP con reportType='REPORTS_FIN_STATEMENT'
2025-05-01 21:44:24 CEST - quant_edge - INFO - Solicitando fundamentales para NVNI con reportType='REPORTS_FIN_STATEMENT'
2025-05-01 21:44:24 CEST - quant_edge - INFO - Solicitando fundamentales para OND con reportType='REPORTS_FIN_STATEMENT'
2025-05-01 21:44:24 CEST - quant_edge - INFO - Solicitando fundamentales para MAYW con reportType='REPORTS_FIN_STATEMENT'
2025-05-01 21:44:24 CEST - quant_edge - INFO - Solicitando fundamentales para XTOC con reportType='REPORTS_FIN_STATEMENT'
2025-05-01 21:44:24 CEST - quant_edge - INFO - Solicitando fundamentales para ZCAR con reportType='REPORTS_FIN_STATEMENT'
2025-05-01 21:44:24 CEST - quant_edge - INFO - Solicitando fundamentales para WEEK con reportType='REPORTS_FIN_STATEMENT'
2025-05-01 21:44:24 CEST - quant_edge - INFO - Solicitando fundamentales para KIDZ con reportType='REPORTS_FIN_STATEMENT'
2025-05-01 21:44:24 CEST - quant_edge - INFO - Solicitando fundamentales para PAPL con reportType='REPORTS_FIN_STATEMENT'
2025-05-01 21:44:24 CEST - quant_edge - INFO - Solicitando fundamentales para DEEF con reportType='REPORTS_FIN_STATEMENT'
2025-05-01 21:44:24 CEST - quant_edge - INFO - Solicitando fundamentales para QBER con reportType='REPORTS_FIN_STATEMENT'
2025-05-01 21:44:24 CEST - quant_edge - INFO - Solicitando fundamentales para CAAA con reportType='REPORTS_FIN_STATEMENT'
2025-05-01 21:44:24 CEST - quant_edge - INFO - Solicitando fundamentales para OGSP con reportType='REPORTS_FIN_STATEMENT'
2025-05-01 21:44:24 CEST - quant_edge - INFO - Solicitando fundamentales para PBMY con reportType='REPORTS_FIN_STATEMENT'
2025-05-01 21:44:24 CEST - quant_edge - INFO - Solicitando fundamentales para KRON con reportType='REPORTS_FIN_STATEMENT'
2025-05-01 21:44:24 CEST - quant_edge - INFO - Solicitando fundamentales para AUGZ con reportType='REPORTS_FIN_STATEMENT'
2025-05-01 21:44:24 CEST - quant_edge - INFO - Solicitando fundamentales para PRXV con reportType='REPORTS_FIN_STATEMENT'
2025-05-01 21:44:24 CEST - quant_edge - INFO - Solicitando fundamentales para VCIC con reportType='REPORTS_FIN_STATEMENT'
2025-05-01 21:44:24 CEST - quant_edge - INFO - Solicitando fundamentales para SEPP con reportType='REPORTS_FIN_STATEMENT'
2025-05-01 21:44:24 CEST - quant_edge - INFO - Solicitando fundamentales para QCML con reportType='REPORTS_FIN_STATEMENT'
2025-05-01 21:44:24 CEST - quant_edge - INFO - Solicitando fundamentales para BACQU con reportType='REPORTS_FIN_STATEMENT'
2025-05-01 21:44:24 CEST - quant_edge - INFO - Solicitando fundamentales para UMAY con reportType='REPORTS_FIN_STATEMENT'
2025-05-01 21:44:24 CEST - quant_edge - INFO - Solicitando fundamentales para FLJJ con reportType='REPORTS_FIN_STATEMENT'
2025-05-01 21:44:24 CEST - quant_edge - INFO - Solicitando fundamentales para SEPT con reportType='REPORTS_FIN_STATEMENT'
2025-05-01 21:44:24 CEST - quant_edge - INFO - Solicitando fundamentales para BNGE con reportType='REPORTS_FIN_STATEMENT'
2025-05-01 21:44:24 CEST - quant_edge - INFO - Solicitando fundamentales para DRCT con reportType='REPORTS_FIN_STATEMENT'
2025-05-01 21:44:24 CEST - quant_edge - INFO - Solicitando fundamentales para AUGW con reportType='REPORTS_FIN_STATEMENT'
2025-05-01 21:44:24 CEST - quant_edge - INFO - Solicitando fundamentales para FLAO con reportType='REPORTS_FIN_STATEMENT'
2025-05-01 21:44:24 CEST - quant_edge - INFO - Solicitando fundamentales para LEGT con reportType='REPORTS_FIN_STATEMENT'
2025-05-01 21:44:24 CEST - quant_edge - INFO - Solicitando fundamentales para XTJL con reportType='REPORTS_FIN_STATEMENT'
2025-05-01 21:44:24 CEST - quant_edge - INFO - Solicitando fundamentales para EQLT con reportType='REPORTS_FIN_STATEMENT'
2025-05-01 21:44:24 CEST - quant_edge - INFO - Solicitando fundamentales para ATNF con reportType='REPORTS_FIN_STATEMENT'
2025-05-01 21:44:24 CEST - quant_edge - INFO - Solicitando fundamentales para HCTI con reportType='REPORTS_FIN_STATEMENT'
2025-05-01 21:44:24 CEST - quant_edge - INFO - Solicitando fundamentales para HOOK con reportType='REPORTS_FIN_STATEMENT'
2025-05-01 21:44:24 CEST - quant_edge - INFO - Solicitando fundamentales para GPAT con reportType='REPORTS_FIN_STATEMENT'
2025-05-01 21:44:24 CEST - quant_edge - INFO - Solicitando fundamentales para PRSO con reportType='REPORTS_FIN_STATEMENT'
2025-05-01 21:44:24 CEST - quant_edge - INFO - Solicitando fundamentales para PXI con reportType='REPORTS_FIN_STATEMENT'
2025-05-01 21:44:24 CEST - quant_edge - INFO - Solicitando fundamentales para BMAY con reportType='REPORTS_FIN_STATEMENT'
2025-05-01 21:44:24 CEST - quant_edge - INFO - Solicitando fundamentales para CDTG con reportType='REPORTS_FIN_STATEMENT'
2025-05-01 21:44:24 CEST - quant_edge - INFO - Solicitando fundamentales para MAYT con reportType='REPORTS_FIN_STATEMENT'
2025-05-01 21:44:24 CEST - quant_edge - INFO - Solicitando fundamentales para MVPL con reportType='REPORTS_FIN_STATEMENT'
2025-05-01 21:44:24 CEST - quant_edge - INFO - Solicitando fundamentales para YJ con reportType='REPORTS_FIN_STATEMENT'
2025-05-01 21:44:24 CEST - quant_edge - INFO - Solicitando fundamentales para FLHY con reportType='REPORTS_FIN_STATEMENT'
2025-05-01 21:44:24 CEST - quant_edge - INFO - Solicitando fundamentales para MEDX con reportType='REPORTS_FIN_STATEMENT'
2025-05-01 21:44:24 CEST - quant_edge - INFO - Solicitando fundamentales para DHAI con reportType='REPORTS_FIN_STATEMENT'
2025-05-01 21:44:24 CEST - quant_edge - INFO - Solicitando fundamentales para RNAZ con reportType='REPORTS_FIN_STATEMENT'
2025-05-01 21:44:24 CEST - quant_edge - INFO - Solicitando fundamentales para QCLR con reportType='REPORTS_FIN_STATEMENT'
2025-05-01 21:44:24 CEST - quant_edge - INFO - Solicitando fundamentales para PRXG con reportType='REPORTS_FIN_STATEMENT'
2025-05-01 21:44:24 CEST - quant_edge - INFO - Solicitando fundamentales para MFSI con reportType='REPORTS_FIN_STATEMENT'
2025-05-01 21:44:24 CEST - quant_edge - INFO - Solicitando fundamentales para ELIL con reportType='REPORTS_FIN_STATEMENT'
2025-05-01 21:44:24 CEST - quant_edge - INFO - Solicitando fundamentales para MAYP con reportType='REPORTS_FIN_STATEMENT'
2025-05-01 21:44:24 CEST - quant_edge - INFO - Solicitando fundamentales para NVNI con reportType='REPORTS_FIN_STATEMENT'
2025-05-01 21:44:24 CEST - quant_edge - INFO - Solicitando fundamentales para OND con reportType='REPORTS_FIN_STATEMENT'
2025-05-01 21:44:24 CEST - quant_edge - INFO - Solicitando fundamentales para MAYW con reportType='REPORTS_FIN_STATEMENT'
2025-05-01 21:44:24 CEST - quant_edge - INFO - Solicitando fundamentales para XTOC con reportType='REPORTS_FIN_STATEMENT'
2025-05-01 21:44:29 CEST - quant_edge - WARNING - Deteniendo estrategia...
2025-05-01 21:44:34 CEST - quant_edge - INFO - Sesión iniciada. Next Order ID: 1
2025-05-01 21:44:34 CEST - quant_edge - INFO - Actualizando universo de acciones...
2025-05-01 21:44:34 CEST - quant_edge - DEBUG - Enviando reqScannerSubscription: {'numberOfRows': -1, 'instrument': 'STK', 'locationCode': 'STK.US.MAJOR', 'scanCode': 'HOT_BY_VOLUME', 'abovePrice': 1.7976931348623157e+308, 'belowPrice': 1.7976931348623157e+308, 'aboveVolume': 2147483647, 'marketCapAbove': 1.7976931348623157e+308, 'marketCapBelow': 1.7976931348623157e+308, 'moodyRatingAbove': '', 'moodyRatingBelow': '', 'spRatingAbove': '', 'spRatingBelow': '', 'maturityDateAbove': '', 'maturityDateBelow': '', 'couponRateAbove': 1.7976931348623157e+308, 'couponRateBelow': 1.7976931348623157e+308, 'excludeConvertible': False, 'averageOptionVolumeAbove': 2147483647, 'scannerSettingPairs': '', 'stockTypeFilter': '', 'avgVolumeAbove': 100000}
2025-05-01 21:44:34 CEST - quant_edge - DEBUG - reqScannerSubscription enviado correctamente
2025-05-01 21:44:35 CEST - quant_edge - DEBUG - Ticker añadido al universo: ZCAR
2025-05-01 21:44:35 CEST - quant_edge - DEBUG - Ticker añadido al universo: WEEK
2025-05-01 21:44:35 CEST - quant_edge - DEBUG - Ticker añadido al universo: KIDZ
2025-05-01 21:44:35 CEST - quant_edge - DEBUG - Ticker añadido al universo: PAPL
2025-05-01 21:44:35 CEST - quant_edge - DEBUG - Ticker añadido al universo: DEEF
2025-05-01 21:44:35 CEST - quant_edge - DEBUG - Ticker añadido al universo: QBER
2025-05-01 21:44:35 CEST - quant_edge - DEBUG - Ticker añadido al universo: CAAA
2025-05-01 21:44:35 CEST - quant_edge - DEBUG - Ticker añadido al universo: OGSP
2025-05-01 21:44:35 CEST - quant_edge - DEBUG - Ticker añadido al universo: PBMY
2025-05-01 21:44:35 CEST - quant_edge - DEBUG - Ticker añadido al universo: KRON
2025-05-01 21:44:35 CEST - quant_edge - DEBUG - Ticker añadido al universo: AUGZ
2025-05-01 21:44:35 CEST - quant_edge - DEBUG - Ticker añadido al universo: PRXV
2025-05-01 21:44:35 CEST - quant_edge - DEBUG - Ticker añadido al universo: VCIC
2025-05-01 21:44:35 CEST - quant_edge - DEBUG - Ticker añadido al universo: SEPP
2025-05-01 21:44:35 CEST - quant_edge - DEBUG - Ticker añadido al universo: QCML
2025-05-01 21:44:35 CEST - quant_edge - DEBUG - Ticker añadido al universo: BACQU
2025-05-01 21:44:35 CEST - quant_edge - DEBUG - Ticker añadido al universo: UMAY
2025-05-01 21:44:35 CEST - quant_edge - DEBUG - Ticker añadido al universo: FLJJ
2025-05-01 21:44:35 CEST - quant_edge - DEBUG - Ticker añadido al universo: SEPT
2025-05-01 21:44:35 CEST - quant_edge - DEBUG - Ticker añadido al universo: BNGE
2025-05-01 21:44:35 CEST - quant_edge - DEBUG - Ticker añadido al universo: DRCT
2025-05-01 21:44:35 CEST - quant_edge - DEBUG - Ticker añadido al universo: AUGW
2025-05-01 21:44:35 CEST - quant_edge - DEBUG - Ticker añadido al universo: FLAO
2025-05-01 21:44:35 CEST - quant_edge - DEBUG - Ticker añadido al universo: LEGT
2025-05-01 21:44:35 CEST - quant_edge - DEBUG - Ticker añadido al universo: XTJL
2025-05-01 21:44:35 CEST - quant_edge - DEBUG - Ticker añadido al universo: EQLT
2025-05-01 21:44:35 CEST - quant_edge - DEBUG - Ticker añadido al universo: ATNF
2025-05-01 21:44:35 CEST - quant_edge - DEBUG - Ticker añadido al universo: HCTI
2025-05-01 21:44:35 CEST - quant_edge - DEBUG - Ticker añadido al universo: HOOK
2025-05-01 21:44:35 CEST - quant_edge - DEBUG - Ticker añadido al universo: GPAT
2025-05-01 21:44:35 CEST - quant_edge - DEBUG - Ticker añadido al universo: PRSO
2025-05-01 21:44:35 CEST - quant_edge - DEBUG - Ticker añadido al universo: PXI
2025-05-01 21:44:35 CEST - quant_edge - DEBUG - Ticker añadido al universo: BMAY
2025-05-01 21:44:35 CEST - quant_edge - DEBUG - Ticker añadido al universo: CDTG
2025-05-01 21:44:35 CEST - quant_edge - DEBUG - Ticker añadido al universo: MAYT
2025-05-01 21:44:35 CEST - quant_edge - DEBUG - Ticker añadido al universo: MVPL
2025-05-01 21:44:35 CEST - quant_edge - DEBUG - Ticker añadido al universo: YJ
2025-05-01 21:44:35 CEST - quant_edge - DEBUG - Ticker añadido al universo: FLHY
2025-05-01 21:44:35 CEST - quant_edge - DEBUG - Ticker añadido al universo: MEDX
2025-05-01 21:44:35 CEST - quant_edge - DEBUG - Ticker añadido al universo: DHAI
2025-05-01 21:44:35 CEST - quant_edge - DEBUG - Ticker añadido al universo: RNAZ
2025-05-01 21:44:35 CEST - quant_edge - DEBUG - Ticker añadido al universo: QCLR
2025-05-01 21:44:35 CEST - quant_edge - DEBUG - Ticker añadido al universo: PRXG
2025-05-01 21:44:35 CEST - quant_edge - DEBUG - Ticker añadido al universo: ELIL
2025-05-01 21:44:35 CEST - quant_edge - DEBUG - Ticker añadido al universo: MFSI
2025-05-01 21:44:35 CEST - quant_edge - DEBUG - Ticker añadido al universo: MAYP
2025-05-01 21:44:35 CEST - quant_edge - DEBUG - Ticker añadido al universo: NVNI
2025-05-01 21:44:35 CEST - quant_edge - DEBUG - Ticker añadido al universo: OND
2025-05-01 21:44:35 CEST - quant_edge - DEBUG - Ticker añadido al universo: MAYW
2025-05-01 21:44:35 CEST - quant_edge - DEBUG - Ticker añadido al universo: XTOC
2025-05-01 21:44:35 CEST - quant_edge - INFO - Universo actualizado. 50 tickers califican.
2025-05-01 21:44:35 CEST - quant_edge - INFO - Solicitando fundamentales para ZCAR con reportType='REPORTS_FIN_STATEMENT'
2025-05-01 21:44:35 CEST - quant_edge - INFO - Solicitando fundamentales para WEEK con reportType='REPORTS_FIN_STATEMENT'
2025-05-01 21:44:35 CEST - quant_edge - INFO - Solicitando fundamentales para KIDZ con reportType='REPORTS_FIN_STATEMENT'
2025-05-01 21:44:35 CEST - quant_edge - INFO - Solicitando fundamentales para PAPL con reportType='REPORTS_FIN_STATEMENT'
2025-05-01 21:44:35 CEST - quant_edge - INFO - Solicitando fundamentales para DEEF con reportType='REPORTS_FIN_STATEMENT'
2025-05-01 21:44:35 CEST - quant_edge - INFO - Solicitando fundamentales para QBER con reportType='REPORTS_FIN_STATEMENT'
2025-05-01 21:44:35 CEST - quant_edge - INFO - Solicitando fundamentales para CAAA con reportType='REPORTS_FIN_STATEMENT'
2025-05-01 21:44:35 CEST - quant_edge - INFO - Solicitando fundamentales para OGSP con reportType='REPORTS_FIN_STATEMENT'
2025-05-01 21:44:35 CEST - quant_edge - INFO - Solicitando fundamentales para PBMY con reportType='REPORTS_FIN_STATEMENT'
2025-05-01 21:44:35 CEST - quant_edge - INFO - Solicitando fundamentales para KRON con reportType='REPORTS_FIN_STATEMENT'
2025-05-01 21:44:35 CEST - quant_edge - INFO - Solicitando fundamentales para AUGZ con reportType='REPORTS_FIN_STATEMENT'
2025-05-01 21:44:35 CEST - quant_edge - INFO - Solicitando fundamentales para PRXV con reportType='REPORTS_FIN_STATEMENT'
2025-05-01 21:44:35 CEST - quant_edge - INFO - Solicitando fundamentales para VCIC con reportType='REPORTS_FIN_STATEMENT'
2025-05-01 21:44:35 CEST - quant_edge - INFO - Solicitando fundamentales para SEPP con reportType='REPORTS_FIN_STATEMENT'
2025-05-01 21:44:35 CEST - quant_edge - INFO - Solicitando fundamentales para QCML con reportType='REPORTS_FIN_STATEMENT'
2025-05-01 21:44:35 CEST - quant_edge - INFO - Solicitando fundamentales para BACQU con reportType='REPORTS_FIN_STATEMENT'
2025-05-01 21:44:35 CEST - quant_edge - INFO - Solicitando fundamentales para UMAY con reportType='REPORTS_FIN_STATEMENT'
2025-05-01 21:44:35 CEST - quant_edge - INFO - Solicitando fundamentales para FLJJ con reportType='REPORTS_FIN_STATEMENT'
2025-05-01 21:44:35 CEST - quant_edge - INFO - Solicitando fundamentales para SEPT con reportType='REPORTS_FIN_STATEMENT'
2025-05-01 21:44:35 CEST - quant_edge - INFO - Solicitando fundamentales para BNGE con reportType='REPORTS_FIN_STATEMENT'
2025-05-01 21:44:35 CEST - quant_edge - INFO - Solicitando fundamentales para DRCT con reportType='REPORTS_FIN_STATEMENT'
2025-05-01 21:44:35 CEST - quant_edge - INFO - Solicitando fundamentales para AUGW con reportType='REPORTS_FIN_STATEMENT'
2025-05-01 21:44:35 CEST - quant_edge - INFO - Solicitando fundamentales para FLAO con reportType='REPORTS_FIN_STATEMENT'
2025-05-01 21:44:35 CEST - quant_edge - INFO - Solicitando fundamentales para LEGT con reportType='REPORTS_FIN_STATEMENT'
2025-05-01 21:44:35 CEST - quant_edge - INFO - Solicitando fundamentales para XTJL con reportType='REPORTS_FIN_STATEMENT'
2025-05-01 21:44:35 CEST - quant_edge - INFO - Solicitando fundamentales para EQLT con reportType='REPORTS_FIN_STATEMENT'
2025-05-01 21:44:35 CEST - quant_edge - INFO - Solicitando fundamentales para ATNF con reportType='REPORTS_FIN_STATEMENT'
2025-05-01 21:44:35 CEST - quant_edge - INFO - Solicitando fundamentales para HCTI con reportType='REPORTS_FIN_STATEMENT'
2025-05-01 21:44:35 CEST - quant_edge - INFO - Solicitando fundamentales para HOOK con reportType='REPORTS_FIN_STATEMENT'
2025-05-01 21:44:35 CEST - quant_edge - INFO - Solicitando fundamentales para GPAT con reportType='REPORTS_FIN_STATEMENT'
2025-05-01 21:44:35 CEST - quant_edge - INFO - Solicitando fundamentales para PRSO con reportType='REPORTS_FIN_STATEMENT'
2025-05-01 21:44:35 CEST - quant_edge - INFO - Solicitando fundamentales para PXI con reportType='REPORTS_FIN_STATEMENT'
2025-05-01 21:44:35 CEST - quant_edge - INFO - Solicitando fundamentales para BMAY con reportType='REPORTS_FIN_STATEMENT'
2025-05-01 21:44:35 CEST - quant_edge - INFO - Solicitando fundamentales para CDTG con reportType='REPORTS_FIN_STATEMENT'
2025-05-01 21:44:35 CEST - quant_edge - INFO - Solicitando fundamentales para MAYT con reportType='REPORTS_FIN_STATEMENT'
2025-05-01 21:44:35 CEST - quant_edge - INFO - Solicitando fundamentales para MVPL con reportType='REPORTS_FIN_STATEMENT'
2025-05-01 21:44:35 CEST - quant_edge - INFO - Solicitando fundamentales para YJ con reportType='REPORTS_FIN_STATEMENT'
2025-05-01 21:44:35 CEST - quant_edge - INFO - Solicitando fundamentales para FLHY con reportType='REPORTS_FIN_STATEMENT'
2025-05-01 21:44:35 CEST - quant_edge - INFO - Solicitando fundamentales para MEDX con reportType='REPORTS_FIN_STATEMENT'
2025-05-01 21:44:35 CEST - quant_edge - INFO - Solicitando fundamentales para DHAI con reportType='REPORTS_FIN_STATEMENT'
2025-05-01 21:44:35 CEST - quant_edge - INFO - Solicitando fundamentales para RNAZ con reportType='REPORTS_FIN_STATEMENT'
2025-05-01 21:44:35 CEST - quant_edge - INFO - Solicitando fundamentales para QCLR con reportType='REPORTS_FIN_STATEMENT'
2025-05-01 21:44:35 CEST - quant_edge - INFO - Solicitando fundamentales para PRXG con reportType='REPORTS_FIN_STATEMENT'
2025-05-01 21:44:35 CEST - quant_edge - INFO - Solicitando fundamentales para ELIL con reportType='REPORTS_FIN_STATEMENT'
2025-05-01 21:44:35 CEST - quant_edge - INFO - Solicitando fundamentales para MFSI con reportType='REPORTS_FIN_STATEMENT'
2025-05-01 21:44:35 CEST - quant_edge - INFO - Solicitando fundamentales para MAYP con reportType='REPORTS_FIN_STATEMENT'
2025-05-01 21:44:35 CEST - quant_edge - INFO - Solicitando fundamentales para NVNI con reportType='REPORTS_FIN_STATEMENT'
2025-05-01 21:44:35 CEST - quant_edge - INFO - Solicitando fundamentales para OND con reportType='REPORTS_FIN_STATEMENT'
2025-05-01 21:44:35 CEST - quant_edge - INFO - Solicitando fundamentales para MAYW con reportType='REPORTS_FIN_STATEMENT'
2025-05-01 21:44:35 CEST - quant_edge - INFO - Solicitando fundamentales para XTOC con reportType='REPORTS_FIN_STATEMENT'
2025-05-01 21:45:11 CEST - quant_edge - DEBUG - Ticker añadido al universo: ZCAR
2025-05-01 21:45:11 CEST - quant_edge - DEBUG - Ticker añadido al universo: WEEK
2025-05-01 21:45:11 CEST - quant_edge - DEBUG - Ticker añadido al universo: KIDZ
2025-05-01 21:45:11 CEST - quant_edge - DEBUG - Ticker añadido al universo: PAPL
2025-05-01 21:45:11 CEST - quant_edge - DEBUG - Ticker añadido al universo: DEEF
2025-05-01 21:45:11 CEST - quant_edge - DEBUG - Ticker añadido al universo: QBER
2025-05-01 21:45:11 CEST - quant_edge - DEBUG - Ticker añadido al universo: CAAA
2025-05-01 21:45:11 CEST - quant_edge - DEBUG - Ticker añadido al universo: OGSP
2025-05-01 21:45:11 CEST - quant_edge - DEBUG - Ticker añadido al universo: PBMY
2025-05-01 21:45:11 CEST - quant_edge - DEBUG - Ticker añadido al universo: KRON
2025-05-01 21:45:11 CEST - quant_edge - DEBUG - Ticker añadido al universo: AUGZ
2025-05-01 21:45:11 CEST - quant_edge - DEBUG - Ticker añadido al universo: PRXV
2025-05-01 21:45:11 CEST - quant_edge - DEBUG - Ticker añadido al universo: VCIC
2025-05-01 21:45:11 CEST - quant_edge - DEBUG - Ticker añadido al universo: SEPP
2025-05-01 21:45:11 CEST - quant_edge - DEBUG - Ticker añadido al universo: QCML
2025-05-01 21:45:11 CEST - quant_edge - DEBUG - Ticker añadido al universo: BACQU
2025-05-01 21:45:11 CEST - quant_edge - DEBUG - Ticker añadido al universo: UMAY
2025-05-01 21:45:11 CEST - quant_edge - DEBUG - Ticker añadido al universo: FLJJ
2025-05-01 21:45:11 CEST - quant_edge - DEBUG - Ticker añadido al universo: SEPT
2025-05-01 21:45:11 CEST - quant_edge - DEBUG - Ticker añadido al universo: BNGE
2025-05-01 21:45:11 CEST - quant_edge - DEBUG - Ticker añadido al universo: DRCT
2025-05-01 21:45:11 CEST - quant_edge - DEBUG - Ticker añadido al universo: AUGW
2025-05-01 21:45:11 CEST - quant_edge - DEBUG - Ticker añadido al universo: FLAO
2025-05-01 21:45:11 CEST - quant_edge - DEBUG - Ticker añadido al universo: LEGT
2025-05-01 21:45:11 CEST - quant_edge - DEBUG - Ticker añadido al universo: XTJL
2025-05-01 21:45:11 CEST - quant_edge - DEBUG - Ticker añadido al universo: EQLT
2025-05-01 21:45:11 CEST - quant_edge - DEBUG - Ticker añadido al universo: ATNF
2025-05-01 21:45:11 CEST - quant_edge - DEBUG - Ticker añadido al universo: HCTI
2025-05-01 21:45:11 CEST - quant_edge - DEBUG - Ticker añadido al universo: HOOK
2025-05-01 21:45:11 CEST - quant_edge - DEBUG - Ticker añadido al universo: GPAT
2025-05-01 21:45:11 CEST - quant_edge - DEBUG - Ticker añadido al universo: PRSO
2025-05-01 21:45:11 CEST - quant_edge - DEBUG - Ticker añadido al universo: PXI
2025-05-01 21:45:11 CEST - quant_edge - DEBUG - Ticker añadido al universo: BMAY
2025-05-01 21:45:11 CEST - quant_edge - DEBUG - Ticker añadido al universo: CDTG
2025-05-01 21:45:11 CEST - quant_edge - DEBUG - Ticker añadido al universo: MAYT
2025-05-01 21:45:11 CEST - quant_edge - DEBUG - Ticker añadido al universo: MVPL
2025-05-01 21:45:11 CEST - quant_edge - DEBUG - Ticker añadido al universo: YJ
2025-05-01 21:45:11 CEST - quant_edge - DEBUG - Ticker añadido al universo: FLHY
2025-05-01 21:45:11 CEST - quant_edge - DEBUG - Ticker añadido al universo: MEDX
2025-05-01 21:45:11 CEST - quant_edge - DEBUG - Ticker añadido al universo: DHAI
2025-05-01 21:45:11 CEST - quant_edge - DEBUG - Ticker añadido al universo: RNAZ
2025-05-01 21:45:11 CEST - quant_edge - DEBUG - Ticker añadido al universo: QCLR
2025-05-01 21:45:11 CEST - quant_edge - DEBUG - Ticker añadido al universo: PRXG
2025-05-01 21:45:11 CEST - quant_edge - DEBUG - Ticker añadido al universo: ELIL
2025-05-01 21:45:11 CEST - quant_edge - DEBUG - Ticker añadido al universo: MFSI
2025-05-01 21:45:11 CEST - quant_edge - DEBUG - Ticker añadido al universo: MAYP
2025-05-01 21:45:11 CEST - quant_edge - DEBUG - Ticker añadido al universo: NVNI
2025-05-01 21:45:11 CEST - quant_edge - DEBUG - Ticker añadido al universo: OND
2025-05-01 21:45:11 CEST - quant_edge - DEBUG - Ticker añadido al universo: MAYW
2025-05-01 21:45:11 CEST - quant_edge - DEBUG - Ticker añadido al universo: XTOC
2025-05-01 21:45:11 CEST - quant_edge - INFO - Universo actualizado. 100 tickers califican.
2025-05-01 21:45:11 CEST - quant_edge - INFO - Solicitando fundamentales para ZCAR con reportType='REPORTS_FIN_STATEMENT'
2025-05-01 21:45:11 CEST - quant_edge - INFO - Solicitando fundamentales para WEEK con reportType='REPORTS_FIN_STATEMENT'
2025-05-01 21:45:11 CEST - quant_edge - INFO - Solicitando fundamentales para KIDZ con reportType='REPORTS_FIN_STATEMENT'
2025-05-01 21:45:11 CEST - quant_edge - INFO - Solicitando fundamentales para PAPL con reportType='REPORTS_FIN_STATEMENT'
2025-05-01 21:45:11 CEST - quant_edge - INFO - Solicitando fundamentales para DEEF con reportType='REPORTS_FIN_STATEMENT'
2025-05-01 21:45:11 CEST - quant_edge - INFO - Solicitando fundamentales para QBER con reportType='REPORTS_FIN_STATEMENT'
2025-05-01 21:45:11 CEST - quant_edge - INFO - Solicitando fundamentales para CAAA con reportType='REPORTS_FIN_STATEMENT'
2025-05-01 21:45:11 CEST - quant_edge - INFO - Solicitando fundamentales para OGSP con reportType='REPORTS_FIN_STATEMENT'
2025-05-01 21:45:11 CEST - quant_edge - INFO - Solicitando fundamentales para PBMY con reportType='REPORTS_FIN_STATEMENT'
2025-05-01 21:45:11 CEST - quant_edge - INFO - Solicitando fundamentales para KRON con reportType='REPORTS_FIN_STATEMENT'
2025-05-01 21:45:11 CEST - quant_edge - INFO - Solicitando fundamentales para AUGZ con reportType='REPORTS_FIN_STATEMENT'
2025-05-01 21:45:11 CEST - quant_edge - INFO - Solicitando fundamentales para PRXV con reportType='REPORTS_FIN_STATEMENT'
2025-05-01 21:45:11 CEST - quant_edge - INFO - Solicitando fundamentales para VCIC con reportType='REPORTS_FIN_STATEMENT'
2025-05-01 21:45:11 CEST - quant_edge - INFO - Solicitando fundamentales para SEPP con reportType='REPORTS_FIN_STATEMENT'
2025-05-01 21:45:11 CEST - quant_edge - INFO - Solicitando fundamentales para QCML con reportType='REPORTS_FIN_STATEMENT'
2025-05-01 21:45:11 CEST - quant_edge - INFO - Solicitando fundamentales para BACQU con reportType='REPORTS_FIN_STATEMENT'
2025-05-01 21:45:11 CEST - quant_edge - INFO - Solicitando fundamentales para UMAY con reportType='REPORTS_FIN_STATEMENT'
2025-05-01 21:45:11 CEST - quant_edge - INFO - Solicitando fundamentales para FLJJ con reportType='REPORTS_FIN_STATEMENT'
2025-05-01 21:45:11 CEST - quant_edge - INFO - Solicitando fundamentales para SEPT con reportType='REPORTS_FIN_STATEMENT'
2025-05-01 21:45:11 CEST - quant_edge - INFO - Solicitando fundamentales para BNGE con reportType='REPORTS_FIN_STATEMENT'
2025-05-01 21:45:11 CEST - quant_edge - INFO - Solicitando fundamentales para DRCT con reportType='REPORTS_FIN_STATEMENT'
2025-05-01 21:45:11 CEST - quant_edge - INFO - Solicitando fundamentales para AUGW con reportType='REPORTS_FIN_STATEMENT'
2025-05-01 21:45:11 CEST - quant_edge - INFO - Solicitando fundamentales para FLAO con reportType='REPORTS_FIN_STATEMENT'
2025-05-01 21:45:11 CEST - quant_edge - INFO - Solicitando fundamentales para LEGT con reportType='REPORTS_FIN_STATEMENT'
2025-05-01 21:45:11 CEST - quant_edge - INFO - Solicitando fundamentales para XTJL con reportType='REPORTS_FIN_STATEMENT'
2025-05-01 21:45:11 CEST - quant_edge - INFO - Solicitando fundamentales para EQLT con reportType='REPORTS_FIN_STATEMENT'
2025-05-01 21:45:11 CEST - quant_edge - INFO - Solicitando fundamentales para ATNF con reportType='REPORTS_FIN_STATEMENT'
2025-05-01 21:45:11 CEST - quant_edge - INFO - Solicitando fundamentales para HCTI con reportType='REPORTS_FIN_STATEMENT'
2025-05-01 21:45:11 CEST - quant_edge - INFO - Solicitando fundamentales para HOOK con reportType='REPORTS_FIN_STATEMENT'
2025-05-01 21:45:11 CEST - quant_edge - INFO - Solicitando fundamentales para GPAT con reportType='REPORTS_FIN_STATEMENT'
2025-05-01 21:45:11 CEST - quant_edge - INFO - Solicitando fundamentales para PRSO con reportType='REPORTS_FIN_STATEMENT'
2025-05-01 21:45:11 CEST - quant_edge - INFO - Solicitando fundamentales para PXI con reportType='REPORTS_FIN_STATEMENT'
2025-05-01 21:45:11 CEST - quant_edge - INFO - Solicitando fundamentales para BMAY con reportType='REPORTS_FIN_STATEMENT'
2025-05-01 21:45:11 CEST - quant_edge - INFO - Solicitando fundamentales para CDTG con reportType='REPORTS_FIN_STATEMENT'
2025-05-01 21:45:11 CEST - quant_edge - INFO - Solicitando fundamentales para MAYT con reportType='REPORTS_FIN_STATEMENT'
2025-05-01 21:45:11 CEST - quant_edge - INFO - Solicitando fundamentales para MVPL con reportType='REPORTS_FIN_STATEMENT'
2025-05-01 21:45:11 CEST - quant_edge - INFO - Solicitando fundamentales para YJ con reportType='REPORTS_FIN_STATEMENT'
2025-05-01 21:45:11 CEST - quant_edge - INFO - Solicitando fundamentales para FLHY con reportType='REPORTS_FIN_STATEMENT'
2025-05-01 21:45:11 CEST - quant_edge - INFO - Solicitando fundamentales para MEDX con reportType='REPORTS_FIN_STATEMENT'
2025-05-01 21:45:11 CEST - quant_edge - INFO - Solicitando fundamentales para DHAI con reportType='REPORTS_FIN_STATEMENT'
2025-05-01 21:45:11 CEST - quant_edge - INFO - Solicitando fundamentales para RNAZ con reportType='REPORTS_FIN_STATEMENT'
2025-05-01 21:45:11 CEST - quant_edge - INFO - Solicitando fundamentales para QCLR con reportType='REPORTS_FIN_STATEMENT'
2025-05-01 21:45:11 CEST - quant_edge - INFO - Solicitando fundamentales para PRXG con reportType='REPORTS_FIN_STATEMENT'
2025-05-01 21:45:11 CEST - quant_edge - INFO - Solicitando fundamentales para ELIL con reportType='REPORTS_FIN_STATEMENT'
2025-05-01 21:45:11 CEST - quant_edge - INFO - Solicitando fundamentales para MFSI con reportType='REPORTS_FIN_STATEMENT'
2025-05-01 21:45:11 CEST - quant_edge - INFO - Solicitando fundamentales para MAYP con reportType='REPORTS_FIN_STATEMENT'
2025-05-01 21:45:11 CEST - quant_edge - INFO - Solicitando fundamentales para NVNI con reportType='REPORTS_FIN_STATEMENT'
2025-05-01 21:45:11 CEST - quant_edge - INFO - Solicitando fundamentales para OND con reportType='REPORTS_FIN_STATEMENT'
2025-05-01 21:45:11 CEST - quant_edge - INFO - Solicitando fundamentales para MAYW con reportType='REPORTS_FIN_STATEMENT'
2025-05-01 21:45:11 CEST - quant_edge - INFO - Solicitando fundamentales para XTOC con reportType='REPORTS_FIN_STATEMENT'
2025-05-01 21:45:11 CEST - quant_edge - INFO - Solicitando fundamentales para ZCAR con reportType='REPORTS_FIN_STATEMENT'
2025-05-01 21:45:11 CEST - quant_edge - INFO - Solicitando fundamentales para WEEK con reportType='REPORTS_FIN_STATEMENT'
2025-05-01 21:45:11 CEST - quant_edge - INFO - Solicitando fundamentales para KIDZ con reportType='REPORTS_FIN_STATEMENT'
2025-05-01 21:45:11 CEST - quant_edge - INFO - Solicitando fundamentales para PAPL con reportType='REPORTS_FIN_STATEMENT'
2025-05-01 21:45:11 CEST - quant_edge - INFO - Solicitando fundamentales para DEEF con reportType='REPORTS_FIN_STATEMENT'
2025-05-01 21:45:11 CEST - quant_edge - INFO - Solicitando fundamentales para QBER con reportType='REPORTS_FIN_STATEMENT'
2025-05-01 21:45:11 CEST - quant_edge - INFO - Solicitando fundamentales para CAAA con reportType='REPORTS_FIN_STATEMENT'
2025-05-01 21:45:11 CEST - quant_edge - INFO - Solicitando fundamentales para OGSP con reportType='REPORTS_FIN_STATEMENT'
2025-05-01 21:45:11 CEST - quant_edge - INFO - Solicitando fundamentales para PBMY con reportType='REPORTS_FIN_STATEMENT'
2025-05-01 21:45:11 CEST - quant_edge - INFO - Solicitando fundamentales para KRON con reportType='REPORTS_FIN_STATEMENT'
2025-05-01 21:45:11 CEST - quant_edge - INFO - Solicitando fundamentales para AUGZ con reportType='REPORTS_FIN_STATEMENT'
2025-05-01 21:45:11 CEST - quant_edge - INFO - Solicitando fundamentales para PRXV con reportType='REPORTS_FIN_STATEMENT'
2025-05-01 21:45:11 CEST - quant_edge - INFO - Solicitando fundamentales para VCIC con reportType='REPORTS_FIN_STATEMENT'
2025-05-01 21:45:11 CEST - quant_edge - INFO - Solicitando fundamentales para SEPP con reportType='REPORTS_FIN_STATEMENT'
2025-05-01 21:45:11 CEST - quant_edge - INFO - Solicitando fundamentales para QCML con reportType='REPORTS_FIN_STATEMENT'
2025-05-01 21:45:11 CEST - quant_edge - INFO - Solicitando fundamentales para BACQU con reportType='REPORTS_FIN_STATEMENT'
2025-05-01 21:45:11 CEST - quant_edge - INFO - Solicitando fundamentales para UMAY con reportType='REPORTS_FIN_STATEMENT'
2025-05-01 21:45:11 CEST - quant_edge - INFO - Solicitando fundamentales para FLJJ con reportType='REPORTS_FIN_STATEMENT'
2025-05-01 21:45:11 CEST - quant_edge - INFO - Solicitando fundamentales para SEPT con reportType='REPORTS_FIN_STATEMENT'
2025-05-01 21:45:11 CEST - quant_edge - INFO - Solicitando fundamentales para BNGE con reportType='REPORTS_FIN_STATEMENT'
2025-05-01 21:45:11 CEST - quant_edge - INFO - Solicitando fundamentales para DRCT con reportType='REPORTS_FIN_STATEMENT'
2025-05-01 21:45:11 CEST - quant_edge - INFO - Solicitando fundamentales para AUGW con reportType='REPORTS_FIN_STATEMENT'
2025-05-01 21:45:11 CEST - quant_edge - INFO - Solicitando fundamentales para FLAO con reportType='REPORTS_FIN_STATEMENT'
2025-05-01 21:45:11 CEST - quant_edge - INFO - Solicitando fundamentales para LEGT con reportType='REPORTS_FIN_STATEMENT'
2025-05-01 21:45:11 CEST - quant_edge - INFO - Solicitando fundamentales para XTJL con reportType='REPORTS_FIN_STATEMENT'
2025-05-01 21:45:11 CEST - quant_edge - INFO - Solicitando fundamentales para EQLT con reportType='REPORTS_FIN_STATEMENT'
2025-05-01 21:45:11 CEST - quant_edge - INFO - Solicitando fundamentales para ATNF con reportType='REPORTS_FIN_STATEMENT'
2025-05-01 21:45:11 CEST - quant_edge - INFO - Solicitando fundamentales para HCTI con reportType='REPORTS_FIN_STATEMENT'
2025-05-01 21:45:11 CEST - quant_edge - INFO - Solicitando fundamentales para HOOK con reportType='REPORTS_FIN_STATEMENT'
2025-05-01 21:45:11 CEST - quant_edge - INFO - Solicitando fundamentales para GPAT con reportType='REPORTS_FIN_STATEMENT'
2025-05-01 21:45:11 CEST - quant_edge - INFO - Solicitando fundamentales para PRSO con reportType='REPORTS_FIN_STATEMENT'
2025-05-01 21:45:11 CEST - quant_edge - INFO - Solicitando fundamentales para PXI con reportType='REPORTS_FIN_STATEMENT'
2025-05-01 21:45:11 CEST - quant_edge - INFO - Solicitando fundamentales para BMAY con reportType='REPORTS_FIN_STATEMENT'
2025-05-01 21:45:11 CEST - quant_edge - INFO - Solicitando fundamentales para CDTG con reportType='REPORTS_FIN_STATEMENT'
2025-05-01 21:45:11 CEST - quant_edge - INFO - Solicitando fundamentales para MAYT con reportType='REPORTS_FIN_STATEMENT'
2025-05-01 21:45:11 CEST - quant_edge - INFO - Solicitando fundamentales para MVPL con reportType='REPORTS_FIN_STATEMENT'
2025-05-01 21:45:11 CEST - quant_edge - INFO - Solicitando fundamentales para YJ con reportType='REPORTS_FIN_STATEMENT'
2025-05-01 21:45:11 CEST - quant_edge - INFO - Solicitando fundamentales para FLHY con reportType='REPORTS_FIN_STATEMENT'
2025-05-01 21:45:11 CEST - quant_edge - INFO - Solicitando fundamentales para MEDX con reportType='REPORTS_FIN_STATEMENT'
2025-05-01 21:45:11 CEST - quant_edge - INFO - Solicitando fundamentales para DHAI con reportType='REPORTS_FIN_STATEMENT'
2025-05-01 21:45:11 CEST - quant_edge - INFO - Solicitando fundamentales para RNAZ con reportType='REPORTS_FIN_STATEMENT'
2025-05-01 21:45:11 CEST - quant_edge - INFO - Solicitando fundamentales para QCLR con reportType='REPORTS_FIN_STATEMENT'
2025-05-01 21:45:11 CEST - quant_edge - INFO - Solicitando fundamentales para PRXG con reportType='REPORTS_FIN_STATEMENT'
2025-05-01 21:45:11 CEST - quant_edge - INFO - Solicitando fundamentales para ELIL con reportType='REPORTS_FIN_STATEMENT'
2025-05-01 21:45:11 CEST - quant_edge - INFO - Solicitando fundamentales para MFSI con reportType='REPORTS_FIN_STATEMENT'
2025-05-01 21:45:11 CEST - quant_edge - INFO - Solicitando fundamentales para MAYP con reportType='REPORTS_FIN_STATEMENT'
2025-05-01 21:45:11 CEST - quant_edge - INFO - Solicitando fundamentales para NVNI con reportType='REPORTS_FIN_STATEMENT'
2025-05-01 21:45:11 CEST - quant_edge - INFO - Solicitando fundamentales para OND con reportType='REPORTS_FIN_STATEMENT'
2025-05-01 21:45:11 CEST - quant_edge - INFO - Solicitando fundamentales para MAYW con reportType='REPORTS_FIN_STATEMENT'
2025-05-01 21:45:11 CEST - quant_edge - INFO - Solicitando fundamentales para XTOC con reportType='REPORTS_FIN_STATEMENT'
2025-05-01 21:45:41 CEST - quant_edge - DEBUG - Ticker añadido al universo: ZCAR
2025-05-01 21:45:41 CEST - quant_edge - DEBUG - Ticker añadido al universo: WEEK
2025-05-01 21:45:41 CEST - quant_edge - DEBUG - Ticker añadido al universo: KIDZ
2025-05-01 21:45:41 CEST - quant_edge - DEBUG - Ticker añadido al universo: PAPL
2025-05-01 21:45:41 CEST - quant_edge - DEBUG - Ticker añadido al universo: DEEF
2025-05-01 21:45:41 CEST - quant_edge - DEBUG - Ticker añadido al universo: QBER
2025-05-01 21:45:41 CEST - quant_edge - DEBUG - Ticker añadido al universo: CAAA
2025-05-01 21:45:41 CEST - quant_edge - DEBUG - Ticker añadido al universo: OGSP
2025-05-01 21:45:41 CEST - quant_edge - DEBUG - Ticker añadido al universo: PBMY
2025-05-01 21:45:41 CEST - quant_edge - DEBUG - Ticker añadido al universo: KRON
2025-05-01 21:45:41 CEST - quant_edge - DEBUG - Ticker añadido al universo: AUGZ
2025-05-01 21:45:41 CEST - quant_edge - DEBUG - Ticker añadido al universo: PRXV
2025-05-01 21:45:41 CEST - quant_edge - DEBUG - Ticker añadido al universo: VCIC
2025-05-01 21:45:41 CEST - quant_edge - DEBUG - Ticker añadido al universo: SEPP
2025-05-01 21:45:41 CEST - quant_edge - DEBUG - Ticker añadido al universo: QCML
2025-05-01 21:45:41 CEST - quant_edge - DEBUG - Ticker añadido al universo: BACQU
2025-05-01 21:45:41 CEST - quant_edge - DEBUG - Ticker añadido al universo: UMAY
2025-05-01 21:45:41 CEST - quant_edge - DEBUG - Ticker añadido al universo: FLJJ
2025-05-01 21:45:41 CEST - quant_edge - DEBUG - Ticker añadido al universo: SEPT
2025-05-01 21:45:41 CEST - quant_edge - DEBUG - Ticker añadido al universo: BNGE
2025-05-01 21:45:41 CEST - quant_edge - DEBUG - Ticker añadido al universo: DRCT
2025-05-01 21:45:41 CEST - quant_edge - DEBUG - Ticker añadido al universo: AUGW
2025-05-01 21:45:41 CEST - quant_edge - DEBUG - Ticker añadido al universo: FLAO
2025-05-01 21:45:41 CEST - quant_edge - DEBUG - Ticker añadido al universo: LEGT
2025-05-01 21:45:41 CEST - quant_edge - DEBUG - Ticker añadido al universo: XTJL
2025-05-01 21:45:41 CEST - quant_edge - DEBUG - Ticker añadido al universo: EQLT
2025-05-01 21:45:41 CEST - quant_edge - DEBUG - Ticker añadido al universo: ATNF
2025-05-01 21:45:41 CEST - quant_edge - DEBUG - Ticker añadido al universo: HCTI
2025-05-01 21:45:41 CEST - quant_edge - DEBUG - Ticker añadido al universo: HOOK
2025-05-01 21:45:41 CEST - quant_edge - DEBUG - Ticker añadido al universo: GPAT
2025-05-01 21:45:41 CEST - quant_edge - DEBUG - Ticker añadido al universo: PRSO
2025-05-01 21:45:41 CEST - quant_edge - DEBUG - Ticker añadido al universo: PXI
2025-05-01 21:45:41 CEST - quant_edge - DEBUG - Ticker añadido al universo: BMAY
2025-05-01 21:45:41 CEST - quant_edge - DEBUG - Ticker añadido al universo: CDTG
2025-05-01 21:45:41 CEST - quant_edge - DEBUG - Ticker añadido al universo: MAYT
2025-05-01 21:45:41 CEST - quant_edge - DEBUG - Ticker añadido al universo: MVPL
2025-05-01 21:45:41 CEST - quant_edge - DEBUG - Ticker añadido al universo: YJ
2025-05-01 21:45:41 CEST - quant_edge - DEBUG - Ticker añadido al universo: FLHY
2025-05-01 21:45:41 CEST - quant_edge - DEBUG - Ticker añadido al universo: MEDX
2025-05-01 21:45:41 CEST - quant_edge - DEBUG - Ticker añadido al universo: DHAI
2025-05-01 21:45:41 CEST - quant_edge - DEBUG - Ticker añadido al universo: RNAZ
2025-05-01 21:45:41 CEST - quant_edge - DEBUG - Ticker añadido al universo: QCLR
2025-05-01 21:45:41 CEST - quant_edge - DEBUG - Ticker añadido al universo: PRXG
2025-05-01 21:45:41 CEST - quant_edge - DEBUG - Ticker añadido al universo: ELIL
2025-05-01 21:45:41 CEST - quant_edge - DEBUG - Ticker añadido al universo: MFSI
2025-05-01 21:45:41 CEST - quant_edge - DEBUG - Ticker añadido al universo: MAYP
2025-05-01 21:45:41 CEST - quant_edge - DEBUG - Ticker añadido al universo: NVNI
2025-05-01 21:45:41 CEST - quant_edge - DEBUG - Ticker añadido al universo: OND
2025-05-01 21:45:41 CEST - quant_edge - DEBUG - Ticker añadido al universo: MAYW
2025-05-01 21:45:41 CEST - quant_edge - DEBUG - Ticker añadido al universo: XTOC
2025-05-01 21:45:41 CEST - quant_edge - INFO - Universo actualizado. 150 tickers califican.
2025-05-01 21:45:41 CEST - quant_edge - INFO - Solicitando fundamentales para ZCAR con reportType='REPORTS_FIN_STATEMENT'
2025-05-01 21:45:41 CEST - quant_edge - INFO - Solicitando fundamentales para WEEK con reportType='REPORTS_FIN_STATEMENT'
2025-05-01 21:45:41 CEST - quant_edge - INFO - Solicitando fundamentales para KIDZ con reportType='REPORTS_FIN_STATEMENT'
2025-05-01 21:45:41 CEST - quant_edge - INFO - Solicitando fundamentales para PAPL con reportType='REPORTS_FIN_STATEMENT'
2025-05-01 21:45:41 CEST - quant_edge - INFO - Solicitando fundamentales para DEEF con reportType='REPORTS_FIN_STATEMENT'
2025-05-01 21:45:41 CEST - quant_edge - INFO - Solicitando fundamentales para QBER con reportType='REPORTS_FIN_STATEMENT'
2025-05-01 21:45:41 CEST - quant_edge - INFO - Solicitando fundamentales para CAAA con reportType='REPORTS_FIN_STATEMENT'
2025-05-01 21:45:41 CEST - quant_edge - INFO - Solicitando fundamentales para OGSP con reportType='REPORTS_FIN_STATEMENT'
2025-05-01 21:45:41 CEST - quant_edge - INFO - Solicitando fundamentales para PBMY con reportType='REPORTS_FIN_STATEMENT'
2025-05-01 21:45:41 CEST - quant_edge - INFO - Solicitando fundamentales para KRON con reportType='REPORTS_FIN_STATEMENT'
2025-05-01 21:45:41 CEST - quant_edge - INFO - Solicitando fundamentales para AUGZ con reportType='REPORTS_FIN_STATEMENT'
2025-05-01 21:45:41 CEST - quant_edge - INFO - Solicitando fundamentales para PRXV con reportType='REPORTS_FIN_STATEMENT'
2025-05-01 21:45:41 CEST - quant_edge - INFO - Solicitando fundamentales para VCIC con reportType='REPORTS_FIN_STATEMENT'
2025-05-01 21:45:41 CEST - quant_edge - INFO - Solicitando fundamentales para SEPP con reportType='REPORTS_FIN_STATEMENT'
2025-05-01 21:45:41 CEST - quant_edge - INFO - Solicitando fundamentales para QCML con reportType='REPORTS_FIN_STATEMENT'
2025-05-01 21:45:41 CEST - quant_edge - INFO - Solicitando fundamentales para BACQU con reportType='REPORTS_FIN_STATEMENT'
2025-05-01 21:45:41 CEST - quant_edge - INFO - Solicitando fundamentales para UMAY con reportType='REPORTS_FIN_STATEMENT'
2025-05-01 21:45:41 CEST - quant_edge - INFO - Solicitando fundamentales para FLJJ con reportType='REPORTS_FIN_STATEMENT'
2025-05-01 21:45:41 CEST - quant_edge - INFO - Solicitando fundamentales para SEPT con reportType='REPORTS_FIN_STATEMENT'
2025-05-01 21:45:41 CEST - quant_edge - INFO - Solicitando fundamentales para BNGE con reportType='REPORTS_FIN_STATEMENT'
2025-05-01 21:45:41 CEST - quant_edge - INFO - Solicitando fundamentales para DRCT con reportType='REPORTS_FIN_STATEMENT'
2025-05-01 21:45:41 CEST - quant_edge - INFO - Solicitando fundamentales para AUGW con reportType='REPORTS_FIN_STATEMENT'
2025-05-01 21:45:41 CEST - quant_edge - INFO - Solicitando fundamentales para FLAO con reportType='REPORTS_FIN_STATEMENT'
2025-05-01 21:45:41 CEST - quant_edge - INFO - Solicitando fundamentales para LEGT con reportType='REPORTS_FIN_STATEMENT'
2025-05-01 21:45:41 CEST - quant_edge - INFO - Solicitando fundamentales para XTJL con reportType='REPORTS_FIN_STATEMENT'
2025-05-01 21:45:41 CEST - quant_edge - INFO - Solicitando fundamentales para EQLT con reportType='REPORTS_FIN_STATEMENT'
2025-05-01 21:45:41 CEST - quant_edge - INFO - Solicitando fundamentales para ATNF con reportType='REPORTS_FIN_STATEMENT'
2025-05-01 21:45:41 CEST - quant_edge - INFO - Solicitando fundamentales para HCTI con reportType='REPORTS_FIN_STATEMENT'
2025-05-01 21:45:41 CEST - quant_edge - INFO - Solicitando fundamentales para HOOK con reportType='REPORTS_FIN_STATEMENT'
2025-05-01 21:45:41 CEST - quant_edge - INFO - Solicitando fundamentales para GPAT con reportType='REPORTS_FIN_STATEMENT'
2025-05-01 21:45:41 CEST - quant_edge - INFO - Solicitando fundamentales para PRSO con reportType='REPORTS_FIN_STATEMENT'
2025-05-01 21:45:41 CEST - quant_edge - INFO - Solicitando fundamentales para PXI con reportType='REPORTS_FIN_STATEMENT'
2025-05-01 21:45:41 CEST - quant_edge - INFO - Solicitando fundamentales para BMAY con reportType='REPORTS_FIN_STATEMENT'
2025-05-01 21:45:41 CEST - quant_edge - INFO - Solicitando fundamentales para CDTG con reportType='REPORTS_FIN_STATEMENT'
2025-05-01 21:45:41 CEST - quant_edge - INFO - Solicitando fundamentales para MAYT con reportType='REPORTS_FIN_STATEMENT'
2025-05-01 21:45:41 CEST - quant_edge - INFO - Solicitando fundamentales para MVPL con reportType='REPORTS_FIN_STATEMENT'
2025-05-01 21:45:41 CEST - quant_edge - INFO - Solicitando fundamentales para YJ con reportType='REPORTS_FIN_STATEMENT'
2025-05-01 21:45:41 CEST - quant_edge - INFO - Solicitando fundamentales para FLHY con reportType='REPORTS_FIN_STATEMENT'
2025-05-01 21:45:41 CEST - quant_edge - INFO - Solicitando fundamentales para MEDX con reportType='REPORTS_FIN_STATEMENT'
2025-05-01 21:45:41 CEST - quant_edge - INFO - Solicitando fundamentales para DHAI con reportType='REPORTS_FIN_STATEMENT'
2025-05-01 21:45:41 CEST - quant_edge - INFO - Solicitando fundamentales para RNAZ con reportType='REPORTS_FIN_STATEMENT'
2025-05-01 21:45:41 CEST - quant_edge - INFO - Solicitando fundamentales para QCLR con reportType='REPORTS_FIN_STATEMENT'
2025-05-01 21:45:41 CEST - quant_edge - INFO - Solicitando fundamentales para PRXG con reportType='REPORTS_FIN_STATEMENT'
2025-05-01 21:45:41 CEST - quant_edge - INFO - Solicitando fundamentales para ELIL con reportType='REPORTS_FIN_STATEMENT'
2025-05-01 21:45:41 CEST - quant_edge - INFO - Solicitando fundamentales para MFSI con reportType='REPORTS_FIN_STATEMENT'
2025-05-01 21:45:41 CEST - quant_edge - INFO - Solicitando fundamentales para MAYP con reportType='REPORTS_FIN_STATEMENT'
2025-05-01 21:45:41 CEST - quant_edge - INFO - Solicitando fundamentales para NVNI con reportType='REPORTS_FIN_STATEMENT'
2025-05-01 21:45:41 CEST - quant_edge - INFO - Solicitando fundamentales para OND con reportType='REPORTS_FIN_STATEMENT'
2025-05-01 21:45:41 CEST - quant_edge - INFO - Solicitando fundamentales para MAYW con reportType='REPORTS_FIN_STATEMENT'
2025-05-01 21:45:41 CEST - quant_edge - INFO - Solicitando fundamentales para XTOC con reportType='REPORTS_FIN_STATEMENT'
2025-05-01 21:45:41 CEST - quant_edge - INFO - Solicitando fundamentales para ZCAR con reportType='REPORTS_FIN_STATEMENT'
2025-05-01 21:45:41 CEST - quant_edge - INFO - Solicitando fundamentales para WEEK con reportType='REPORTS_FIN_STATEMENT'
2025-05-01 21:45:41 CEST - quant_edge - INFO - Solicitando fundamentales para KIDZ con reportType='REPORTS_FIN_STATEMENT'
2025-05-01 21:45:41 CEST - quant_edge - INFO - Solicitando fundamentales para PAPL con reportType='REPORTS_FIN_STATEMENT'
2025-05-01 21:45:41 CEST - quant_edge - INFO - Solicitando fundamentales para DEEF con reportType='REPORTS_FIN_STATEMENT'
2025-05-01 21:45:41 CEST - quant_edge - INFO - Solicitando fundamentales para QBER con reportType='REPORTS_FIN_STATEMENT'
2025-05-01 21:45:41 CEST - quant_edge - INFO - Solicitando fundamentales para CAAA con reportType='REPORTS_FIN_STATEMENT'
2025-05-01 21:45:41 CEST - quant_edge - INFO - Solicitando fundamentales para OGSP con reportType='REPORTS_FIN_STATEMENT'
2025-05-01 21:45:41 CEST - quant_edge - INFO - Solicitando fundamentales para PBMY con reportType='REPORTS_FIN_STATEMENT'
2025-05-01 21:45:41 CEST - quant_edge - INFO - Solicitando fundamentales para KRON con reportType='REPORTS_FIN_STATEMENT'
2025-05-01 21:45:41 CEST - quant_edge - INFO - Solicitando fundamentales para AUGZ con reportType='REPORTS_FIN_STATEMENT'
2025-05-01 21:45:41 CEST - quant_edge - INFO - Solicitando fundamentales para PRXV con reportType='REPORTS_FIN_STATEMENT'
2025-05-01 21:45:41 CEST - quant_edge - INFO - Solicitando fundamentales para VCIC con reportType='REPORTS_FIN_STATEMENT'
2025-05-01 21:45:41 CEST - quant_edge - INFO - Solicitando fundamentales para SEPP con reportType='REPORTS_FIN_STATEMENT'
2025-05-01 21:45:41 CEST - quant_edge - INFO - Solicitando fundamentales para QCML con reportType='REPORTS_FIN_STATEMENT'
2025-05-01 21:45:41 CEST - quant_edge - INFO - Solicitando fundamentales para BACQU con reportType='REPORTS_FIN_STATEMENT'
2025-05-01 21:45:41 CEST - quant_edge - INFO - Solicitando fundamentales para UMAY con reportType='REPORTS_FIN_STATEMENT'
2025-05-01 21:45:41 CEST - quant_edge - INFO - Solicitando fundamentales para FLJJ con reportType='REPORTS_FIN_STATEMENT'
2025-05-01 21:45:41 CEST - quant_edge - INFO - Solicitando fundamentales para SEPT con reportType='REPORTS_FIN_STATEMENT'
2025-05-01 21:45:41 CEST - quant_edge - INFO - Solicitando fundamentales para BNGE con reportType='REPORTS_FIN_STATEMENT'
2025-05-01 21:45:41 CEST - quant_edge - INFO - Solicitando fundamentales para DRCT con reportType='REPORTS_FIN_STATEMENT'
2025-05-01 21:45:41 CEST - quant_edge - INFO - Solicitando fundamentales para AUGW con reportType='REPORTS_FIN_STATEMENT'
2025-05-01 21:45:41 CEST - quant_edge - INFO - Solicitando fundamentales para FLAO con reportType='REPORTS_FIN_STATEMENT'
2025-05-01 21:45:41 CEST - quant_edge - INFO - Solicitando fundamentales para LEGT con reportType='REPORTS_FIN_STATEMENT'
2025-05-01 21:45:41 CEST - quant_edge - INFO - Solicitando fundamentales para XTJL con reportType='REPORTS_FIN_STATEMENT'
2025-05-01 21:45:41 CEST - quant_edge - INFO - Solicitando fundamentales para EQLT con reportType='REPORTS_FIN_STATEMENT'
2025-05-01 21:45:41 CEST - quant_edge - INFO - Solicitando fundamentales para ATNF con reportType='REPORTS_FIN_STATEMENT'
2025-05-01 21:45:41 CEST - quant_edge - INFO - Solicitando fundamentales para HCTI con reportType='REPORTS_FIN_STATEMENT'
2025-05-01 21:45:41 CEST - quant_edge - INFO - Solicitando fundamentales para HOOK con reportType='REPORTS_FIN_STATEMENT'
2025-05-01 21:45:41 CEST - quant_edge - INFO - Solicitando fundamentales para GPAT con reportType='REPORTS_FIN_STATEMENT'
2025-05-01 21:45:41 CEST - quant_edge - INFO - Solicitando fundamentales para PRSO con reportType='REPORTS_FIN_STATEMENT'
2025-05-01 21:45:41 CEST - quant_edge - INFO - Solicitando fundamentales para PXI con reportType='REPORTS_FIN_STATEMENT'
2025-05-01 21:45:41 CEST - quant_edge - INFO - Solicitando fundamentales para BMAY con reportType='REPORTS_FIN_STATEMENT'
2025-05-01 21:45:41 CEST - quant_edge - INFO - Solicitando fundamentales para CDTG con reportType='REPORTS_FIN_STATEMENT'
2025-05-01 21:45:41 CEST - quant_edge - INFO - Solicitando fundamentales para MAYT con reportType='REPORTS_FIN_STATEMENT'
2025-05-01 21:45:41 CEST - quant_edge - INFO - Solicitando fundamentales para MVPL con reportType='REPORTS_FIN_STATEMENT'
2025-05-01 21:45:41 CEST - quant_edge - INFO - Solicitando fundamentales para YJ con reportType='REPORTS_FIN_STATEMENT'
2025-05-01 21:45:41 CEST - quant_edge - INFO - Solicitando fundamentales para FLHY con reportType='REPORTS_FIN_STATEMENT'
2025-05-01 21:45:41 CEST - quant_edge - INFO - Solicitando fundamentales para MEDX con reportType='REPORTS_FIN_STATEMENT'
2025-05-01 21:45:41 CEST - quant_edge - INFO - Solicitando fundamentales para DHAI con reportType='REPORTS_FIN_STATEMENT'
2025-05-01 21:45:41 CEST - quant_edge - INFO - Solicitando fundamentales para RNAZ con reportType='REPORTS_FIN_STATEMENT'
2025-05-01 21:45:41 CEST - quant_edge - INFO - Solicitando fundamentales para QCLR con reportType='REPORTS_FIN_STATEMENT'
2025-05-01 21:45:41 CEST - quant_edge - INFO - Solicitando fundamentales para PRXG con reportType='REPORTS_FIN_STATEMENT'
2025-05-01 21:45:41 CEST - quant_edge - INFO - Solicitando fundamentales para ELIL con reportType='REPORTS_FIN_STATEMENT'
2025-05-01 21:45:41 CEST - quant_edge - INFO - Solicitando fundamentales para MFSI con reportType='REPORTS_FIN_STATEMENT'
2025-05-01 21:45:41 CEST - quant_edge - INFO - Solicitando fundamentales para MAYP con reportType='REPORTS_FIN_STATEMENT'
2025-05-01 21:45:41 CEST - quant_edge - INFO - Solicitando fundamentales para NVNI con reportType='REPORTS_FIN_STATEMENT'
2025-05-01 21:45:41 CEST - quant_edge - INFO - Solicitando fundamentales para OND con reportType='REPORTS_FIN_STATEMENT'
2025-05-01 21:45:41 CEST - quant_edge - INFO - Solicitando fundamentales para MAYW con reportType='REPORTS_FIN_STATEMENT'
2025-05-01 21:45:41 CEST - quant_edge - INFO - Solicitando fundamentales para XTOC con reportType='REPORTS_FIN_STATEMENT'
2025-05-01 21:45:41 CEST - quant_edge - INFO - Solicitando fundamentales para ZCAR con reportType='REPORTS_FIN_STATEMENT'
2025-05-01 21:45:41 CEST - quant_edge - INFO - Solicitando fundamentales para WEEK con reportType='REPORTS_FIN_STATEMENT'
2025-05-01 21:45:41 CEST - quant_edge - INFO - Solicitando fundamentales para KIDZ con reportType='REPORTS_FIN_STATEMENT'
2025-05-01 21:45:41 CEST - quant_edge - INFO - Solicitando fundamentales para PAPL con reportType='REPORTS_FIN_STATEMENT'
2025-05-01 21:45:41 CEST - quant_edge - INFO - Solicitando fundamentales para DEEF con reportType='REPORTS_FIN_STATEMENT'
2025-05-01 21:45:41 CEST - quant_edge - INFO - Solicitando fundamentales para QBER con reportType='REPORTS_FIN_STATEMENT'
2025-05-01 21:45:41 CEST - quant_edge - INFO - Solicitando fundamentales para CAAA con reportType='REPORTS_FIN_STATEMENT'
2025-05-01 21:45:41 CEST - quant_edge - INFO - Solicitando fundamentales para OGSP con reportType='REPORTS_FIN_STATEMENT'
2025-05-01 21:45:41 CEST - quant_edge - INFO - Solicitando fundamentales para PBMY con reportType='REPORTS_FIN_STATEMENT'
2025-05-01 21:45:41 CEST - quant_edge - INFO - Solicitando fundamentales para KRON con reportType='REPORTS_FIN_STATEMENT'
2025-05-01 21:45:41 CEST - quant_edge - INFO - Solicitando fundamentales para AUGZ con reportType='REPORTS_FIN_STATEMENT'
2025-05-01 21:45:41 CEST - quant_edge - INFO - Solicitando fundamentales para PRXV con reportType='REPORTS_FIN_STATEMENT'
2025-05-01 21:45:41 CEST - quant_edge - INFO - Solicitando fundamentales para VCIC con reportType='REPORTS_FIN_STATEMENT'
2025-05-01 21:45:41 CEST - quant_edge - INFO - Solicitando fundamentales para SEPP con reportType='REPORTS_FIN_STATEMENT'
2025-05-01 21:45:41 CEST - quant_edge - INFO - Solicitando fundamentales para QCML con reportType='REPORTS_FIN_STATEMENT'
2025-05-01 21:45:41 CEST - quant_edge - INFO - Solicitando fundamentales para BACQU con reportType='REPORTS_FIN_STATEMENT'
2025-05-01 21:45:41 CEST - quant_edge - INFO - Solicitando fundamentales para UMAY con reportType='REPORTS_FIN_STATEMENT'
2025-05-01 21:45:41 CEST - quant_edge - INFO - Solicitando fundamentales para FLJJ con reportType='REPORTS_FIN_STATEMENT'
2025-05-01 21:45:41 CEST - quant_edge - INFO - Solicitando fundamentales para SEPT con reportType='REPORTS_FIN_STATEMENT'
2025-05-01 21:45:41 CEST - quant_edge - INFO - Solicitando fundamentales para BNGE con reportType='REPORTS_FIN_STATEMENT'
2025-05-01 21:45:41 CEST - quant_edge - INFO - Solicitando fundamentales para DRCT con reportType='REPORTS_FIN_STATEMENT'
2025-05-01 21:45:41 CEST - quant_edge - INFO - Solicitando fundamentales para AUGW con reportType='REPORTS_FIN_STATEMENT'
2025-05-01 21:45:41 CEST - quant_edge - INFO - Solicitando fundamentales para FLAO con reportType='REPORTS_FIN_STATEMENT'
2025-05-01 21:45:41 CEST - quant_edge - INFO - Solicitando fundamentales para LEGT con reportType='REPORTS_FIN_STATEMENT'
2025-05-01 21:45:41 CEST - quant_edge - INFO - Solicitando fundamentales para XTJL con reportType='REPORTS_FIN_STATEMENT'
2025-05-01 21:45:41 CEST - quant_edge - INFO - Solicitando fundamentales para EQLT con reportType='REPORTS_FIN_STATEMENT'
2025-05-01 21:45:41 CEST - quant_edge - INFO - Solicitando fundamentales para ATNF con reportType='REPORTS_FIN_STATEMENT'
2025-05-01 21:45:41 CEST - quant_edge - INFO - Solicitando fundamentales para HCTI con reportType='REPORTS_FIN_STATEMENT'
2025-05-01 21:45:41 CEST - quant_edge - INFO - Solicitando fundamentales para HOOK con reportType='REPORTS_FIN_STATEMENT'
2025-05-01 21:45:41 CEST - quant_edge - INFO - Solicitando fundamentales para GPAT con reportType='REPORTS_FIN_STATEMENT'
2025-05-01 21:45:41 CEST - quant_edge - INFO - Solicitando fundamentales para PRSO con reportType='REPORTS_FIN_STATEMENT'
2025-05-01 21:45:41 CEST - quant_edge - INFO - Solicitando fundamentales para PXI con reportType='REPORTS_FIN_STATEMENT'
2025-05-01 21:45:41 CEST - quant_edge - INFO - Solicitando fundamentales para BMAY con reportType='REPORTS_FIN_STATEMENT'
2025-05-01 21:45:41 CEST - quant_edge - INFO - Solicitando fundamentales para CDTG con reportType='REPORTS_FIN_STATEMENT'
2025-05-01 21:45:41 CEST - quant_edge - INFO - Solicitando fundamentales para MAYT con reportType='REPORTS_FIN_STATEMENT'
2025-05-01 21:45:41 CEST - quant_edge - INFO - Solicitando fundamentales para MVPL con reportType='REPORTS_FIN_STATEMENT'
2025-05-01 21:45:41 CEST - quant_edge - INFO - Solicitando fundamentales para YJ con reportType='REPORTS_FIN_STATEMENT'
2025-05-01 21:45:41 CEST - quant_edge - INFO - Solicitando fundamentales para FLHY con reportType='REPORTS_FIN_STATEMENT'
2025-05-01 21:45:41 CEST - quant_edge - INFO - Solicitando fundamentales para MEDX con reportType='REPORTS_FIN_STATEMENT'
2025-05-01 21:45:41 CEST - quant_edge - INFO - Solicitando fundamentales para DHAI con reportType='REPORTS_FIN_STATEMENT'
2025-05-01 21:45:41 CEST - quant_edge - INFO - Solicitando fundamentales para RNAZ con reportType='REPORTS_FIN_STATEMENT'
2025-05-01 21:45:41 CEST - quant_edge - INFO - Solicitando fundamentales para QCLR con reportType='REPORTS_FIN_STATEMENT'
2025-05-01 21:45:41 CEST - quant_edge - INFO - Solicitando fundamentales para PRXG con reportType='REPORTS_FIN_STATEMENT'
2025-05-01 21:45:41 CEST - quant_edge - INFO - Solicitando fundamentales para ELIL con reportType='REPORTS_FIN_STATEMENT'
2025-05-01 21:45:41 CEST - quant_edge - INFO - Solicitando fundamentales para MFSI con reportType='REPORTS_FIN_STATEMENT'
2025-05-01 21:45:41 CEST - quant_edge - INFO - Solicitando fundamentales para MAYP con reportType='REPORTS_FIN_STATEMENT'
2025-05-01 21:45:41 CEST - quant_edge - INFO - Solicitando fundamentales para NVNI con reportType='REPORTS_FIN_STATEMENT'
2025-05-01 21:45:41 CEST - quant_edge - INFO - Solicitando fundamentales para OND con reportType='REPORTS_FIN_STATEMENT'
2025-05-01 21:45:41 CEST - quant_edge - INFO - Solicitando fundamentales para MAYW con reportType='REPORTS_FIN_STATEMENT'
2025-05-01 21:45:41 CEST - quant_edge - INFO - Solicitando fundamentales para XTOC con reportType='REPORTS_FIN_STATEMENT'
2025-05-01 21:46:16 CEST - quant_edge - DEBUG - Ticker añadido al universo: ZCAR
2025-05-01 21:46:16 CEST - quant_edge - DEBUG - Ticker añadido al universo: WEEK
2025-05-01 21:46:16 CEST - quant_edge - DEBUG - Ticker añadido al universo: KIDZ
2025-05-01 21:46:16 CEST - quant_edge - DEBUG - Ticker añadido al universo: PAPL
2025-05-01 21:46:16 CEST - quant_edge - DEBUG - Ticker añadido al universo: DEEF
2025-05-01 21:46:16 CEST - quant_edge - DEBUG - Ticker añadido al universo: QBER
2025-05-01 21:46:16 CEST - quant_edge - DEBUG - Ticker añadido al universo: CAAA
2025-05-01 21:46:16 CEST - quant_edge - DEBUG - Ticker añadido al universo: OGSP
2025-05-01 21:46:16 CEST - quant_edge - DEBUG - Ticker añadido al universo: PBMY
2025-05-01 21:46:16 CEST - quant_edge - DEBUG - Ticker añadido al universo: KRON
2025-05-01 21:46:16 CEST - quant_edge - DEBUG - Ticker añadido al universo: AUGZ
2025-05-01 21:46:16 CEST - quant_edge - DEBUG - Ticker añadido al universo: PRXV
2025-05-01 21:46:16 CEST - quant_edge - DEBUG - Ticker añadido al universo: VCIC
2025-05-01 21:46:16 CEST - quant_edge - DEBUG - Ticker añadido al universo: SEPP
2025-05-01 21:46:16 CEST - quant_edge - DEBUG - Ticker añadido al universo: QCML
2025-05-01 21:46:16 CEST - quant_edge - DEBUG - Ticker añadido al universo: BACQU
2025-05-01 21:46:16 CEST - quant_edge - DEBUG - Ticker añadido al universo: UMAY
2025-05-01 21:46:16 CEST - quant_edge - DEBUG - Ticker añadido al universo: FLJJ
2025-05-01 21:46:16 CEST - quant_edge - DEBUG - Ticker añadido al universo: SEPT
2025-05-01 21:46:16 CEST - quant_edge - DEBUG - Ticker añadido al universo: BNGE
2025-05-01 21:46:16 CEST - quant_edge - DEBUG - Ticker añadido al universo: DRCT
2025-05-01 21:46:16 CEST - quant_edge - DEBUG - Ticker añadido al universo: AUGW
2025-05-01 21:46:16 CEST - quant_edge - DEBUG - Ticker añadido al universo: FLAO
2025-05-01 21:46:16 CEST - quant_edge - DEBUG - Ticker añadido al universo: LEGT
2025-05-01 21:46:16 CEST - quant_edge - DEBUG - Ticker añadido al universo: XTJL
2025-05-01 21:46:16 CEST - quant_edge - DEBUG - Ticker añadido al universo: EQLT
2025-05-01 21:46:16 CEST - quant_edge - DEBUG - Ticker añadido al universo: ATNF
2025-05-01 21:46:16 CEST - quant_edge - DEBUG - Ticker añadido al universo: HCTI
2025-05-01 21:46:16 CEST - quant_edge - DEBUG - Ticker añadido al universo: HOOK
2025-05-01 21:46:16 CEST - quant_edge - DEBUG - Ticker añadido al universo: GPAT
2025-05-01 21:46:16 CEST - quant_edge - DEBUG - Ticker añadido al universo: PRSO
2025-05-01 21:46:16 CEST - quant_edge - DEBUG - Ticker añadido al universo: PXI
2025-05-01 21:46:16 CEST - quant_edge - DEBUG - Ticker añadido al universo: BMAY
2025-05-01 21:46:16 CEST - quant_edge - DEBUG - Ticker añadido al universo: CDTG
2025-05-01 21:46:16 CEST - quant_edge - DEBUG - Ticker añadido al universo: MAYT
2025-05-01 21:46:16 CEST - quant_edge - DEBUG - Ticker añadido al universo: MVPL
2025-05-01 21:46:16 CEST - quant_edge - DEBUG - Ticker añadido al universo: YJ
2025-05-01 21:46:16 CEST - quant_edge - DEBUG - Ticker añadido al universo: FLHY
2025-05-01 21:46:16 CEST - quant_edge - DEBUG - Ticker añadido al universo: MEDX
2025-05-01 21:46:16 CEST - quant_edge - DEBUG - Ticker añadido al universo: DHAI
2025-05-01 21:46:16 CEST - quant_edge - DEBUG - Ticker añadido al universo: RNAZ
2025-05-01 21:46:16 CEST - quant_edge - DEBUG - Ticker añadido al universo: QCLR
2025-05-01 21:46:16 CEST - quant_edge - DEBUG - Ticker añadido al universo: PRXG
2025-05-01 21:46:16 CEST - quant_edge - DEBUG - Ticker añadido al universo: ELIL
2025-05-01 21:46:16 CEST - quant_edge - DEBUG - Ticker añadido al universo: MFSI
2025-05-01 21:46:16 CEST - quant_edge - DEBUG - Ticker añadido al universo: MAYP
2025-05-01 21:46:16 CEST - quant_edge - DEBUG - Ticker añadido al universo: NVNI
2025-05-01 21:46:16 CEST - quant_edge - DEBUG - Ticker añadido al universo: OND
2025-05-01 21:46:16 CEST - quant_edge - DEBUG - Ticker añadido al universo: MAYW
2025-05-01 21:46:16 CEST - quant_edge - DEBUG - Ticker añadido al universo: XTOC
2025-05-01 21:46:16 CEST - quant_edge - INFO - Universo actualizado. 200 tickers califican.
2025-05-01 21:46:16 CEST - quant_edge - INFO - Solicitando fundamentales para ZCAR con reportType='REPORTS_FIN_STATEMENT'
2025-05-01 21:46:16 CEST - quant_edge - INFO - Solicitando fundamentales para WEEK con reportType='REPORTS_FIN_STATEMENT'
2025-05-01 21:46:16 CEST - quant_edge - INFO - Solicitando fundamentales para KIDZ con reportType='REPORTS_FIN_STATEMENT'
2025-05-01 21:46:16 CEST - quant_edge - INFO - Solicitando fundamentales para PAPL con reportType='REPORTS_FIN_STATEMENT'
2025-05-01 21:46:16 CEST - quant_edge - INFO - Solicitando fundamentales para DEEF con reportType='REPORTS_FIN_STATEMENT'
2025-05-01 21:46:16 CEST - quant_edge - INFO - Solicitando fundamentales para QBER con reportType='REPORTS_FIN_STATEMENT'
2025-05-01 21:46:16 CEST - quant_edge - INFO - Solicitando fundamentales para CAAA con reportType='REPORTS_FIN_STATEMENT'
2025-05-01 21:46:16 CEST - quant_edge - INFO - Solicitando fundamentales para OGSP con reportType='REPORTS_FIN_STATEMENT'
2025-05-01 21:46:16 CEST - quant_edge - INFO - Solicitando fundamentales para PBMY con reportType='REPORTS_FIN_STATEMENT'
2025-05-01 21:46:16 CEST - quant_edge - INFO - Solicitando fundamentales para KRON con reportType='REPORTS_FIN_STATEMENT'
2025-05-01 21:46:16 CEST - quant_edge - INFO - Solicitando fundamentales para AUGZ con reportType='REPORTS_FIN_STATEMENT'
2025-05-01 21:46:16 CEST - quant_edge - INFO - Solicitando fundamentales para PRXV con reportType='REPORTS_FIN_STATEMENT'
2025-05-01 21:46:16 CEST - quant_edge - INFO - Solicitando fundamentales para VCIC con reportType='REPORTS_FIN_STATEMENT'
2025-05-01 21:46:16 CEST - quant_edge - INFO - Solicitando fundamentales para SEPP con reportType='REPORTS_FIN_STATEMENT'
2025-05-01 21:46:16 CEST - quant_edge - INFO - Solicitando fundamentales para QCML con reportType='REPORTS_FIN_STATEMENT'
2025-05-01 21:46:16 CEST - quant_edge - INFO - Solicitando fundamentales para BACQU con reportType='REPORTS_FIN_STATEMENT'
2025-05-01 21:46:16 CEST - quant_edge - INFO - Solicitando fundamentales para UMAY con reportType='REPORTS_FIN_STATEMENT'
2025-05-01 21:46:16 CEST - quant_edge - INFO - Solicitando fundamentales para FLJJ con reportType='REPORTS_FIN_STATEMENT'
2025-05-01 21:46:16 CEST - quant_edge - INFO - Solicitando fundamentales para SEPT con reportType='REPORTS_FIN_STATEMENT'
2025-05-01 21:46:16 CEST - quant_edge - INFO - Solicitando fundamentales para BNGE con reportType='REPORTS_FIN_STATEMENT'
2025-05-01 21:46:16 CEST - quant_edge - INFO - Solicitando fundamentales para DRCT con reportType='REPORTS_FIN_STATEMENT'
2025-05-01 21:46:16 CEST - quant_edge - INFO - Solicitando fundamentales para AUGW con reportType='REPORTS_FIN_STATEMENT'
2025-05-01 21:46:16 CEST - quant_edge - INFO - Solicitando fundamentales para FLAO con reportType='REPORTS_FIN_STATEMENT'
2025-05-01 21:46:16 CEST - quant_edge - INFO - Solicitando fundamentales para LEGT con reportType='REPORTS_FIN_STATEMENT'
2025-05-01 21:46:16 CEST - quant_edge - INFO - Solicitando fundamentales para XTJL con reportType='REPORTS_FIN_STATEMENT'
2025-05-01 21:46:16 CEST - quant_edge - INFO - Solicitando fundamentales para EQLT con reportType='REPORTS_FIN_STATEMENT'
2025-05-01 21:46:16 CEST - quant_edge - INFO - Solicitando fundamentales para ATNF con reportType='REPORTS_FIN_STATEMENT'
2025-05-01 21:46:16 CEST - quant_edge - INFO - Solicitando fundamentales para HCTI con reportType='REPORTS_FIN_STATEMENT'
2025-05-01 21:46:16 CEST - quant_edge - INFO - Solicitando fundamentales para HOOK con reportType='REPORTS_FIN_STATEMENT'
2025-05-01 21:46:16 CEST - quant_edge - INFO - Solicitando fundamentales para GPAT con reportType='REPORTS_FIN_STATEMENT'
2025-05-01 21:46:16 CEST - quant_edge - INFO - Solicitando fundamentales para PRSO con reportType='REPORTS_FIN_STATEMENT'
2025-05-01 21:46:16 CEST - quant_edge - INFO - Solicitando fundamentales para PXI con reportType='REPORTS_FIN_STATEMENT'
2025-05-01 21:46:16 CEST - quant_edge - INFO - Solicitando fundamentales para BMAY con reportType='REPORTS_FIN_STATEMENT'
2025-05-01 21:46:16 CEST - quant_edge - INFO - Solicitando fundamentales para CDTG con reportType='REPORTS_FIN_STATEMENT'
2025-05-01 21:46:16 CEST - quant_edge - INFO - Solicitando fundamentales para MAYT con reportType='REPORTS_FIN_STATEMENT'
2025-05-01 21:46:16 CEST - quant_edge - INFO - Solicitando fundamentales para MVPL con reportType='REPORTS_FIN_STATEMENT'
2025-05-01 21:46:16 CEST - quant_edge - INFO - Solicitando fundamentales para YJ con reportType='REPORTS_FIN_STATEMENT'
2025-05-01 21:46:16 CEST - quant_edge - INFO - Solicitando fundamentales para FLHY con reportType='REPORTS_FIN_STATEMENT'
2025-05-01 21:46:16 CEST - quant_edge - INFO - Solicitando fundamentales para MEDX con reportType='REPORTS_FIN_STATEMENT'
2025-05-01 21:46:16 CEST - quant_edge - INFO - Solicitando fundamentales para DHAI con reportType='REPORTS_FIN_STATEMENT'
2025-05-01 21:46:16 CEST - quant_edge - INFO - Solicitando fundamentales para RNAZ con reportType='REPORTS_FIN_STATEMENT'
2025-05-01 21:46:16 CEST - quant_edge - INFO - Solicitando fundamentales para QCLR con reportType='REPORTS_FIN_STATEMENT'
2025-05-01 21:46:16 CEST - quant_edge - INFO - Solicitando fundamentales para PRXG con reportType='REPORTS_FIN_STATEMENT'
2025-05-01 21:46:16 CEST - quant_edge - INFO - Solicitando fundamentales para ELIL con reportType='REPORTS_FIN_STATEMENT'
2025-05-01 21:46:16 CEST - quant_edge - INFO - Solicitando fundamentales para MFSI con reportType='REPORTS_FIN_STATEMENT'
2025-05-01 21:46:16 CEST - quant_edge - INFO - Solicitando fundamentales para MAYP con reportType='REPORTS_FIN_STATEMENT'
2025-05-01 21:46:16 CEST - quant_edge - INFO - Solicitando fundamentales para NVNI con reportType='REPORTS_FIN_STATEMENT'
2025-05-01 21:46:16 CEST - quant_edge - INFO - Solicitando fundamentales para OND con reportType='REPORTS_FIN_STATEMENT'
2025-05-01 21:46:16 CEST - quant_edge - INFO - Solicitando fundamentales para MAYW con reportType='REPORTS_FIN_STATEMENT'
2025-05-01 21:46:16 CEST - quant_edge - INFO - Solicitando fundamentales para XTOC con reportType='REPORTS_FIN_STATEMENT'
2025-05-01 21:46:16 CEST - quant_edge - INFO - Solicitando fundamentales para ZCAR con reportType='REPORTS_FIN_STATEMENT'
2025-05-01 21:46:16 CEST - quant_edge - INFO - Solicitando fundamentales para WEEK con reportType='REPORTS_FIN_STATEMENT'
2025-05-01 21:46:16 CEST - quant_edge - INFO - Solicitando fundamentales para KIDZ con reportType='REPORTS_FIN_STATEMENT'
2025-05-01 21:46:16 CEST - quant_edge - INFO - Solicitando fundamentales para PAPL con reportType='REPORTS_FIN_STATEMENT'
2025-05-01 21:46:16 CEST - quant_edge - INFO - Solicitando fundamentales para DEEF con reportType='REPORTS_FIN_STATEMENT'
2025-05-01 21:46:16 CEST - quant_edge - INFO - Solicitando fundamentales para QBER con reportType='REPORTS_FIN_STATEMENT'
2025-05-01 21:46:16 CEST - quant_edge - INFO - Solicitando fundamentales para CAAA con reportType='REPORTS_FIN_STATEMENT'
2025-05-01 21:46:16 CEST - quant_edge - INFO - Solicitando fundamentales para OGSP con reportType='REPORTS_FIN_STATEMENT'
2025-05-01 21:46:16 CEST - quant_edge - INFO - Solicitando fundamentales para PBMY con reportType='REPORTS_FIN_STATEMENT'
2025-05-01 21:46:16 CEST - quant_edge - INFO - Solicitando fundamentales para KRON con reportType='REPORTS_FIN_STATEMENT'
2025-05-01 21:46:16 CEST - quant_edge - INFO - Solicitando fundamentales para AUGZ con reportType='REPORTS_FIN_STATEMENT'
2025-05-01 21:46:16 CEST - quant_edge - INFO - Solicitando fundamentales para PRXV con reportType='REPORTS_FIN_STATEMENT'
2025-05-01 21:46:16 CEST - quant_edge - INFO - Solicitando fundamentales para VCIC con reportType='REPORTS_FIN_STATEMENT'
2025-05-01 21:46:16 CEST - quant_edge - INFO - Solicitando fundamentales para SEPP con reportType='REPORTS_FIN_STATEMENT'
2025-05-01 21:46:16 CEST - quant_edge - INFO - Solicitando fundamentales para QCML con reportType='REPORTS_FIN_STATEMENT'
2025-05-01 21:46:16 CEST - quant_edge - INFO - Solicitando fundamentales para BACQU con reportType='REPORTS_FIN_STATEMENT'
2025-05-01 21:46:16 CEST - quant_edge - INFO - Solicitando fundamentales para UMAY con reportType='REPORTS_FIN_STATEMENT'
2025-05-01 21:46:16 CEST - quant_edge - INFO - Solicitando fundamentales para FLJJ con reportType='REPORTS_FIN_STATEMENT'
2025-05-01 21:46:16 CEST - quant_edge - INFO - Solicitando fundamentales para SEPT con reportType='REPORTS_FIN_STATEMENT'
2025-05-01 21:46:16 CEST - quant_edge - INFO - Solicitando fundamentales para BNGE con reportType='REPORTS_FIN_STATEMENT'
2025-05-01 21:46:16 CEST - quant_edge - INFO - Solicitando fundamentales para DRCT con reportType='REPORTS_FIN_STATEMENT'
2025-05-01 21:46:16 CEST - quant_edge - INFO - Solicitando fundamentales para AUGW con reportType='REPORTS_FIN_STATEMENT'
2025-05-01 21:46:16 CEST - quant_edge - INFO - Solicitando fundamentales para FLAO con reportType='REPORTS_FIN_STATEMENT'
2025-05-01 21:46:16 CEST - quant_edge - INFO - Solicitando fundamentales para LEGT con reportType='REPORTS_FIN_STATEMENT'
2025-05-01 21:46:16 CEST - quant_edge - INFO - Solicitando fundamentales para XTJL con reportType='REPORTS_FIN_STATEMENT'
2025-05-01 21:46:16 CEST - quant_edge - INFO - Solicitando fundamentales para EQLT con reportType='REPORTS_FIN_STATEMENT'
2025-05-01 21:46:16 CEST - quant_edge - INFO - Solicitando fundamentales para ATNF con reportType='REPORTS_FIN_STATEMENT'
2025-05-01 21:46:16 CEST - quant_edge - INFO - Solicitando fundamentales para HCTI con reportType='REPORTS_FIN_STATEMENT'
2025-05-01 21:46:16 CEST - quant_edge - INFO - Solicitando fundamentales para HOOK con reportType='REPORTS_FIN_STATEMENT'
2025-05-01 21:46:16 CEST - quant_edge - INFO - Solicitando fundamentales para GPAT con reportType='REPORTS_FIN_STATEMENT'
2025-05-01 21:46:16 CEST - quant_edge - INFO - Solicitando fundamentales para PRSO con reportType='REPORTS_FIN_STATEMENT'
2025-05-01 21:46:16 CEST - quant_edge - INFO - Solicitando fundamentales para PXI con reportType='REPORTS_FIN_STATEMENT'
2025-05-01 21:46:16 CEST - quant_edge - INFO - Solicitando fundamentales para BMAY con reportType='REPORTS_FIN_STATEMENT'
2025-05-01 21:46:16 CEST - quant_edge - INFO - Solicitando fundamentales para CDTG con reportType='REPORTS_FIN_STATEMENT'
2025-05-01 21:46:16 CEST - quant_edge - INFO - Solicitando fundamentales para MAYT con reportType='REPORTS_FIN_STATEMENT'
2025-05-01 21:46:16 CEST - quant_edge - INFO - Solicitando fundamentales para MVPL con reportType='REPORTS_FIN_STATEMENT'
2025-05-01 21:46:16 CEST - quant_edge - INFO - Solicitando fundamentales para YJ con reportType='REPORTS_FIN_STATEMENT'
2025-05-01 21:46:16 CEST - quant_edge - INFO - Solicitando fundamentales para FLHY con reportType='REPORTS_FIN_STATEMENT'
2025-05-01 21:46:16 CEST - quant_edge - INFO - Solicitando fundamentales para MEDX con reportType='REPORTS_FIN_STATEMENT'
2025-05-01 21:46:16 CEST - quant_edge - INFO - Solicitando fundamentales para DHAI con reportType='REPORTS_FIN_STATEMENT'
2025-05-01 21:46:16 CEST - quant_edge - INFO - Solicitando fundamentales para RNAZ con reportType='REPORTS_FIN_STATEMENT'
2025-05-01 21:46:16 CEST - quant_edge - INFO - Solicitando fundamentales para QCLR con reportType='REPORTS_FIN_STATEMENT'
2025-05-01 21:46:16 CEST - quant_edge - INFO - Solicitando fundamentales para PRXG con reportType='REPORTS_FIN_STATEMENT'
2025-05-01 21:46:16 CEST - quant_edge - INFO - Solicitando fundamentales para ELIL con reportType='REPORTS_FIN_STATEMENT'
2025-05-01 21:46:16 CEST - quant_edge - INFO - Solicitando fundamentales para MFSI con reportType='REPORTS_FIN_STATEMENT'
2025-05-01 21:46:16 CEST - quant_edge - INFO - Solicitando fundamentales para MAYP con reportType='REPORTS_FIN_STATEMENT'
2025-05-01 21:46:16 CEST - quant_edge - INFO - Solicitando fundamentales para NVNI con reportType='REPORTS_FIN_STATEMENT'
2025-05-01 21:46:16 CEST - quant_edge - INFO - Solicitando fundamentales para OND con reportType='REPORTS_FIN_STATEMENT'
2025-05-01 21:46:16 CEST - quant_edge - INFO - Solicitando fundamentales para MAYW con reportType='REPORTS_FIN_STATEMENT'
2025-05-01 21:46:16 CEST - quant_edge - INFO - Solicitando fundamentales para XTOC con reportType='REPORTS_FIN_STATEMENT'
2025-05-01 21:46:16 CEST - quant_edge - INFO - Solicitando fundamentales para ZCAR con reportType='REPORTS_FIN_STATEMENT'
2025-05-01 21:46:16 CEST - quant_edge - INFO - Solicitando fundamentales para WEEK con reportType='REPORTS_FIN_STATEMENT'
2025-05-01 21:46:16 CEST - quant_edge - INFO - Solicitando fundamentales para KIDZ con reportType='REPORTS_FIN_STATEMENT'
2025-05-01 21:46:16 CEST - quant_edge - INFO - Solicitando fundamentales para PAPL con reportType='REPORTS_FIN_STATEMENT'
2025-05-01 21:46:16 CEST - quant_edge - INFO - Solicitando fundamentales para DEEF con reportType='REPORTS_FIN_STATEMENT'
2025-05-01 21:46:16 CEST - quant_edge - INFO - Solicitando fundamentales para QBER con reportType='REPORTS_FIN_STATEMENT'
2025-05-01 21:46:16 CEST - quant_edge - INFO - Solicitando fundamentales para CAAA con reportType='REPORTS_FIN_STATEMENT'
2025-05-01 21:46:16 CEST - quant_edge - INFO - Solicitando fundamentales para OGSP con reportType='REPORTS_FIN_STATEMENT'
2025-05-01 21:46:16 CEST - quant_edge - INFO - Solicitando fundamentales para PBMY con reportType='REPORTS_FIN_STATEMENT'
2025-05-01 21:46:16 CEST - quant_edge - INFO - Solicitando fundamentales para KRON con reportType='REPORTS_FIN_STATEMENT'
2025-05-01 21:46:16 CEST - quant_edge - INFO - Solicitando fundamentales para AUGZ con reportType='REPORTS_FIN_STATEMENT'
2025-05-01 21:46:16 CEST - quant_edge - INFO - Solicitando fundamentales para PRXV con reportType='REPORTS_FIN_STATEMENT'
2025-05-01 21:46:16 CEST - quant_edge - INFO - Solicitando fundamentales para VCIC con reportType='REPORTS_FIN_STATEMENT'
2025-05-01 21:46:16 CEST - quant_edge - INFO - Solicitando fundamentales para SEPP con reportType='REPORTS_FIN_STATEMENT'
2025-05-01 21:46:16 CEST - quant_edge - INFO - Solicitando fundamentales para QCML con reportType='REPORTS_FIN_STATEMENT'
2025-05-01 21:46:16 CEST - quant_edge - INFO - Solicitando fundamentales para BACQU con reportType='REPORTS_FIN_STATEMENT'
2025-05-01 21:46:16 CEST - quant_edge - INFO - Solicitando fundamentales para UMAY con reportType='REPORTS_FIN_STATEMENT'
2025-05-01 21:46:16 CEST - quant_edge - INFO - Solicitando fundamentales para FLJJ con reportType='REPORTS_FIN_STATEMENT'
2025-05-01 21:46:16 CEST - quant_edge - INFO - Solicitando fundamentales para SEPT con reportType='REPORTS_FIN_STATEMENT'
2025-05-01 21:46:16 CEST - quant_edge - INFO - Solicitando fundamentales para BNGE con reportType='REPORTS_FIN_STATEMENT'
2025-05-01 21:46:16 CEST - quant_edge - INFO - Solicitando fundamentales para DRCT con reportType='REPORTS_FIN_STATEMENT'
2025-05-01 21:46:16 CEST - quant_edge - INFO - Solicitando fundamentales para AUGW con reportType='REPORTS_FIN_STATEMENT'
2025-05-01 21:46:16 CEST - quant_edge - INFO - Solicitando fundamentales para FLAO con reportType='REPORTS_FIN_STATEMENT'
2025-05-01 21:46:16 CEST - quant_edge - INFO - Solicitando fundamentales para LEGT con reportType='REPORTS_FIN_STATEMENT'
2025-05-01 21:46:16 CEST - quant_edge - INFO - Solicitando fundamentales para XTJL con reportType='REPORTS_FIN_STATEMENT'
2025-05-01 21:46:16 CEST - quant_edge - INFO - Solicitando fundamentales para EQLT con reportType='REPORTS_FIN_STATEMENT'
2025-05-01 21:46:16 CEST - quant_edge - INFO - Solicitando fundamentales para ATNF con reportType='REPORTS_FIN_STATEMENT'
2025-05-01 21:46:16 CEST - quant_edge - INFO - Solicitando fundamentales para HCTI con reportType='REPORTS_FIN_STATEMENT'
2025-05-01 21:46:16 CEST - quant_edge - INFO - Solicitando fundamentales para HOOK con reportType='REPORTS_FIN_STATEMENT'
2025-05-01 21:46:16 CEST - quant_edge - INFO - Solicitando fundamentales para GPAT con reportType='REPORTS_FIN_STATEMENT'
2025-05-01 21:46:16 CEST - quant_edge - INFO - Solicitando fundamentales para PRSO con reportType='REPORTS_FIN_STATEMENT'
2025-05-01 21:46:16 CEST - quant_edge - INFO - Solicitando fundamentales para PXI con reportType='REPORTS_FIN_STATEMENT'
2025-05-01 21:46:16 CEST - quant_edge - INFO - Solicitando fundamentales para BMAY con reportType='REPORTS_FIN_STATEMENT'
2025-05-01 21:46:16 CEST - quant_edge - INFO - Solicitando fundamentales para CDTG con reportType='REPORTS_FIN_STATEMENT'
2025-05-01 21:46:16 CEST - quant_edge - INFO - Solicitando fundamentales para MAYT con reportType='REPORTS_FIN_STATEMENT'
2025-05-01 21:46:16 CEST - quant_edge - INFO - Solicitando fundamentales para MVPL con reportType='REPORTS_FIN_STATEMENT'
2025-05-01 21:46:16 CEST - quant_edge - INFO - Solicitando fundamentales para YJ con reportType='REPORTS_FIN_STATEMENT'
2025-05-01 21:46:16 CEST - quant_edge - INFO - Solicitando fundamentales para FLHY con reportType='REPORTS_FIN_STATEMENT'
2025-05-01 21:46:16 CEST - quant_edge - INFO - Solicitando fundamentales para MEDX con reportType='REPORTS_FIN_STATEMENT'
2025-05-01 21:46:16 CEST - quant_edge - INFO - Solicitando fundamentales para DHAI con reportType='REPORTS_FIN_STATEMENT'
2025-05-01 21:46:16 CEST - quant_edge - INFO - Solicitando fundamentales para RNAZ con reportType='REPORTS_FIN_STATEMENT'
2025-05-01 21:46:16 CEST - quant_edge - INFO - Solicitando fundamentales para QCLR con reportType='REPORTS_FIN_STATEMENT'
2025-05-01 21:46:16 CEST - quant_edge - INFO - Solicitando fundamentales para PRXG con reportType='REPORTS_FIN_STATEMENT'
2025-05-01 21:46:16 CEST - quant_edge - INFO - Solicitando fundamentales para ELIL con reportType='REPORTS_FIN_STATEMENT'
2025-05-01 21:46:16 CEST - quant_edge - INFO - Solicitando fundamentales para MFSI con reportType='REPORTS_FIN_STATEMENT'
2025-05-01 21:46:16 CEST - quant_edge - INFO - Solicitando fundamentales para MAYP con reportType='REPORTS_FIN_STATEMENT'
2025-05-01 21:46:16 CEST - quant_edge - INFO - Solicitando fundamentales para NVNI con reportType='REPORTS_FIN_STATEMENT'
2025-05-01 21:46:16 CEST - quant_edge - INFO - Solicitando fundamentales para OND con reportType='REPORTS_FIN_STATEMENT'
2025-05-01 21:46:16 CEST - quant_edge - INFO - Solicitando fundamentales para MAYW con reportType='REPORTS_FIN_STATEMENT'
2025-05-01 21:46:16 CEST - quant_edge - INFO - Solicitando fundamentales para XTOC con reportType='REPORTS_FIN_STATEMENT'
2025-05-01 21:46:16 CEST - quant_edge - INFO - Solicitando fundamentales para ZCAR con reportType='REPORTS_FIN_STATEMENT'
2025-05-01 21:46:16 CEST - quant_edge - INFO - Solicitando fundamentales para WEEK con reportType='REPORTS_FIN_STATEMENT'
2025-05-01 21:46:16 CEST - quant_edge - INFO - Solicitando fundamentales para KIDZ con reportType='REPORTS_FIN_STATEMENT'
2025-05-01 21:46:16 CEST - quant_edge - INFO - Solicitando fundamentales para PAPL con reportType='REPORTS_FIN_STATEMENT'
2025-05-01 21:46:16 CEST - quant_edge - INFO - Solicitando fundamentales para DEEF con reportType='REPORTS_FIN_STATEMENT'
2025-05-01 21:46:16 CEST - quant_edge - INFO - Solicitando fundamentales para QBER con reportType='REPORTS_FIN_STATEMENT'
2025-05-01 21:46:16 CEST - quant_edge - INFO - Solicitando fundamentales para CAAA con reportType='REPORTS_FIN_STATEMENT'
2025-05-01 21:46:16 CEST - quant_edge - INFO - Solicitando fundamentales para OGSP con reportType='REPORTS_FIN_STATEMENT'
2025-05-01 21:46:16 CEST - quant_edge - INFO - Solicitando fundamentales para PBMY con reportType='REPORTS_FIN_STATEMENT'
2025-05-01 21:46:16 CEST - quant_edge - INFO - Solicitando fundamentales para KRON con reportType='REPORTS_FIN_STATEMENT'
2025-05-01 21:46:16 CEST - quant_edge - INFO - Solicitando fundamentales para AUGZ con reportType='REPORTS_FIN_STATEMENT'
2025-05-01 21:46:16 CEST - quant_edge - INFO - Solicitando fundamentales para PRXV con reportType='REPORTS_FIN_STATEMENT'
2025-05-01 21:46:16 CEST - quant_edge - INFO - Solicitando fundamentales para VCIC con reportType='REPORTS_FIN_STATEMENT'
2025-05-01 21:46:16 CEST - quant_edge - INFO - Solicitando fundamentales para SEPP con reportType='REPORTS_FIN_STATEMENT'
2025-05-01 21:46:16 CEST - quant_edge - INFO - Solicitando fundamentales para QCML con reportType='REPORTS_FIN_STATEMENT'
2025-05-01 21:46:16 CEST - quant_edge - INFO - Solicitando fundamentales para BACQU con reportType='REPORTS_FIN_STATEMENT'
2025-05-01 21:46:16 CEST - quant_edge - INFO - Solicitando fundamentales para UMAY con reportType='REPORTS_FIN_STATEMENT'
2025-05-01 21:46:16 CEST - quant_edge - INFO - Solicitando fundamentales para FLJJ con reportType='REPORTS_FIN_STATEMENT'
2025-05-01 21:46:16 CEST - quant_edge - INFO - Solicitando fundamentales para SEPT con reportType='REPORTS_FIN_STATEMENT'
2025-05-01 21:46:16 CEST - quant_edge - INFO - Solicitando fundamentales para BNGE con reportType='REPORTS_FIN_STATEMENT'
2025-05-01 21:46:16 CEST - quant_edge - INFO - Solicitando fundamentales para DRCT con reportType='REPORTS_FIN_STATEMENT'
2025-05-01 21:46:16 CEST - quant_edge - INFO - Solicitando fundamentales para AUGW con reportType='REPORTS_FIN_STATEMENT'
2025-05-01 21:46:16 CEST - quant_edge - INFO - Solicitando fundamentales para FLAO con reportType='REPORTS_FIN_STATEMENT'
2025-05-01 21:46:16 CEST - quant_edge - INFO - Solicitando fundamentales para LEGT con reportType='REPORTS_FIN_STATEMENT'
2025-05-01 21:46:16 CEST - quant_edge - INFO - Solicitando fundamentales para XTJL con reportType='REPORTS_FIN_STATEMENT'
2025-05-01 21:46:16 CEST - quant_edge - INFO - Solicitando fundamentales para EQLT con reportType='REPORTS_FIN_STATEMENT'
2025-05-01 21:46:16 CEST - quant_edge - INFO - Solicitando fundamentales para ATNF con reportType='REPORTS_FIN_STATEMENT'
2025-05-01 21:46:16 CEST - quant_edge - INFO - Solicitando fundamentales para HCTI con reportType='REPORTS_FIN_STATEMENT'
2025-05-01 21:46:16 CEST - quant_edge - INFO - Solicitando fundamentales para HOOK con reportType='REPORTS_FIN_STATEMENT'
2025-05-01 21:46:16 CEST - quant_edge - INFO - Solicitando fundamentales para GPAT con reportType='REPORTS_FIN_STATEMENT'
2025-05-01 21:46:16 CEST - quant_edge - INFO - Solicitando fundamentales para PRSO con reportType='REPORTS_FIN_STATEMENT'
2025-05-01 21:46:16 CEST - quant_edge - INFO - Solicitando fundamentales para PXI con reportType='REPORTS_FIN_STATEMENT'
2025-05-01 21:46:16 CEST - quant_edge - INFO - Solicitando fundamentales para BMAY con reportType='REPORTS_FIN_STATEMENT'
2025-05-01 21:46:16 CEST - quant_edge - INFO - Solicitando fundamentales para CDTG con reportType='REPORTS_FIN_STATEMENT'
2025-05-01 21:46:16 CEST - quant_edge - INFO - Solicitando fundamentales para MAYT con reportType='REPORTS_FIN_STATEMENT'
2025-05-01 21:46:16 CEST - quant_edge - INFO - Solicitando fundamentales para MVPL con reportType='REPORTS_FIN_STATEMENT'
2025-05-01 21:46:16 CEST - quant_edge - INFO - Solicitando fundamentales para YJ con reportType='REPORTS_FIN_STATEMENT'
2025-05-01 21:46:16 CEST - quant_edge - INFO - Solicitando fundamentales para FLHY con reportType='REPORTS_FIN_STATEMENT'
2025-05-01 21:46:16 CEST - quant_edge - INFO - Solicitando fundamentales para MEDX con reportType='REPORTS_FIN_STATEMENT'
2025-05-01 21:46:16 CEST - quant_edge - INFO - Solicitando fundamentales para DHAI con reportType='REPORTS_FIN_STATEMENT'
2025-05-01 21:46:16 CEST - quant_edge - INFO - Solicitando fundamentales para RNAZ con reportType='REPORTS_FIN_STATEMENT'
2025-05-01 21:46:16 CEST - quant_edge - INFO - Solicitando fundamentales para QCLR con reportType='REPORTS_FIN_STATEMENT'
2025-05-01 21:46:16 CEST - quant_edge - INFO - Solicitando fundamentales para PRXG con reportType='REPORTS_FIN_STATEMENT'
2025-05-01 21:46:16 CEST - quant_edge - INFO - Solicitando fundamentales para ELIL con reportType='REPORTS_FIN_STATEMENT'
2025-05-01 21:46:16 CEST - quant_edge - INFO - Solicitando fundamentales para MFSI con reportType='REPORTS_FIN_STATEMENT'
2025-05-01 21:46:16 CEST - quant_edge - INFO - Solicitando fundamentales para MAYP con reportType='REPORTS_FIN_STATEMENT'
2025-05-01 21:46:16 CEST - quant_edge - INFO - Solicitando fundamentales para NVNI con reportType='REPORTS_FIN_STATEMENT'
2025-05-01 21:46:16 CEST - quant_edge - INFO - Solicitando fundamentales para OND con reportType='REPORTS_FIN_STATEMENT'
2025-05-01 21:46:16 CEST - quant_edge - INFO - Solicitando fundamentales para MAYW con reportType='REPORTS_FIN_STATEMENT'
2025-05-01 21:46:16 CEST - quant_edge - INFO - Solicitando fundamentales para XTOC con reportType='REPORTS_FIN_STATEMENT'
2025-05-01 21:46:51 CEST - quant_edge - DEBUG - Ticker añadido al universo: ZCAR
2025-05-01 21:46:51 CEST - quant_edge - DEBUG - Ticker añadido al universo: WEEK
2025-05-01 21:46:51 CEST - quant_edge - DEBUG - Ticker añadido al universo: KIDZ
2025-05-01 21:46:51 CEST - quant_edge - DEBUG - Ticker añadido al universo: PAPL
2025-05-01 21:46:51 CEST - quant_edge - DEBUG - Ticker añadido al universo: DEEF
2025-05-01 21:46:51 CEST - quant_edge - DEBUG - Ticker añadido al universo: QBER
2025-05-01 21:46:51 CEST - quant_edge - DEBUG - Ticker añadido al universo: CAAA
2025-05-01 21:46:51 CEST - quant_edge - DEBUG - Ticker añadido al universo: OGSP
2025-05-01 21:46:51 CEST - quant_edge - DEBUG - Ticker añadido al universo: PBMY
2025-05-01 21:46:51 CEST - quant_edge - DEBUG - Ticker añadido al universo: KRON
2025-05-01 21:46:51 CEST - quant_edge - DEBUG - Ticker añadido al universo: AUGZ
2025-05-01 21:46:51 CEST - quant_edge - DEBUG - Ticker añadido al universo: PRXV
2025-05-01 21:46:51 CEST - quant_edge - DEBUG - Ticker añadido al universo: VCIC
2025-05-01 21:46:51 CEST - quant_edge - DEBUG - Ticker añadido al universo: SEPP
2025-05-01 21:46:51 CEST - quant_edge - DEBUG - Ticker añadido al universo: QCML
2025-05-01 21:46:51 CEST - quant_edge - DEBUG - Ticker añadido al universo: BACQU
2025-05-01 21:46:51 CEST - quant_edge - DEBUG - Ticker añadido al universo: UMAY
2025-05-01 21:46:51 CEST - quant_edge - DEBUG - Ticker añadido al universo: FLJJ
2025-05-01 21:46:51 CEST - quant_edge - DEBUG - Ticker añadido al universo: SEPT
2025-05-01 21:46:51 CEST - quant_edge - DEBUG - Ticker añadido al universo: BNGE
2025-05-01 21:46:51 CEST - quant_edge - DEBUG - Ticker añadido al universo: DRCT
2025-05-01 21:46:51 CEST - quant_edge - DEBUG - Ticker añadido al universo: AUGW
2025-05-01 21:46:51 CEST - quant_edge - DEBUG - Ticker añadido al universo: FLAO
2025-05-01 21:46:51 CEST - quant_edge - DEBUG - Ticker añadido al universo: LEGT
2025-05-01 21:46:51 CEST - quant_edge - DEBUG - Ticker añadido al universo: XTJL
2025-05-01 21:46:51 CEST - quant_edge - DEBUG - Ticker añadido al universo: EQLT
2025-05-01 21:46:51 CEST - quant_edge - DEBUG - Ticker añadido al universo: ATNF
2025-05-01 21:46:51 CEST - quant_edge - DEBUG - Ticker añadido al universo: HCTI
2025-05-01 21:46:51 CEST - quant_edge - DEBUG - Ticker añadido al universo: HOOK
2025-05-01 21:46:51 CEST - quant_edge - DEBUG - Ticker añadido al universo: GPAT
2025-05-01 21:46:51 CEST - quant_edge - DEBUG - Ticker añadido al universo: PRSO
2025-05-01 21:46:51 CEST - quant_edge - DEBUG - Ticker añadido al universo: PXI
2025-05-01 21:46:51 CEST - quant_edge - DEBUG - Ticker añadido al universo: BMAY
2025-05-01 21:46:51 CEST - quant_edge - DEBUG - Ticker añadido al universo: CDTG
2025-05-01 21:46:51 CEST - quant_edge - DEBUG - Ticker añadido al universo: MAYT
2025-05-01 21:46:51 CEST - quant_edge - DEBUG - Ticker añadido al universo: MVPL
2025-05-01 21:46:51 CEST - quant_edge - DEBUG - Ticker añadido al universo: YJ
2025-05-01 21:46:51 CEST - quant_edge - DEBUG - Ticker añadido al universo: FLHY
2025-05-01 21:46:51 CEST - quant_edge - DEBUG - Ticker añadido al universo: MEDX
2025-05-01 21:46:51 CEST - quant_edge - DEBUG - Ticker añadido al universo: DHAI
2025-05-01 21:46:51 CEST - quant_edge - DEBUG - Ticker añadido al universo: RNAZ
2025-05-01 21:46:51 CEST - quant_edge - DEBUG - Ticker añadido al universo: QCLR
2025-05-01 21:46:51 CEST - quant_edge - DEBUG - Ticker añadido al universo: PRXG
2025-05-01 21:46:51 CEST - quant_edge - DEBUG - Ticker añadido al universo: ELIL
2025-05-01 21:46:51 CEST - quant_edge - DEBUG - Ticker añadido al universo: MFSI
2025-05-01 21:46:51 CEST - quant_edge - DEBUG - Ticker añadido al universo: MAYP
2025-05-01 21:46:51 CEST - quant_edge - DEBUG - Ticker añadido al universo: NVNI
2025-05-01 21:46:51 CEST - quant_edge - DEBUG - Ticker añadido al universo: OND
2025-05-01 21:46:51 CEST - quant_edge - DEBUG - Ticker añadido al universo: MAYW
2025-05-01 21:46:51 CEST - quant_edge - DEBUG - Ticker añadido al universo: XTOC
2025-05-01 21:46:51 CEST - quant_edge - INFO - Universo actualizado. 250 tickers califican.
2025-05-01 21:46:51 CEST - quant_edge - INFO - Solicitando fundamentales para ZCAR con reportType='REPORTS_FIN_STATEMENT'
2025-05-01 21:46:51 CEST - quant_edge - INFO - Solicitando fundamentales para WEEK con reportType='REPORTS_FIN_STATEMENT'
2025-05-01 21:46:51 CEST - quant_edge - INFO - Solicitando fundamentales para KIDZ con reportType='REPORTS_FIN_STATEMENT'
2025-05-01 21:46:51 CEST - quant_edge - INFO - Solicitando fundamentales para PAPL con reportType='REPORTS_FIN_STATEMENT'
2025-05-01 21:46:51 CEST - quant_edge - INFO - Solicitando fundamentales para DEEF con reportType='REPORTS_FIN_STATEMENT'
2025-05-01 21:46:51 CEST - quant_edge - INFO - Solicitando fundamentales para QBER con reportType='REPORTS_FIN_STATEMENT'
2025-05-01 21:46:51 CEST - quant_edge - INFO - Solicitando fundamentales para CAAA con reportType='REPORTS_FIN_STATEMENT'
2025-05-01 21:46:51 CEST - quant_edge - INFO - Solicitando fundamentales para OGSP con reportType='REPORTS_FIN_STATEMENT'
2025-05-01 21:46:51 CEST - quant_edge - INFO - Solicitando fundamentales para PBMY con reportType='REPORTS_FIN_STATEMENT'
2025-05-01 21:46:51 CEST - quant_edge - INFO - Solicitando fundamentales para KRON con reportType='REPORTS_FIN_STATEMENT'
2025-05-01 21:46:51 CEST - quant_edge - INFO - Solicitando fundamentales para AUGZ con reportType='REPORTS_FIN_STATEMENT'
2025-05-01 21:46:51 CEST - quant_edge - INFO - Solicitando fundamentales para PRXV con reportType='REPORTS_FIN_STATEMENT'
2025-05-01 21:46:51 CEST - quant_edge - INFO - Solicitando fundamentales para VCIC con reportType='REPORTS_FIN_STATEMENT'
2025-05-01 21:46:51 CEST - quant_edge - INFO - Solicitando fundamentales para SEPP con reportType='REPORTS_FIN_STATEMENT'
2025-05-01 21:46:51 CEST - quant_edge - INFO - Solicitando fundamentales para QCML con reportType='REPORTS_FIN_STATEMENT'
2025-05-01 21:46:51 CEST - quant_edge - INFO - Solicitando fundamentales para BACQU con reportType='REPORTS_FIN_STATEMENT'
2025-05-01 21:46:51 CEST - quant_edge - INFO - Solicitando fundamentales para UMAY con reportType='REPORTS_FIN_STATEMENT'
2025-05-01 21:46:51 CEST - quant_edge - INFO - Solicitando fundamentales para FLJJ con reportType='REPORTS_FIN_STATEMENT'
2025-05-01 21:46:51 CEST - quant_edge - INFO - Solicitando fundamentales para SEPT con reportType='REPORTS_FIN_STATEMENT'
2025-05-01 21:46:51 CEST - quant_edge - INFO - Solicitando fundamentales para BNGE con reportType='REPORTS_FIN_STATEMENT'
2025-05-01 21:46:51 CEST - quant_edge - INFO - Solicitando fundamentales para DRCT con reportType='REPORTS_FIN_STATEMENT'
2025-05-01 21:46:51 CEST - quant_edge - INFO - Solicitando fundamentales para AUGW con reportType='REPORTS_FIN_STATEMENT'
2025-05-01 21:46:51 CEST - quant_edge - INFO - Solicitando fundamentales para FLAO con reportType='REPORTS_FIN_STATEMENT'
2025-05-01 21:46:51 CEST - quant_edge - INFO - Solicitando fundamentales para LEGT con reportType='REPORTS_FIN_STATEMENT'
2025-05-01 21:46:51 CEST - quant_edge - INFO - Solicitando fundamentales para XTJL con reportType='REPORTS_FIN_STATEMENT'
2025-05-01 21:46:51 CEST - quant_edge - INFO - Solicitando fundamentales para EQLT con reportType='REPORTS_FIN_STATEMENT'
2025-05-01 21:46:51 CEST - quant_edge - INFO - Solicitando fundamentales para ATNF con reportType='REPORTS_FIN_STATEMENT'
2025-05-01 21:46:51 CEST - quant_edge - INFO - Solicitando fundamentales para HCTI con reportType='REPORTS_FIN_STATEMENT'
2025-05-01 21:46:51 CEST - quant_edge - INFO - Solicitando fundamentales para HOOK con reportType='REPORTS_FIN_STATEMENT'
2025-05-01 21:46:51 CEST - quant_edge - INFO - Solicitando fundamentales para GPAT con reportType='REPORTS_FIN_STATEMENT'
2025-05-01 21:46:51 CEST - quant_edge - INFO - Solicitando fundamentales para PRSO con reportType='REPORTS_FIN_STATEMENT'
2025-05-01 21:46:51 CEST - quant_edge - INFO - Solicitando fundamentales para PXI con reportType='REPORTS_FIN_STATEMENT'
2025-05-01 21:46:51 CEST - quant_edge - INFO - Solicitando fundamentales para BMAY con reportType='REPORTS_FIN_STATEMENT'
2025-05-01 21:46:51 CEST - quant_edge - INFO - Solicitando fundamentales para CDTG con reportType='REPORTS_FIN_STATEMENT'
2025-05-01 21:46:51 CEST - quant_edge - INFO - Solicitando fundamentales para MAYT con reportType='REPORTS_FIN_STATEMENT'
2025-05-01 21:46:51 CEST - quant_edge - INFO - Solicitando fundamentales para MVPL con reportType='REPORTS_FIN_STATEMENT'
2025-05-01 21:46:51 CEST - quant_edge - INFO - Solicitando fundamentales para YJ con reportType='REPORTS_FIN_STATEMENT'
2025-05-01 21:46:51 CEST - quant_edge - INFO - Solicitando fundamentales para FLHY con reportType='REPORTS_FIN_STATEMENT'
2025-05-01 21:46:51 CEST - quant_edge - INFO - Solicitando fundamentales para MEDX con reportType='REPORTS_FIN_STATEMENT'
2025-05-01 21:46:51 CEST - quant_edge - INFO - Solicitando fundamentales para DHAI con reportType='REPORTS_FIN_STATEMENT'
2025-05-01 21:46:51 CEST - quant_edge - INFO - Solicitando fundamentales para RNAZ con reportType='REPORTS_FIN_STATEMENT'
2025-05-01 21:46:51 CEST - quant_edge - INFO - Solicitando fundamentales para QCLR con reportType='REPORTS_FIN_STATEMENT'
2025-05-01 21:46:51 CEST - quant_edge - INFO - Solicitando fundamentales para PRXG con reportType='REPORTS_FIN_STATEMENT'
2025-05-01 21:46:51 CEST - quant_edge - INFO - Solicitando fundamentales para ELIL con reportType='REPORTS_FIN_STATEMENT'
2025-05-01 21:46:51 CEST - quant_edge - INFO - Solicitando fundamentales para MFSI con reportType='REPORTS_FIN_STATEMENT'
2025-05-01 21:46:51 CEST - quant_edge - INFO - Solicitando fundamentales para MAYP con reportType='REPORTS_FIN_STATEMENT'
2025-05-01 21:46:51 CEST - quant_edge - INFO - Solicitando fundamentales para NVNI con reportType='REPORTS_FIN_STATEMENT'
2025-05-01 21:46:51 CEST - quant_edge - INFO - Solicitando fundamentales para OND con reportType='REPORTS_FIN_STATEMENT'
2025-05-01 21:46:51 CEST - quant_edge - INFO - Solicitando fundamentales para MAYW con reportType='REPORTS_FIN_STATEMENT'
2025-05-01 21:46:51 CEST - quant_edge - INFO - Solicitando fundamentales para XTOC con reportType='REPORTS_FIN_STATEMENT'
2025-05-01 21:46:51 CEST - quant_edge - INFO - Solicitando fundamentales para ZCAR con reportType='REPORTS_FIN_STATEMENT'
2025-05-01 21:46:51 CEST - quant_edge - INFO - Solicitando fundamentales para WEEK con reportType='REPORTS_FIN_STATEMENT'
2025-05-01 21:46:51 CEST - quant_edge - INFO - Solicitando fundamentales para KIDZ con reportType='REPORTS_FIN_STATEMENT'
2025-05-01 21:46:51 CEST - quant_edge - INFO - Solicitando fundamentales para PAPL con reportType='REPORTS_FIN_STATEMENT'
2025-05-01 21:46:51 CEST - quant_edge - INFO - Solicitando fundamentales para DEEF con reportType='REPORTS_FIN_STATEMENT'
2025-05-01 21:46:51 CEST - quant_edge - INFO - Solicitando fundamentales para QBER con reportType='REPORTS_FIN_STATEMENT'
2025-05-01 21:46:51 CEST - quant_edge - INFO - Solicitando fundamentales para CAAA con reportType='REPORTS_FIN_STATEMENT'
2025-05-01 21:46:51 CEST - quant_edge - INFO - Solicitando fundamentales para OGSP con reportType='REPORTS_FIN_STATEMENT'
2025-05-01 21:46:51 CEST - quant_edge - INFO - Solicitando fundamentales para PBMY con reportType='REPORTS_FIN_STATEMENT'
2025-05-01 21:46:51 CEST - quant_edge - INFO - Solicitando fundamentales para KRON con reportType='REPORTS_FIN_STATEMENT'
2025-05-01 21:46:51 CEST - quant_edge - INFO - Solicitando fundamentales para AUGZ con reportType='REPORTS_FIN_STATEMENT'
2025-05-01 21:46:51 CEST - quant_edge - INFO - Solicitando fundamentales para PRXV con reportType='REPORTS_FIN_STATEMENT'
2025-05-01 21:46:51 CEST - quant_edge - INFO - Solicitando fundamentales para VCIC con reportType='REPORTS_FIN_STATEMENT'
2025-05-01 21:46:51 CEST - quant_edge - INFO - Solicitando fundamentales para SEPP con reportType='REPORTS_FIN_STATEMENT'
2025-05-01 21:46:51 CEST - quant_edge - INFO - Solicitando fundamentales para QCML con reportType='REPORTS_FIN_STATEMENT'
2025-05-01 21:46:51 CEST - quant_edge - INFO - Solicitando fundamentales para BACQU con reportType='REPORTS_FIN_STATEMENT'
2025-05-01 21:46:51 CEST - quant_edge - INFO - Solicitando fundamentales para UMAY con reportType='REPORTS_FIN_STATEMENT'
2025-05-01 21:46:51 CEST - quant_edge - INFO - Solicitando fundamentales para FLJJ con reportType='REPORTS_FIN_STATEMENT'
2025-05-01 21:46:51 CEST - quant_edge - INFO - Solicitando fundamentales para SEPT con reportType='REPORTS_FIN_STATEMENT'
2025-05-01 21:46:51 CEST - quant_edge - INFO - Solicitando fundamentales para BNGE con reportType='REPORTS_FIN_STATEMENT'
2025-05-01 21:46:51 CEST - quant_edge - INFO - Solicitando fundamentales para DRCT con reportType='REPORTS_FIN_STATEMENT'
2025-05-01 21:46:51 CEST - quant_edge - INFO - Solicitando fundamentales para AUGW con reportType='REPORTS_FIN_STATEMENT'
2025-05-01 21:46:51 CEST - quant_edge - INFO - Solicitando fundamentales para FLAO con reportType='REPORTS_FIN_STATEMENT'
2025-05-01 21:46:51 CEST - quant_edge - INFO - Solicitando fundamentales para LEGT con reportType='REPORTS_FIN_STATEMENT'
2025-05-01 21:46:51 CEST - quant_edge - INFO - Solicitando fundamentales para XTJL con reportType='REPORTS_FIN_STATEMENT'
2025-05-01 21:46:51 CEST - quant_edge - INFO - Solicitando fundamentales para EQLT con reportType='REPORTS_FIN_STATEMENT'
2025-05-01 21:46:51 CEST - quant_edge - INFO - Solicitando fundamentales para ATNF con reportType='REPORTS_FIN_STATEMENT'
2025-05-01 21:46:51 CEST - quant_edge - INFO - Solicitando fundamentales para HCTI con reportType='REPORTS_FIN_STATEMENT'
2025-05-01 21:46:51 CEST - quant_edge - INFO - Solicitando fundamentales para HOOK con reportType='REPORTS_FIN_STATEMENT'
2025-05-01 21:46:51 CEST - quant_edge - INFO - Solicitando fundamentales para GPAT con reportType='REPORTS_FIN_STATEMENT'
2025-05-01 21:46:51 CEST - quant_edge - INFO - Solicitando fundamentales para PRSO con reportType='REPORTS_FIN_STATEMENT'
2025-05-01 21:46:51 CEST - quant_edge - INFO - Solicitando fundamentales para PXI con reportType='REPORTS_FIN_STATEMENT'
2025-05-01 21:46:51 CEST - quant_edge - INFO - Solicitando fundamentales para BMAY con reportType='REPORTS_FIN_STATEMENT'
2025-05-01 21:46:51 CEST - quant_edge - INFO - Solicitando fundamentales para CDTG con reportType='REPORTS_FIN_STATEMENT'
2025-05-01 21:46:51 CEST - quant_edge - INFO - Solicitando fundamentales para MAYT con reportType='REPORTS_FIN_STATEMENT'
2025-05-01 21:46:51 CEST - quant_edge - INFO - Solicitando fundamentales para MVPL con reportType='REPORTS_FIN_STATEMENT'
2025-05-01 21:46:51 CEST - quant_edge - INFO - Solicitando fundamentales para YJ con reportType='REPORTS_FIN_STATEMENT'
2025-05-01 21:46:51 CEST - quant_edge - INFO - Solicitando fundamentales para FLHY con reportType='REPORTS_FIN_STATEMENT'
2025-05-01 21:46:51 CEST - quant_edge - INFO - Solicitando fundamentales para MEDX con reportType='REPORTS_FIN_STATEMENT'
2025-05-01 21:46:51 CEST - quant_edge - INFO - Solicitando fundamentales para DHAI con reportType='REPORTS_FIN_STATEMENT'
2025-05-01 21:46:51 CEST - quant_edge - INFO - Solicitando fundamentales para RNAZ con reportType='REPORTS_FIN_STATEMENT'
2025-05-01 21:46:51 CEST - quant_edge - INFO - Solicitando fundamentales para QCLR con reportType='REPORTS_FIN_STATEMENT'
2025-05-01 21:46:51 CEST - quant_edge - INFO - Solicitando fundamentales para PRXG con reportType='REPORTS_FIN_STATEMENT'
2025-05-01 21:46:51 CEST - quant_edge - INFO - Solicitando fundamentales para ELIL con reportType='REPORTS_FIN_STATEMENT'
2025-05-01 21:46:51 CEST - quant_edge - INFO - Solicitando fundamentales para MFSI con reportType='REPORTS_FIN_STATEMENT'
2025-05-01 21:46:51 CEST - quant_edge - INFO - Solicitando fundamentales para MAYP con reportType='REPORTS_FIN_STATEMENT'
2025-05-01 21:46:51 CEST - quant_edge - INFO - Solicitando fundamentales para NVNI con reportType='REPORTS_FIN_STATEMENT'
2025-05-01 21:46:51 CEST - quant_edge - INFO - Solicitando fundamentales para OND con reportType='REPORTS_FIN_STATEMENT'
2025-05-01 21:46:51 CEST - quant_edge - INFO - Solicitando fundamentales para MAYW con reportType='REPORTS_FIN_STATEMENT'
2025-05-01 21:46:51 CEST - quant_edge - INFO - Solicitando fundamentales para XTOC con reportType='REPORTS_FIN_STATEMENT'
2025-05-01 21:46:51 CEST - quant_edge - INFO - Solicitando fundamentales para ZCAR con reportType='REPORTS_FIN_STATEMENT'
2025-05-01 21:46:51 CEST - quant_edge - INFO - Solicitando fundamentales para WEEK con reportType='REPORTS_FIN_STATEMENT'
2025-05-01 21:46:51 CEST - quant_edge - INFO - Solicitando fundamentales para KIDZ con reportType='REPORTS_FIN_STATEMENT'
2025-05-01 21:46:51 CEST - quant_edge - INFO - Solicitando fundamentales para PAPL con reportType='REPORTS_FIN_STATEMENT'
2025-05-01 21:46:51 CEST - quant_edge - INFO - Solicitando fundamentales para DEEF con reportType='REPORTS_FIN_STATEMENT'
2025-05-01 21:46:51 CEST - quant_edge - INFO - Solicitando fundamentales para QBER con reportType='REPORTS_FIN_STATEMENT'
2025-05-01 21:46:51 CEST - quant_edge - INFO - Solicitando fundamentales para CAAA con reportType='REPORTS_FIN_STATEMENT'
2025-05-01 21:46:51 CEST - quant_edge - INFO - Solicitando fundamentales para OGSP con reportType='REPORTS_FIN_STATEMENT'
2025-05-01 21:46:51 CEST - quant_edge - INFO - Solicitando fundamentales para PBMY con reportType='REPORTS_FIN_STATEMENT'
2025-05-01 21:46:51 CEST - quant_edge - INFO - Solicitando fundamentales para KRON con reportType='REPORTS_FIN_STATEMENT'
2025-05-01 21:46:51 CEST - quant_edge - INFO - Solicitando fundamentales para AUGZ con reportType='REPORTS_FIN_STATEMENT'
2025-05-01 21:46:51 CEST - quant_edge - INFO - Solicitando fundamentales para PRXV con reportType='REPORTS_FIN_STATEMENT'
2025-05-01 21:46:51 CEST - quant_edge - INFO - Solicitando fundamentales para VCIC con reportType='REPORTS_FIN_STATEMENT'
2025-05-01 21:46:51 CEST - quant_edge - INFO - Solicitando fundamentales para SEPP con reportType='REPORTS_FIN_STATEMENT'
2025-05-01 21:46:51 CEST - quant_edge - INFO - Solicitando fundamentales para QCML con reportType='REPORTS_FIN_STATEMENT'
2025-05-01 21:46:51 CEST - quant_edge - INFO - Solicitando fundamentales para BACQU con reportType='REPORTS_FIN_STATEMENT'
2025-05-01 21:46:51 CEST - quant_edge - INFO - Solicitando fundamentales para UMAY con reportType='REPORTS_FIN_STATEMENT'
2025-05-01 21:46:51 CEST - quant_edge - INFO - Solicitando fundamentales para FLJJ con reportType='REPORTS_FIN_STATEMENT'
2025-05-01 21:46:51 CEST - quant_edge - INFO - Solicitando fundamentales para SEPT con reportType='REPORTS_FIN_STATEMENT'
2025-05-01 21:46:51 CEST - quant_edge - INFO - Solicitando fundamentales para BNGE con reportType='REPORTS_FIN_STATEMENT'
2025-05-01 21:46:51 CEST - quant_edge - INFO - Solicitando fundamentales para DRCT con reportType='REPORTS_FIN_STATEMENT'
2025-05-01 21:46:51 CEST - quant_edge - INFO - Solicitando fundamentales para AUGW con reportType='REPORTS_FIN_STATEMENT'
2025-05-01 21:46:51 CEST - quant_edge - INFO - Solicitando fundamentales para FLAO con reportType='REPORTS_FIN_STATEMENT'
2025-05-01 21:46:51 CEST - quant_edge - INFO - Solicitando fundamentales para LEGT con reportType='REPORTS_FIN_STATEMENT'
2025-05-01 21:46:51 CEST - quant_edge - INFO - Solicitando fundamentales para XTJL con reportType='REPORTS_FIN_STATEMENT'
2025-05-01 21:46:51 CEST - quant_edge - INFO - Solicitando fundamentales para EQLT con reportType='REPORTS_FIN_STATEMENT'
2025-05-01 21:46:51 CEST - quant_edge - INFO - Solicitando fundamentales para ATNF con reportType='REPORTS_FIN_STATEMENT'
2025-05-01 21:46:51 CEST - quant_edge - INFO - Solicitando fundamentales para HCTI con reportType='REPORTS_FIN_STATEMENT'
2025-05-01 21:46:51 CEST - quant_edge - INFO - Solicitando fundamentales para HOOK con reportType='REPORTS_FIN_STATEMENT'
2025-05-01 21:46:51 CEST - quant_edge - INFO - Solicitando fundamentales para GPAT con reportType='REPORTS_FIN_STATEMENT'
2025-05-01 21:46:51 CEST - quant_edge - INFO - Solicitando fundamentales para PRSO con reportType='REPORTS_FIN_STATEMENT'
2025-05-01 21:46:51 CEST - quant_edge - INFO - Solicitando fundamentales para PXI con reportType='REPORTS_FIN_STATEMENT'
2025-05-01 21:46:51 CEST - quant_edge - INFO - Solicitando fundamentales para BMAY con reportType='REPORTS_FIN_STATEMENT'
2025-05-01 21:46:51 CEST - quant_edge - INFO - Solicitando fundamentales para CDTG con reportType='REPORTS_FIN_STATEMENT'
2025-05-01 21:46:51 CEST - quant_edge - INFO - Solicitando fundamentales para MAYT con reportType='REPORTS_FIN_STATEMENT'
2025-05-01 21:46:51 CEST - quant_edge - INFO - Solicitando fundamentales para MVPL con reportType='REPORTS_FIN_STATEMENT'
2025-05-01 21:46:51 CEST - quant_edge - INFO - Solicitando fundamentales para YJ con reportType='REPORTS_FIN_STATEMENT'
2025-05-01 21:46:51 CEST - quant_edge - INFO - Solicitando fundamentales para FLHY con reportType='REPORTS_FIN_STATEMENT'
2025-05-01 21:46:51 CEST - quant_edge - INFO - Solicitando fundamentales para MEDX con reportType='REPORTS_FIN_STATEMENT'
2025-05-01 21:46:51 CEST - quant_edge - INFO - Solicitando fundamentales para DHAI con reportType='REPORTS_FIN_STATEMENT'
2025-05-01 21:46:51 CEST - quant_edge - INFO - Solicitando fundamentales para RNAZ con reportType='REPORTS_FIN_STATEMENT'
2025-05-01 21:46:51 CEST - quant_edge - INFO - Solicitando fundamentales para QCLR con reportType='REPORTS_FIN_STATEMENT'
2025-05-01 21:46:51 CEST - quant_edge - INFO - Solicitando fundamentales para PRXG con reportType='REPORTS_FIN_STATEMENT'
2025-05-01 21:46:51 CEST - quant_edge - INFO - Solicitando fundamentales para ELIL con reportType='REPORTS_FIN_STATEMENT'
2025-05-01 21:46:51 CEST - quant_edge - INFO - Solicitando fundamentales para MFSI con reportType='REPORTS_FIN_STATEMENT'
2025-05-01 21:46:51 CEST - quant_edge - INFO - Solicitando fundamentales para MAYP con reportType='REPORTS_FIN_STATEMENT'
2025-05-01 21:46:51 CEST - quant_edge - INFO - Solicitando fundamentales para NVNI con reportType='REPORTS_FIN_STATEMENT'
2025-05-01 21:46:51 CEST - quant_edge - INFO - Solicitando fundamentales para OND con reportType='REPORTS_FIN_STATEMENT'
2025-05-01 21:46:51 CEST - quant_edge - INFO - Solicitando fundamentales para MAYW con reportType='REPORTS_FIN_STATEMENT'
2025-05-01 21:46:51 CEST - quant_edge - INFO - Solicitando fundamentales para XTOC con reportType='REPORTS_FIN_STATEMENT'
2025-05-01 21:46:51 CEST - quant_edge - INFO - Solicitando fundamentales para ZCAR con reportType='REPORTS_FIN_STATEMENT'
2025-05-01 21:46:51 CEST - quant_edge - INFO - Solicitando fundamentales para WEEK con reportType='REPORTS_FIN_STATEMENT'
2025-05-01 21:46:51 CEST - quant_edge - INFO - Solicitando fundamentales para KIDZ con reportType='REPORTS_FIN_STATEMENT'
2025-05-01 21:46:51 CEST - quant_edge - INFO - Solicitando fundamentales para PAPL con reportType='REPORTS_FIN_STATEMENT'
2025-05-01 21:46:51 CEST - quant_edge - INFO - Solicitando fundamentales para DEEF con reportType='REPORTS_FIN_STATEMENT'
2025-05-01 21:46:51 CEST - quant_edge - INFO - Solicitando fundamentales para QBER con reportType='REPORTS_FIN_STATEMENT'
2025-05-01 21:46:51 CEST - quant_edge - INFO - Solicitando fundamentales para CAAA con reportType='REPORTS_FIN_STATEMENT'
2025-05-01 21:46:51 CEST - quant_edge - INFO - Solicitando fundamentales para OGSP con reportType='REPORTS_FIN_STATEMENT'
2025-05-01 21:46:51 CEST - quant_edge - INFO - Solicitando fundamentales para PBMY con reportType='REPORTS_FIN_STATEMENT'
2025-05-01 21:46:51 CEST - quant_edge - INFO - Solicitando fundamentales para KRON con reportType='REPORTS_FIN_STATEMENT'
2025-05-01 21:46:51 CEST - quant_edge - INFO - Solicitando fundamentales para AUGZ con reportType='REPORTS_FIN_STATEMENT'
2025-05-01 21:46:51 CEST - quant_edge - INFO - Solicitando fundamentales para PRXV con reportType='REPORTS_FIN_STATEMENT'
2025-05-01 21:46:51 CEST - quant_edge - INFO - Solicitando fundamentales para VCIC con reportType='REPORTS_FIN_STATEMENT'
2025-05-01 21:46:51 CEST - quant_edge - INFO - Solicitando fundamentales para SEPP con reportType='REPORTS_FIN_STATEMENT'
2025-05-01 21:46:51 CEST - quant_edge - INFO - Solicitando fundamentales para QCML con reportType='REPORTS_FIN_STATEMENT'
2025-05-01 21:46:51 CEST - quant_edge - INFO - Solicitando fundamentales para BACQU con reportType='REPORTS_FIN_STATEMENT'
2025-05-01 21:46:51 CEST - quant_edge - INFO - Solicitando fundamentales para UMAY con reportType='REPORTS_FIN_STATEMENT'
2025-05-01 21:46:51 CEST - quant_edge - INFO - Solicitando fundamentales para FLJJ con reportType='REPORTS_FIN_STATEMENT'
2025-05-01 21:46:51 CEST - quant_edge - INFO - Solicitando fundamentales para SEPT con reportType='REPORTS_FIN_STATEMENT'
2025-05-01 21:46:51 CEST - quant_edge - INFO - Solicitando fundamentales para BNGE con reportType='REPORTS_FIN_STATEMENT'
2025-05-01 21:46:51 CEST - quant_edge - INFO - Solicitando fundamentales para DRCT con reportType='REPORTS_FIN_STATEMENT'
2025-05-01 21:46:51 CEST - quant_edge - INFO - Solicitando fundamentales para AUGW con reportType='REPORTS_FIN_STATEMENT'
2025-05-01 21:46:51 CEST - quant_edge - INFO - Solicitando fundamentales para FLAO con reportType='REPORTS_FIN_STATEMENT'
2025-05-01 21:46:51 CEST - quant_edge - INFO - Solicitando fundamentales para LEGT con reportType='REPORTS_FIN_STATEMENT'
2025-05-01 21:46:51 CEST - quant_edge - INFO - Solicitando fundamentales para XTJL con reportType='REPORTS_FIN_STATEMENT'
2025-05-01 21:46:51 CEST - quant_edge - INFO - Solicitando fundamentales para EQLT con reportType='REPORTS_FIN_STATEMENT'
2025-05-01 21:46:51 CEST - quant_edge - INFO - Solicitando fundamentales para ATNF con reportType='REPORTS_FIN_STATEMENT'
2025-05-01 21:46:51 CEST - quant_edge - INFO - Solicitando fundamentales para HCTI con reportType='REPORTS_FIN_STATEMENT'
2025-05-01 21:46:51 CEST - quant_edge - INFO - Solicitando fundamentales para HOOK con reportType='REPORTS_FIN_STATEMENT'
2025-05-01 21:46:51 CEST - quant_edge - INFO - Solicitando fundamentales para GPAT con reportType='REPORTS_FIN_STATEMENT'
2025-05-01 21:46:51 CEST - quant_edge - INFO - Solicitando fundamentales para PRSO con reportType='REPORTS_FIN_STATEMENT'
2025-05-01 21:46:51 CEST - quant_edge - INFO - Solicitando fundamentales para PXI con reportType='REPORTS_FIN_STATEMENT'
2025-05-01 21:46:51 CEST - quant_edge - INFO - Solicitando fundamentales para BMAY con reportType='REPORTS_FIN_STATEMENT'
2025-05-01 21:46:51 CEST - quant_edge - INFO - Solicitando fundamentales para CDTG con reportType='REPORTS_FIN_STATEMENT'
2025-05-01 21:46:51 CEST - quant_edge - INFO - Solicitando fundamentales para MAYT con reportType='REPORTS_FIN_STATEMENT'
2025-05-01 21:46:51 CEST - quant_edge - INFO - Solicitando fundamentales para MVPL con reportType='REPORTS_FIN_STATEMENT'
2025-05-01 21:46:51 CEST - quant_edge - INFO - Solicitando fundamentales para YJ con reportType='REPORTS_FIN_STATEMENT'
2025-05-01 21:46:51 CEST - quant_edge - INFO - Solicitando fundamentales para FLHY con reportType='REPORTS_FIN_STATEMENT'
2025-05-01 21:46:51 CEST - quant_edge - INFO - Solicitando fundamentales para MEDX con reportType='REPORTS_FIN_STATEMENT'
2025-05-01 21:46:51 CEST - quant_edge - INFO - Solicitando fundamentales para DHAI con reportType='REPORTS_FIN_STATEMENT'
2025-05-01 21:46:51 CEST - quant_edge - INFO - Solicitando fundamentales para RNAZ con reportType='REPORTS_FIN_STATEMENT'
2025-05-01 21:46:51 CEST - quant_edge - INFO - Solicitando fundamentales para QCLR con reportType='REPORTS_FIN_STATEMENT'
2025-05-01 21:46:51 CEST - quant_edge - INFO - Solicitando fundamentales para PRXG con reportType='REPORTS_FIN_STATEMENT'
2025-05-01 21:46:51 CEST - quant_edge - INFO - Solicitando fundamentales para ELIL con reportType='REPORTS_FIN_STATEMENT'
2025-05-01 21:46:51 CEST - quant_edge - INFO - Solicitando fundamentales para MFSI con reportType='REPORTS_FIN_STATEMENT'
2025-05-01 21:46:51 CEST - quant_edge - INFO - Solicitando fundamentales para MAYP con reportType='REPORTS_FIN_STATEMENT'
2025-05-01 21:46:51 CEST - quant_edge - INFO - Solicitando fundamentales para NVNI con reportType='REPORTS_FIN_STATEMENT'
2025-05-01 21:46:51 CEST - quant_edge - INFO - Solicitando fundamentales para OND con reportType='REPORTS_FIN_STATEMENT'
2025-05-01 21:46:51 CEST - quant_edge - INFO - Solicitando fundamentales para MAYW con reportType='REPORTS_FIN_STATEMENT'
2025-05-01 21:46:51 CEST - quant_edge - INFO - Solicitando fundamentales para XTOC con reportType='REPORTS_FIN_STATEMENT'
2025-05-01 21:46:51 CEST - quant_edge - INFO - Solicitando fundamentales para ZCAR con reportType='REPORTS_FIN_STATEMENT'
2025-05-01 21:46:51 CEST - quant_edge - INFO - Solicitando fundamentales para WEEK con reportType='REPORTS_FIN_STATEMENT'
2025-05-01 21:46:51 CEST - quant_edge - INFO - Solicitando fundamentales para KIDZ con reportType='REPORTS_FIN_STATEMENT'
2025-05-01 21:46:51 CEST - quant_edge - INFO - Solicitando fundamentales para PAPL con reportType='REPORTS_FIN_STATEMENT'
2025-05-01 21:46:51 CEST - quant_edge - INFO - Solicitando fundamentales para DEEF con reportType='REPORTS_FIN_STATEMENT'
2025-05-01 21:46:51 CEST - quant_edge - INFO - Solicitando fundamentales para QBER con reportType='REPORTS_FIN_STATEMENT'
2025-05-01 21:46:51 CEST - quant_edge - INFO - Solicitando fundamentales para CAAA con reportType='REPORTS_FIN_STATEMENT'
2025-05-01 21:46:51 CEST - quant_edge - INFO - Solicitando fundamentales para OGSP con reportType='REPORTS_FIN_STATEMENT'
2025-05-01 21:46:51 CEST - quant_edge - INFO - Solicitando fundamentales para PBMY con reportType='REPORTS_FIN_STATEMENT'
2025-05-01 21:46:51 CEST - quant_edge - INFO - Solicitando fundamentales para KRON con reportType='REPORTS_FIN_STATEMENT'
2025-05-01 21:46:51 CEST - quant_edge - INFO - Solicitando fundamentales para AUGZ con reportType='REPORTS_FIN_STATEMENT'
2025-05-01 21:46:51 CEST - quant_edge - INFO - Solicitando fundamentales para PRXV con reportType='REPORTS_FIN_STATEMENT'
2025-05-01 21:46:51 CEST - quant_edge - INFO - Solicitando fundamentales para VCIC con reportType='REPORTS_FIN_STATEMENT'
2025-05-01 21:46:51 CEST - quant_edge - INFO - Solicitando fundamentales para SEPP con reportType='REPORTS_FIN_STATEMENT'
2025-05-01 21:46:51 CEST - quant_edge - INFO - Solicitando fundamentales para QCML con reportType='REPORTS_FIN_STATEMENT'
2025-05-01 21:46:51 CEST - quant_edge - INFO - Solicitando fundamentales para BACQU con reportType='REPORTS_FIN_STATEMENT'
2025-05-01 21:46:51 CEST - quant_edge - INFO - Solicitando fundamentales para UMAY con reportType='REPORTS_FIN_STATEMENT'
2025-05-01 21:46:51 CEST - quant_edge - INFO - Solicitando fundamentales para FLJJ con reportType='REPORTS_FIN_STATEMENT'
2025-05-01 21:46:51 CEST - quant_edge - INFO - Solicitando fundamentales para SEPT con reportType='REPORTS_FIN_STATEMENT'
2025-05-01 21:46:51 CEST - quant_edge - INFO - Solicitando fundamentales para BNGE con reportType='REPORTS_FIN_STATEMENT'
2025-05-01 21:46:51 CEST - quant_edge - INFO - Solicitando fundamentales para DRCT con reportType='REPORTS_FIN_STATEMENT'
2025-05-01 21:46:51 CEST - quant_edge - INFO - Solicitando fundamentales para AUGW con reportType='REPORTS_FIN_STATEMENT'
2025-05-01 21:46:51 CEST - quant_edge - INFO - Solicitando fundamentales para FLAO con reportType='REPORTS_FIN_STATEMENT'
2025-05-01 21:46:51 CEST - quant_edge - INFO - Solicitando fundamentales para LEGT con reportType='REPORTS_FIN_STATEMENT'
2025-05-01 21:46:51 CEST - quant_edge - INFO - Solicitando fundamentales para XTJL con reportType='REPORTS_FIN_STATEMENT'
2025-05-01 21:46:51 CEST - quant_edge - INFO - Solicitando fundamentales para EQLT con reportType='REPORTS_FIN_STATEMENT'
2025-05-01 21:46:51 CEST - quant_edge - INFO - Solicitando fundamentales para ATNF con reportType='REPORTS_FIN_STATEMENT'
2025-05-01 21:46:51 CEST - quant_edge - INFO - Solicitando fundamentales para HCTI con reportType='REPORTS_FIN_STATEMENT'
2025-05-01 21:46:51 CEST - quant_edge - INFO - Solicitando fundamentales para HOOK con reportType='REPORTS_FIN_STATEMENT'
2025-05-01 21:46:51 CEST - quant_edge - INFO - Solicitando fundamentales para GPAT con reportType='REPORTS_FIN_STATEMENT'
2025-05-01 21:46:51 CEST - quant_edge - INFO - Solicitando fundamentales para PRSO con reportType='REPORTS_FIN_STATEMENT'
2025-05-01 21:46:51 CEST - quant_edge - INFO - Solicitando fundamentales para PXI con reportType='REPORTS_FIN_STATEMENT'
2025-05-01 21:46:51 CEST - quant_edge - INFO - Solicitando fundamentales para BMAY con reportType='REPORTS_FIN_STATEMENT'
2025-05-01 21:46:51 CEST - quant_edge - INFO - Solicitando fundamentales para CDTG con reportType='REPORTS_FIN_STATEMENT'
2025-05-01 21:46:51 CEST - quant_edge - INFO - Solicitando fundamentales para MAYT con reportType='REPORTS_FIN_STATEMENT'
2025-05-01 21:46:51 CEST - quant_edge - INFO - Solicitando fundamentales para MVPL con reportType='REPORTS_FIN_STATEMENT'
2025-05-01 21:46:51 CEST - quant_edge - INFO - Solicitando fundamentales para YJ con reportType='REPORTS_FIN_STATEMENT'
2025-05-01 21:46:51 CEST - quant_edge - INFO - Solicitando fundamentales para FLHY con reportType='REPORTS_FIN_STATEMENT'
2025-05-01 21:46:51 CEST - quant_edge - INFO - Solicitando fundamentales para MEDX con reportType='REPORTS_FIN_STATEMENT'
2025-05-01 21:46:51 CEST - quant_edge - INFO - Solicitando fundamentales para DHAI con reportType='REPORTS_FIN_STATEMENT'
2025-05-01 21:46:51 CEST - quant_edge - INFO - Solicitando fundamentales para RNAZ con reportType='REPORTS_FIN_STATEMENT'
2025-05-01 21:46:51 CEST - quant_edge - INFO - Solicitando fundamentales para QCLR con reportType='REPORTS_FIN_STATEMENT'
2025-05-01 21:46:51 CEST - quant_edge - INFO - Solicitando fundamentales para PRXG con reportType='REPORTS_FIN_STATEMENT'
2025-05-01 21:46:51 CEST - quant_edge - INFO - Solicitando fundamentales para ELIL con reportType='REPORTS_FIN_STATEMENT'
2025-05-01 21:46:51 CEST - quant_edge - INFO - Solicitando fundamentales para MFSI con reportType='REPORTS_FIN_STATEMENT'
2025-05-01 21:46:51 CEST - quant_edge - INFO - Solicitando fundamentales para MAYP con reportType='REPORTS_FIN_STATEMENT'
2025-05-01 21:46:51 CEST - quant_edge - INFO - Solicitando fundamentales para NVNI con reportType='REPORTS_FIN_STATEMENT'
2025-05-01 21:46:51 CEST - quant_edge - INFO - Solicitando fundamentales para OND con reportType='REPORTS_FIN_STATEMENT'
2025-05-01 21:46:51 CEST - quant_edge - INFO - Solicitando fundamentales para MAYW con reportType='REPORTS_FIN_STATEMENT'
2025-05-01 21:46:51 CEST - quant_edge - INFO - Solicitando fundamentales para XTOC con reportType='REPORTS_FIN_STATEMENT'
2025-05-01 21:47:20 CEST - quant_edge - DEBUG - Ticker añadido al universo: ZCAR
2025-05-01 21:47:20 CEST - quant_edge - DEBUG - Ticker añadido al universo: WEEK
2025-05-01 21:47:20 CEST - quant_edge - DEBUG - Ticker añadido al universo: KIDZ
2025-05-01 21:47:20 CEST - quant_edge - DEBUG - Ticker añadido al universo: PAPL
2025-05-01 21:47:20 CEST - quant_edge - DEBUG - Ticker añadido al universo: DEEF
2025-05-01 21:47:20 CEST - quant_edge - DEBUG - Ticker añadido al universo: QBER
2025-05-01 21:47:20 CEST - quant_edge - DEBUG - Ticker añadido al universo: CAAA
2025-05-01 21:47:20 CEST - quant_edge - DEBUG - Ticker añadido al universo: OGSP
2025-05-01 21:47:20 CEST - quant_edge - DEBUG - Ticker añadido al universo: PBMY
2025-05-01 21:47:20 CEST - quant_edge - DEBUG - Ticker añadido al universo: KRON
2025-05-01 21:47:20 CEST - quant_edge - DEBUG - Ticker añadido al universo: AUGZ
2025-05-01 21:47:20 CEST - quant_edge - DEBUG - Ticker añadido al universo: PRXV
2025-05-01 21:47:20 CEST - quant_edge - DEBUG - Ticker añadido al universo: VCIC
2025-05-01 21:47:20 CEST - quant_edge - DEBUG - Ticker añadido al universo: SEPP
2025-05-01 21:47:20 CEST - quant_edge - DEBUG - Ticker añadido al universo: QCML
2025-05-01 21:47:20 CEST - quant_edge - DEBUG - Ticker añadido al universo: BACQU
2025-05-01 21:47:20 CEST - quant_edge - DEBUG - Ticker añadido al universo: UMAY
2025-05-01 21:47:20 CEST - quant_edge - DEBUG - Ticker añadido al universo: FLJJ
2025-05-01 21:47:20 CEST - quant_edge - DEBUG - Ticker añadido al universo: SEPT
2025-05-01 21:47:20 CEST - quant_edge - DEBUG - Ticker añadido al universo: BNGE
2025-05-01 21:47:20 CEST - quant_edge - DEBUG - Ticker añadido al universo: DRCT
2025-05-01 21:47:20 CEST - quant_edge - DEBUG - Ticker añadido al universo: AUGW
2025-05-01 21:47:20 CEST - quant_edge - DEBUG - Ticker añadido al universo: FLAO
2025-05-01 21:47:20 CEST - quant_edge - DEBUG - Ticker añadido al universo: LEGT
2025-05-01 21:47:20 CEST - quant_edge - DEBUG - Ticker añadido al universo: XTJL
2025-05-01 21:47:20 CEST - quant_edge - DEBUG - Ticker añadido al universo: EQLT
2025-05-01 21:47:20 CEST - quant_edge - DEBUG - Ticker añadido al universo: ATNF
2025-05-01 21:47:20 CEST - quant_edge - DEBUG - Ticker añadido al universo: HCTI
2025-05-01 21:47:20 CEST - quant_edge - DEBUG - Ticker añadido al universo: HOOK
2025-05-01 21:47:20 CEST - quant_edge - DEBUG - Ticker añadido al universo: GPAT
2025-05-01 21:47:20 CEST - quant_edge - DEBUG - Ticker añadido al universo: PRSO
2025-05-01 21:47:20 CEST - quant_edge - DEBUG - Ticker añadido al universo: PXI
2025-05-01 21:47:20 CEST - quant_edge - DEBUG - Ticker añadido al universo: BMAY
2025-05-01 21:47:20 CEST - quant_edge - DEBUG - Ticker añadido al universo: CDTG
2025-05-01 21:47:20 CEST - quant_edge - DEBUG - Ticker añadido al universo: MAYT
2025-05-01 21:47:20 CEST - quant_edge - DEBUG - Ticker añadido al universo: MVPL
2025-05-01 21:47:20 CEST - quant_edge - DEBUG - Ticker añadido al universo: YJ
2025-05-01 21:47:20 CEST - quant_edge - DEBUG - Ticker añadido al universo: FLHY
2025-05-01 21:47:20 CEST - quant_edge - DEBUG - Ticker añadido al universo: MEDX
2025-05-01 21:47:20 CEST - quant_edge - DEBUG - Ticker añadido al universo: DHAI
2025-05-01 21:47:20 CEST - quant_edge - DEBUG - Ticker añadido al universo: RNAZ
2025-05-01 21:47:20 CEST - quant_edge - DEBUG - Ticker añadido al universo: QCLR
2025-05-01 21:47:20 CEST - quant_edge - DEBUG - Ticker añadido al universo: PRXG
2025-05-01 21:47:20 CEST - quant_edge - DEBUG - Ticker añadido al universo: ELIL
2025-05-01 21:47:20 CEST - quant_edge - DEBUG - Ticker añadido al universo: MFSI
2025-05-01 21:47:20 CEST - quant_edge - DEBUG - Ticker añadido al universo: MAYP
2025-05-01 21:47:20 CEST - quant_edge - DEBUG - Ticker añadido al universo: NVNI
2025-05-01 21:47:20 CEST - quant_edge - DEBUG - Ticker añadido al universo: OND
2025-05-01 21:47:20 CEST - quant_edge - DEBUG - Ticker añadido al universo: MAYW
2025-05-01 21:47:20 CEST - quant_edge - DEBUG - Ticker añadido al universo: XTOC
2025-05-01 21:47:20 CEST - quant_edge - INFO - Universo actualizado. 300 tickers califican.
2025-05-01 21:47:20 CEST - quant_edge - INFO - Solicitando fundamentales para ZCAR con reportType='REPORTS_FIN_STATEMENT'
2025-05-01 21:47:20 CEST - quant_edge - INFO - Solicitando fundamentales para WEEK con reportType='REPORTS_FIN_STATEMENT'
2025-05-01 21:47:20 CEST - quant_edge - INFO - Solicitando fundamentales para KIDZ con reportType='REPORTS_FIN_STATEMENT'
2025-05-01 21:47:20 CEST - quant_edge - INFO - Solicitando fundamentales para PAPL con reportType='REPORTS_FIN_STATEMENT'
2025-05-01 21:47:20 CEST - quant_edge - INFO - Solicitando fundamentales para DEEF con reportType='REPORTS_FIN_STATEMENT'
2025-05-01 21:47:20 CEST - quant_edge - INFO - Solicitando fundamentales para QBER con reportType='REPORTS_FIN_STATEMENT'
2025-05-01 21:47:20 CEST - quant_edge - INFO - Solicitando fundamentales para CAAA con reportType='REPORTS_FIN_STATEMENT'
2025-05-01 21:47:20 CEST - quant_edge - INFO - Solicitando fundamentales para OGSP con reportType='REPORTS_FIN_STATEMENT'
2025-05-01 21:47:20 CEST - quant_edge - INFO - Solicitando fundamentales para PBMY con reportType='REPORTS_FIN_STATEMENT'
2025-05-01 21:47:20 CEST - quant_edge - INFO - Solicitando fundamentales para KRON con reportType='REPORTS_FIN_STATEMENT'
2025-05-01 21:47:20 CEST - quant_edge - INFO - Solicitando fundamentales para AUGZ con reportType='REPORTS_FIN_STATEMENT'
2025-05-01 21:47:20 CEST - quant_edge - INFO - Solicitando fundamentales para PRXV con reportType='REPORTS_FIN_STATEMENT'
2025-05-01 21:47:20 CEST - quant_edge - INFO - Solicitando fundamentales para VCIC con reportType='REPORTS_FIN_STATEMENT'
2025-05-01 21:47:20 CEST - quant_edge - INFO - Solicitando fundamentales para SEPP con reportType='REPORTS_FIN_STATEMENT'
2025-05-01 21:47:20 CEST - quant_edge - INFO - Solicitando fundamentales para QCML con reportType='REPORTS_FIN_STATEMENT'
2025-05-01 21:47:20 CEST - quant_edge - INFO - Solicitando fundamentales para BACQU con reportType='REPORTS_FIN_STATEMENT'
2025-05-01 21:47:20 CEST - quant_edge - INFO - Solicitando fundamentales para UMAY con reportType='REPORTS_FIN_STATEMENT'
2025-05-01 21:47:20 CEST - quant_edge - INFO - Solicitando fundamentales para FLJJ con reportType='REPORTS_FIN_STATEMENT'
2025-05-01 21:47:20 CEST - quant_edge - INFO - Solicitando fundamentales para SEPT con reportType='REPORTS_FIN_STATEMENT'
2025-05-01 21:47:20 CEST - quant_edge - INFO - Solicitando fundamentales para BNGE con reportType='REPORTS_FIN_STATEMENT'
2025-05-01 21:47:20 CEST - quant_edge - INFO - Solicitando fundamentales para DRCT con reportType='REPORTS_FIN_STATEMENT'
2025-05-01 21:47:20 CEST - quant_edge - INFO - Solicitando fundamentales para AUGW con reportType='REPORTS_FIN_STATEMENT'
2025-05-01 21:47:20 CEST - quant_edge - INFO - Solicitando fundamentales para FLAO con reportType='REPORTS_FIN_STATEMENT'
2025-05-01 21:47:20 CEST - quant_edge - INFO - Solicitando fundamentales para LEGT con reportType='REPORTS_FIN_STATEMENT'
2025-05-01 21:47:20 CEST - quant_edge - INFO - Solicitando fundamentales para XTJL con reportType='REPORTS_FIN_STATEMENT'
2025-05-01 21:47:20 CEST - quant_edge - INFO - Solicitando fundamentales para EQLT con reportType='REPORTS_FIN_STATEMENT'
2025-05-01 21:47:20 CEST - quant_edge - INFO - Solicitando fundamentales para ATNF con reportType='REPORTS_FIN_STATEMENT'
2025-05-01 21:47:20 CEST - quant_edge - INFO - Solicitando fundamentales para HCTI con reportType='REPORTS_FIN_STATEMENT'
2025-05-01 21:47:20 CEST - quant_edge - INFO - Solicitando fundamentales para HOOK con reportType='REPORTS_FIN_STATEMENT'
2025-05-01 21:47:20 CEST - quant_edge - INFO - Solicitando fundamentales para GPAT con reportType='REPORTS_FIN_STATEMENT'
2025-05-01 21:47:20 CEST - quant_edge - INFO - Solicitando fundamentales para PRSO con reportType='REPORTS_FIN_STATEMENT'
2025-05-01 21:47:20 CEST - quant_edge - INFO - Solicitando fundamentales para PXI con reportType='REPORTS_FIN_STATEMENT'
2025-05-01 21:47:20 CEST - quant_edge - INFO - Solicitando fundamentales para BMAY con reportType='REPORTS_FIN_STATEMENT'
2025-05-01 21:47:20 CEST - quant_edge - INFO - Solicitando fundamentales para CDTG con reportType='REPORTS_FIN_STATEMENT'
2025-05-01 21:47:20 CEST - quant_edge - INFO - Solicitando fundamentales para MAYT con reportType='REPORTS_FIN_STATEMENT'
2025-05-01 21:47:20 CEST - quant_edge - INFO - Solicitando fundamentales para MVPL con reportType='REPORTS_FIN_STATEMENT'
2025-05-01 21:47:20 CEST - quant_edge - INFO - Solicitando fundamentales para YJ con reportType='REPORTS_FIN_STATEMENT'
2025-05-01 21:47:20 CEST - quant_edge - INFO - Solicitando fundamentales para FLHY con reportType='REPORTS_FIN_STATEMENT'
2025-05-01 21:47:20 CEST - quant_edge - INFO - Solicitando fundamentales para MEDX con reportType='REPORTS_FIN_STATEMENT'
2025-05-01 21:47:20 CEST - quant_edge - INFO - Solicitando fundamentales para DHAI con reportType='REPORTS_FIN_STATEMENT'
2025-05-01 21:47:20 CEST - quant_edge - INFO - Solicitando fundamentales para RNAZ con reportType='REPORTS_FIN_STATEMENT'
2025-05-01 21:47:20 CEST - quant_edge - INFO - Solicitando fundamentales para QCLR con reportType='REPORTS_FIN_STATEMENT'
2025-05-01 21:47:20 CEST - quant_edge - INFO - Solicitando fundamentales para PRXG con reportType='REPORTS_FIN_STATEMENT'
2025-05-01 21:47:20 CEST - quant_edge - INFO - Solicitando fundamentales para ELIL con reportType='REPORTS_FIN_STATEMENT'
2025-05-01 21:47:20 CEST - quant_edge - INFO - Solicitando fundamentales para MFSI con reportType='REPORTS_FIN_STATEMENT'
2025-05-01 21:47:20 CEST - quant_edge - INFO - Solicitando fundamentales para MAYP con reportType='REPORTS_FIN_STATEMENT'
2025-05-01 21:47:20 CEST - quant_edge - INFO - Solicitando fundamentales para NVNI con reportType='REPORTS_FIN_STATEMENT'
2025-05-01 21:47:20 CEST - quant_edge - INFO - Solicitando fundamentales para OND con reportType='REPORTS_FIN_STATEMENT'
2025-05-01 21:47:20 CEST - quant_edge - INFO - Solicitando fundamentales para MAYW con reportType='REPORTS_FIN_STATEMENT'
2025-05-01 21:47:20 CEST - quant_edge - INFO - Solicitando fundamentales para XTOC con reportType='REPORTS_FIN_STATEMENT'
2025-05-01 21:47:20 CEST - quant_edge - INFO - Solicitando fundamentales para ZCAR con reportType='REPORTS_FIN_STATEMENT'
2025-05-01 21:47:20 CEST - quant_edge - INFO - Solicitando fundamentales para WEEK con reportType='REPORTS_FIN_STATEMENT'
2025-05-01 21:47:20 CEST - quant_edge - INFO - Solicitando fundamentales para KIDZ con reportType='REPORTS_FIN_STATEMENT'
2025-05-01 21:47:20 CEST - quant_edge - INFO - Solicitando fundamentales para PAPL con reportType='REPORTS_FIN_STATEMENT'
2025-05-01 21:47:20 CEST - quant_edge - INFO - Solicitando fundamentales para DEEF con reportType='REPORTS_FIN_STATEMENT'
2025-05-01 21:47:20 CEST - quant_edge - INFO - Solicitando fundamentales para QBER con reportType='REPORTS_FIN_STATEMENT'
2025-05-01 21:47:20 CEST - quant_edge - INFO - Solicitando fundamentales para CAAA con reportType='REPORTS_FIN_STATEMENT'
2025-05-01 21:47:20 CEST - quant_edge - INFO - Solicitando fundamentales para OGSP con reportType='REPORTS_FIN_STATEMENT'
2025-05-01 21:47:20 CEST - quant_edge - INFO - Solicitando fundamentales para PBMY con reportType='REPORTS_FIN_STATEMENT'
2025-05-01 21:47:20 CEST - quant_edge - INFO - Solicitando fundamentales para KRON con reportType='REPORTS_FIN_STATEMENT'
2025-05-01 21:47:20 CEST - quant_edge - INFO - Solicitando fundamentales para AUGZ con reportType='REPORTS_FIN_STATEMENT'
2025-05-01 21:47:20 CEST - quant_edge - INFO - Solicitando fundamentales para PRXV con reportType='REPORTS_FIN_STATEMENT'
2025-05-01 21:47:20 CEST - quant_edge - INFO - Solicitando fundamentales para VCIC con reportType='REPORTS_FIN_STATEMENT'
2025-05-01 21:47:20 CEST - quant_edge - INFO - Solicitando fundamentales para SEPP con reportType='REPORTS_FIN_STATEMENT'
2025-05-01 21:47:20 CEST - quant_edge - INFO - Solicitando fundamentales para QCML con reportType='REPORTS_FIN_STATEMENT'
2025-05-01 21:47:20 CEST - quant_edge - INFO - Solicitando fundamentales para BACQU con reportType='REPORTS_FIN_STATEMENT'
2025-05-01 21:47:20 CEST - quant_edge - INFO - Solicitando fundamentales para UMAY con reportType='REPORTS_FIN_STATEMENT'
2025-05-01 21:47:20 CEST - quant_edge - INFO - Solicitando fundamentales para FLJJ con reportType='REPORTS_FIN_STATEMENT'
2025-05-01 21:47:20 CEST - quant_edge - INFO - Solicitando fundamentales para SEPT con reportType='REPORTS_FIN_STATEMENT'
2025-05-01 21:47:20 CEST - quant_edge - INFO - Solicitando fundamentales para BNGE con reportType='REPORTS_FIN_STATEMENT'
2025-05-01 21:47:20 CEST - quant_edge - INFO - Solicitando fundamentales para DRCT con reportType='REPORTS_FIN_STATEMENT'
2025-05-01 21:47:20 CEST - quant_edge - INFO - Solicitando fundamentales para AUGW con reportType='REPORTS_FIN_STATEMENT'
2025-05-01 21:47:20 CEST - quant_edge - INFO - Solicitando fundamentales para FLAO con reportType='REPORTS_FIN_STATEMENT'
2025-05-01 21:47:20 CEST - quant_edge - INFO - Solicitando fundamentales para LEGT con reportType='REPORTS_FIN_STATEMENT'
2025-05-01 21:47:20 CEST - quant_edge - INFO - Solicitando fundamentales para XTJL con reportType='REPORTS_FIN_STATEMENT'
2025-05-01 21:47:20 CEST - quant_edge - INFO - Solicitando fundamentales para EQLT con reportType='REPORTS_FIN_STATEMENT'
2025-05-01 21:47:20 CEST - quant_edge - INFO - Solicitando fundamentales para ATNF con reportType='REPORTS_FIN_STATEMENT'
2025-05-01 21:47:20 CEST - quant_edge - INFO - Solicitando fundamentales para HCTI con reportType='REPORTS_FIN_STATEMENT'
2025-05-01 21:47:20 CEST - quant_edge - INFO - Solicitando fundamentales para HOOK con reportType='REPORTS_FIN_STATEMENT'
2025-05-01 21:47:20 CEST - quant_edge - INFO - Solicitando fundamentales para GPAT con reportType='REPORTS_FIN_STATEMENT'
2025-05-01 21:47:20 CEST - quant_edge - INFO - Solicitando fundamentales para PRSO con reportType='REPORTS_FIN_STATEMENT'
2025-05-01 21:47:20 CEST - quant_edge - INFO - Solicitando fundamentales para PXI con reportType='REPORTS_FIN_STATEMENT'
2025-05-01 21:47:20 CEST - quant_edge - INFO - Solicitando fundamentales para BMAY con reportType='REPORTS_FIN_STATEMENT'
2025-05-01 21:47:20 CEST - quant_edge - INFO - Solicitando fundamentales para CDTG con reportType='REPORTS_FIN_STATEMENT'
2025-05-01 21:47:20 CEST - quant_edge - INFO - Solicitando fundamentales para MAYT con reportType='REPORTS_FIN_STATEMENT'
2025-05-01 21:47:20 CEST - quant_edge - INFO - Solicitando fundamentales para MVPL con reportType='REPORTS_FIN_STATEMENT'
2025-05-01 21:47:20 CEST - quant_edge - INFO - Solicitando fundamentales para YJ con reportType='REPORTS_FIN_STATEMENT'
2025-05-01 21:47:20 CEST - quant_edge - INFO - Solicitando fundamentales para FLHY con reportType='REPORTS_FIN_STATEMENT'
2025-05-01 21:47:20 CEST - quant_edge - INFO - Solicitando fundamentales para MEDX con reportType='REPORTS_FIN_STATEMENT'
2025-05-01 21:47:20 CEST - quant_edge - INFO - Solicitando fundamentales para DHAI con reportType='REPORTS_FIN_STATEMENT'
2025-05-01 21:47:20 CEST - quant_edge - INFO - Solicitando fundamentales para RNAZ con reportType='REPORTS_FIN_STATEMENT'
2025-05-01 21:47:20 CEST - quant_edge - INFO - Solicitando fundamentales para QCLR con reportType='REPORTS_FIN_STATEMENT'
2025-05-01 21:47:20 CEST - quant_edge - INFO - Solicitando fundamentales para PRXG con reportType='REPORTS_FIN_STATEMENT'
2025-05-01 21:47:20 CEST - quant_edge - INFO - Solicitando fundamentales para ELIL con reportType='REPORTS_FIN_STATEMENT'
2025-05-01 21:47:20 CEST - quant_edge - INFO - Solicitando fundamentales para MFSI con reportType='REPORTS_FIN_STATEMENT'
2025-05-01 21:47:20 CEST - quant_edge - INFO - Solicitando fundamentales para MAYP con reportType='REPORTS_FIN_STATEMENT'
2025-05-01 21:47:20 CEST - quant_edge - INFO - Solicitando fundamentales para NVNI con reportType='REPORTS_FIN_STATEMENT'
2025-05-01 21:47:20 CEST - quant_edge - INFO - Solicitando fundamentales para OND con reportType='REPORTS_FIN_STATEMENT'
2025-05-01 21:47:20 CEST - quant_edge - INFO - Solicitando fundamentales para MAYW con reportType='REPORTS_FIN_STATEMENT'
2025-05-01 21:47:20 CEST - quant_edge - INFO - Solicitando fundamentales para XTOC con reportType='REPORTS_FIN_STATEMENT'
2025-05-01 21:47:20 CEST - quant_edge - INFO - Solicitando fundamentales para ZCAR con reportType='REPORTS_FIN_STATEMENT'
2025-05-01 21:47:20 CEST - quant_edge - INFO - Solicitando fundamentales para WEEK con reportType='REPORTS_FIN_STATEMENT'
2025-05-01 21:47:20 CEST - quant_edge - INFO - Solicitando fundamentales para KIDZ con reportType='REPORTS_FIN_STATEMENT'
2025-05-01 21:47:20 CEST - quant_edge - INFO - Solicitando fundamentales para PAPL con reportType='REPORTS_FIN_STATEMENT'
2025-05-01 21:47:20 CEST - quant_edge - INFO - Solicitando fundamentales para DEEF con reportType='REPORTS_FIN_STATEMENT'
2025-05-01 21:47:20 CEST - quant_edge - INFO - Solicitando fundamentales para QBER con reportType='REPORTS_FIN_STATEMENT'
2025-05-01 21:47:20 CEST - quant_edge - INFO - Solicitando fundamentales para CAAA con reportType='REPORTS_FIN_STATEMENT'
2025-05-01 21:47:20 CEST - quant_edge - INFO - Solicitando fundamentales para OGSP con reportType='REPORTS_FIN_STATEMENT'
2025-05-01 21:47:20 CEST - quant_edge - INFO - Solicitando fundamentales para PBMY con reportType='REPORTS_FIN_STATEMENT'
2025-05-01 21:47:20 CEST - quant_edge - INFO - Solicitando fundamentales para KRON con reportType='REPORTS_FIN_STATEMENT'
2025-05-01 21:47:20 CEST - quant_edge - INFO - Solicitando fundamentales para AUGZ con reportType='REPORTS_FIN_STATEMENT'
2025-05-01 21:47:20 CEST - quant_edge - INFO - Solicitando fundamentales para PRXV con reportType='REPORTS_FIN_STATEMENT'
2025-05-01 21:47:20 CEST - quant_edge - INFO - Solicitando fundamentales para VCIC con reportType='REPORTS_FIN_STATEMENT'
2025-05-01 21:47:20 CEST - quant_edge - INFO - Solicitando fundamentales para SEPP con reportType='REPORTS_FIN_STATEMENT'
2025-05-01 21:47:20 CEST - quant_edge - INFO - Solicitando fundamentales para QCML con reportType='REPORTS_FIN_STATEMENT'
2025-05-01 21:47:20 CEST - quant_edge - INFO - Solicitando fundamentales para BACQU con reportType='REPORTS_FIN_STATEMENT'
2025-05-01 21:47:20 CEST - quant_edge - INFO - Solicitando fundamentales para UMAY con reportType='REPORTS_FIN_STATEMENT'
2025-05-01 21:47:20 CEST - quant_edge - INFO - Solicitando fundamentales para FLJJ con reportType='REPORTS_FIN_STATEMENT'
2025-05-01 21:47:20 CEST - quant_edge - INFO - Solicitando fundamentales para SEPT con reportType='REPORTS_FIN_STATEMENT'
2025-05-01 21:47:20 CEST - quant_edge - INFO - Solicitando fundamentales para BNGE con reportType='REPORTS_FIN_STATEMENT'
2025-05-01 21:47:20 CEST - quant_edge - INFO - Solicitando fundamentales para DRCT con reportType='REPORTS_FIN_STATEMENT'
2025-05-01 21:47:20 CEST - quant_edge - INFO - Solicitando fundamentales para AUGW con reportType='REPORTS_FIN_STATEMENT'
2025-05-01 21:47:20 CEST - quant_edge - INFO - Solicitando fundamentales para FLAO con reportType='REPORTS_FIN_STATEMENT'
2025-05-01 21:47:20 CEST - quant_edge - INFO - Solicitando fundamentales para LEGT con reportType='REPORTS_FIN_STATEMENT'
2025-05-01 21:47:20 CEST - quant_edge - INFO - Solicitando fundamentales para XTJL con reportType='REPORTS_FIN_STATEMENT'
2025-05-01 21:47:20 CEST - quant_edge - INFO - Solicitando fundamentales para EQLT con reportType='REPORTS_FIN_STATEMENT'
2025-05-01 21:47:20 CEST - quant_edge - INFO - Solicitando fundamentales para ATNF con reportType='REPORTS_FIN_STATEMENT'
2025-05-01 21:47:20 CEST - quant_edge - INFO - Solicitando fundamentales para HCTI con reportType='REPORTS_FIN_STATEMENT'
2025-05-01 21:47:20 CEST - quant_edge - INFO - Solicitando fundamentales para HOOK con reportType='REPORTS_FIN_STATEMENT'
2025-05-01 21:47:20 CEST - quant_edge - INFO - Solicitando fundamentales para GPAT con reportType='REPORTS_FIN_STATEMENT'
2025-05-01 21:47:20 CEST - quant_edge - INFO - Solicitando fundamentales para PRSO con reportType='REPORTS_FIN_STATEMENT'
2025-05-01 21:47:20 CEST - quant_edge - INFO - Solicitando fundamentales para PXI con reportType='REPORTS_FIN_STATEMENT'
2025-05-01 21:47:20 CEST - quant_edge - INFO - Solicitando fundamentales para BMAY con reportType='REPORTS_FIN_STATEMENT'
2025-05-01 21:47:20 CEST - quant_edge - INFO - Solicitando fundamentales para CDTG con reportType='REPORTS_FIN_STATEMENT'
2025-05-01 21:47:20 CEST - quant_edge - INFO - Solicitando fundamentales para MAYT con reportType='REPORTS_FIN_STATEMENT'
2025-05-01 21:47:20 CEST - quant_edge - INFO - Solicitando fundamentales para MVPL con reportType='REPORTS_FIN_STATEMENT'
2025-05-01 21:47:20 CEST - quant_edge - INFO - Solicitando fundamentales para YJ con reportType='REPORTS_FIN_STATEMENT'
2025-05-01 21:47:20 CEST - quant_edge - INFO - Solicitando fundamentales para FLHY con reportType='REPORTS_FIN_STATEMENT'
2025-05-01 21:47:20 CEST - quant_edge - INFO - Solicitando fundamentales para MEDX con reportType='REPORTS_FIN_STATEMENT'
2025-05-01 21:47:20 CEST - quant_edge - INFO - Solicitando fundamentales para DHAI con reportType='REPORTS_FIN_STATEMENT'
2025-05-01 21:47:20 CEST - quant_edge - INFO - Solicitando fundamentales para RNAZ con reportType='REPORTS_FIN_STATEMENT'
2025-05-01 21:47:20 CEST - quant_edge - INFO - Solicitando fundamentales para QCLR con reportType='REPORTS_FIN_STATEMENT'
2025-05-01 21:47:20 CEST - quant_edge - INFO - Solicitando fundamentales para PRXG con reportType='REPORTS_FIN_STATEMENT'
2025-05-01 21:47:20 CEST - quant_edge - INFO - Solicitando fundamentales para ELIL con reportType='REPORTS_FIN_STATEMENT'
2025-05-01 21:47:20 CEST - quant_edge - INFO - Solicitando fundamentales para MFSI con reportType='REPORTS_FIN_STATEMENT'
2025-05-01 21:47:20 CEST - quant_edge - INFO - Solicitando fundamentales para MAYP con reportType='REPORTS_FIN_STATEMENT'
2025-05-01 21:47:20 CEST - quant_edge - INFO - Solicitando fundamentales para NVNI con reportType='REPORTS_FIN_STATEMENT'
2025-05-01 21:47:20 CEST - quant_edge - INFO - Solicitando fundamentales para OND con reportType='REPORTS_FIN_STATEMENT'
2025-05-01 21:47:20 CEST - quant_edge - INFO - Solicitando fundamentales para MAYW con reportType='REPORTS_FIN_STATEMENT'
2025-05-01 21:47:20 CEST - quant_edge - INFO - Solicitando fundamentales para XTOC con reportType='REPORTS_FIN_STATEMENT'
2025-05-01 21:47:20 CEST - quant_edge - INFO - Solicitando fundamentales para ZCAR con reportType='REPORTS_FIN_STATEMENT'
2025-05-01 21:47:20 CEST - quant_edge - INFO - Solicitando fundamentales para WEEK con reportType='REPORTS_FIN_STATEMENT'
2025-05-01 21:47:20 CEST - quant_edge - INFO - Solicitando fundamentales para KIDZ con reportType='REPORTS_FIN_STATEMENT'
2025-05-01 21:47:20 CEST - quant_edge - INFO - Solicitando fundamentales para PAPL con reportType='REPORTS_FIN_STATEMENT'
2025-05-01 21:47:20 CEST - quant_edge - INFO - Solicitando fundamentales para DEEF con reportType='REPORTS_FIN_STATEMENT'
2025-05-01 21:47:20 CEST - quant_edge - INFO - Solicitando fundamentales para QBER con reportType='REPORTS_FIN_STATEMENT'
2025-05-01 21:47:20 CEST - quant_edge - INFO - Solicitando fundamentales para CAAA con reportType='REPORTS_FIN_STATEMENT'
2025-05-01 21:47:20 CEST - quant_edge - INFO - Solicitando fundamentales para OGSP con reportType='REPORTS_FIN_STATEMENT'
2025-05-01 21:47:20 CEST - quant_edge - INFO - Solicitando fundamentales para PBMY con reportType='REPORTS_FIN_STATEMENT'
2025-05-01 21:47:20 CEST - quant_edge - INFO - Solicitando fundamentales para KRON con reportType='REPORTS_FIN_STATEMENT'
2025-05-01 21:47:20 CEST - quant_edge - INFO - Solicitando fundamentales para AUGZ con reportType='REPORTS_FIN_STATEMENT'
2025-05-01 21:47:20 CEST - quant_edge - INFO - Solicitando fundamentales para PRXV con reportType='REPORTS_FIN_STATEMENT'
2025-05-01 21:47:20 CEST - quant_edge - INFO - Solicitando fundamentales para VCIC con reportType='REPORTS_FIN_STATEMENT'
2025-05-01 21:47:20 CEST - quant_edge - INFO - Solicitando fundamentales para SEPP con reportType='REPORTS_FIN_STATEMENT'
2025-05-01 21:47:20 CEST - quant_edge - INFO - Solicitando fundamentales para QCML con reportType='REPORTS_FIN_STATEMENT'
2025-05-01 21:47:20 CEST - quant_edge - INFO - Solicitando fundamentales para BACQU con reportType='REPORTS_FIN_STATEMENT'
2025-05-01 21:47:20 CEST - quant_edge - INFO - Solicitando fundamentales para UMAY con reportType='REPORTS_FIN_STATEMENT'
2025-05-01 21:47:20 CEST - quant_edge - INFO - Solicitando fundamentales para FLJJ con reportType='REPORTS_FIN_STATEMENT'
2025-05-01 21:47:20 CEST - quant_edge - INFO - Solicitando fundamentales para SEPT con reportType='REPORTS_FIN_STATEMENT'
2025-05-01 21:47:20 CEST - quant_edge - INFO - Solicitando fundamentales para BNGE con reportType='REPORTS_FIN_STATEMENT'
2025-05-01 21:47:20 CEST - quant_edge - INFO - Solicitando fundamentales para DRCT con reportType='REPORTS_FIN_STATEMENT'
2025-05-01 21:47:20 CEST - quant_edge - INFO - Solicitando fundamentales para AUGW con reportType='REPORTS_FIN_STATEMENT'
2025-05-01 21:47:20 CEST - quant_edge - INFO - Solicitando fundamentales para FLAO con reportType='REPORTS_FIN_STATEMENT'
2025-05-01 21:47:20 CEST - quant_edge - INFO - Solicitando fundamentales para LEGT con reportType='REPORTS_FIN_STATEMENT'
2025-05-01 21:47:20 CEST - quant_edge - INFO - Solicitando fundamentales para XTJL con reportType='REPORTS_FIN_STATEMENT'
2025-05-01 21:47:20 CEST - quant_edge - INFO - Solicitando fundamentales para EQLT con reportType='REPORTS_FIN_STATEMENT'
2025-05-01 21:47:20 CEST - quant_edge - INFO - Solicitando fundamentales para ATNF con reportType='REPORTS_FIN_STATEMENT'
2025-05-01 21:47:20 CEST - quant_edge - INFO - Solicitando fundamentales para HCTI con reportType='REPORTS_FIN_STATEMENT'
2025-05-01 21:47:20 CEST - quant_edge - INFO - Solicitando fundamentales para HOOK con reportType='REPORTS_FIN_STATEMENT'
2025-05-01 21:47:20 CEST - quant_edge - INFO - Solicitando fundamentales para GPAT con reportType='REPORTS_FIN_STATEMENT'
2025-05-01 21:47:20 CEST - quant_edge - INFO - Solicitando fundamentales para PRSO con reportType='REPORTS_FIN_STATEMENT'
2025-05-01 21:47:20 CEST - quant_edge - INFO - Solicitando fundamentales para PXI con reportType='REPORTS_FIN_STATEMENT'
2025-05-01 21:47:20 CEST - quant_edge - INFO - Solicitando fundamentales para BMAY con reportType='REPORTS_FIN_STATEMENT'
2025-05-01 21:47:20 CEST - quant_edge - INFO - Solicitando fundamentales para CDTG con reportType='REPORTS_FIN_STATEMENT'
2025-05-01 21:47:20 CEST - quant_edge - INFO - Solicitando fundamentales para MAYT con reportType='REPORTS_FIN_STATEMENT'
2025-05-01 21:47:20 CEST - quant_edge - INFO - Solicitando fundamentales para MVPL con reportType='REPORTS_FIN_STATEMENT'
2025-05-01 21:47:20 CEST - quant_edge - INFO - Solicitando fundamentales para YJ con reportType='REPORTS_FIN_STATEMENT'
2025-05-01 21:47:20 CEST - quant_edge - INFO - Solicitando fundamentales para FLHY con reportType='REPORTS_FIN_STATEMENT'
2025-05-01 21:47:20 CEST - quant_edge - INFO - Solicitando fundamentales para MEDX con reportType='REPORTS_FIN_STATEMENT'
2025-05-01 21:47:20 CEST - quant_edge - INFO - Solicitando fundamentales para DHAI con reportType='REPORTS_FIN_STATEMENT'
2025-05-01 21:47:20 CEST - quant_edge - INFO - Solicitando fundamentales para RNAZ con reportType='REPORTS_FIN_STATEMENT'
2025-05-01 21:47:20 CEST - quant_edge - INFO - Solicitando fundamentales para QCLR con reportType='REPORTS_FIN_STATEMENT'
2025-05-01 21:47:20 CEST - quant_edge - INFO - Solicitando fundamentales para PRXG con reportType='REPORTS_FIN_STATEMENT'
2025-05-01 21:47:20 CEST - quant_edge - INFO - Solicitando fundamentales para ELIL con reportType='REPORTS_FIN_STATEMENT'
2025-05-01 21:47:20 CEST - quant_edge - INFO - Solicitando fundamentales para MFSI con reportType='REPORTS_FIN_STATEMENT'
2025-05-01 21:47:20 CEST - quant_edge - INFO - Solicitando fundamentales para MAYP con reportType='REPORTS_FIN_STATEMENT'
2025-05-01 21:47:20 CEST - quant_edge - INFO - Solicitando fundamentales para NVNI con reportType='REPORTS_FIN_STATEMENT'
2025-05-01 21:47:20 CEST - quant_edge - INFO - Solicitando fundamentales para OND con reportType='REPORTS_FIN_STATEMENT'
2025-05-01 21:47:20 CEST - quant_edge - INFO - Solicitando fundamentales para MAYW con reportType='REPORTS_FIN_STATEMENT'
2025-05-01 21:47:20 CEST - quant_edge - INFO - Solicitando fundamentales para XTOC con reportType='REPORTS_FIN_STATEMENT'
2025-05-01 21:47:20 CEST - quant_edge - INFO - Solicitando fundamentales para ZCAR con reportType='REPORTS_FIN_STATEMENT'
2025-05-01 21:47:20 CEST - quant_edge - INFO - Solicitando fundamentales para WEEK con reportType='REPORTS_FIN_STATEMENT'
2025-05-01 21:47:20 CEST - quant_edge - INFO - Solicitando fundamentales para KIDZ con reportType='REPORTS_FIN_STATEMENT'
2025-05-01 21:47:20 CEST - quant_edge - INFO - Solicitando fundamentales para PAPL con reportType='REPORTS_FIN_STATEMENT'
2025-05-01 21:47:20 CEST - quant_edge - INFO - Solicitando fundamentales para DEEF con reportType='REPORTS_FIN_STATEMENT'
2025-05-01 21:47:20 CEST - quant_edge - INFO - Solicitando fundamentales para QBER con reportType='REPORTS_FIN_STATEMENT'
2025-05-01 21:47:20 CEST - quant_edge - INFO - Solicitando fundamentales para CAAA con reportType='REPORTS_FIN_STATEMENT'
2025-05-01 21:47:20 CEST - quant_edge - INFO - Solicitando fundamentales para OGSP con reportType='REPORTS_FIN_STATEMENT'
2025-05-01 21:47:20 CEST - quant_edge - INFO - Solicitando fundamentales para PBMY con reportType='REPORTS_FIN_STATEMENT'
2025-05-01 21:47:20 CEST - quant_edge - INFO - Solicitando fundamentales para KRON con reportType='REPORTS_FIN_STATEMENT'
2025-05-01 21:47:20 CEST - quant_edge - INFO - Solicitando fundamentales para AUGZ con reportType='REPORTS_FIN_STATEMENT'
2025-05-01 21:47:20 CEST - quant_edge - INFO - Solicitando fundamentales para PRXV con reportType='REPORTS_FIN_STATEMENT'
2025-05-01 21:47:20 CEST - quant_edge - INFO - Solicitando fundamentales para VCIC con reportType='REPORTS_FIN_STATEMENT'
2025-05-01 21:47:20 CEST - quant_edge - INFO - Solicitando fundamentales para SEPP con reportType='REPORTS_FIN_STATEMENT'
2025-05-01 21:47:20 CEST - quant_edge - INFO - Solicitando fundamentales para QCML con reportType='REPORTS_FIN_STATEMENT'
2025-05-01 21:47:20 CEST - quant_edge - INFO - Solicitando fundamentales para BACQU con reportType='REPORTS_FIN_STATEMENT'
2025-05-01 21:47:20 CEST - quant_edge - INFO - Solicitando fundamentales para UMAY con reportType='REPORTS_FIN_STATEMENT'
2025-05-01 21:47:20 CEST - quant_edge - INFO - Solicitando fundamentales para FLJJ con reportType='REPORTS_FIN_STATEMENT'
2025-05-01 21:47:20 CEST - quant_edge - INFO - Solicitando fundamentales para SEPT con reportType='REPORTS_FIN_STATEMENT'
2025-05-01 21:47:20 CEST - quant_edge - INFO - Solicitando fundamentales para BNGE con reportType='REPORTS_FIN_STATEMENT'
2025-05-01 21:47:20 CEST - quant_edge - INFO - Solicitando fundamentales para DRCT con reportType='REPORTS_FIN_STATEMENT'
2025-05-01 21:47:20 CEST - quant_edge - INFO - Solicitando fundamentales para AUGW con reportType='REPORTS_FIN_STATEMENT'
2025-05-01 21:47:20 CEST - quant_edge - INFO - Solicitando fundamentales para FLAO con reportType='REPORTS_FIN_STATEMENT'
2025-05-01 21:47:20 CEST - quant_edge - INFO - Solicitando fundamentales para LEGT con reportType='REPORTS_FIN_STATEMENT'
2025-05-01 21:47:20 CEST - quant_edge - INFO - Solicitando fundamentales para XTJL con reportType='REPORTS_FIN_STATEMENT'
2025-05-01 21:47:20 CEST - quant_edge - INFO - Solicitando fundamentales para EQLT con reportType='REPORTS_FIN_STATEMENT'
2025-05-01 21:47:20 CEST - quant_edge - INFO - Solicitando fundamentales para ATNF con reportType='REPORTS_FIN_STATEMENT'
2025-05-01 21:47:20 CEST - quant_edge - INFO - Solicitando fundamentales para HCTI con reportType='REPORTS_FIN_STATEMENT'
2025-05-01 21:47:20 CEST - quant_edge - INFO - Solicitando fundamentales para HOOK con reportType='REPORTS_FIN_STATEMENT'
2025-05-01 21:47:20 CEST - quant_edge - INFO - Solicitando fundamentales para GPAT con reportType='REPORTS_FIN_STATEMENT'
2025-05-01 21:47:20 CEST - quant_edge - INFO - Solicitando fundamentales para PRSO con reportType='REPORTS_FIN_STATEMENT'
2025-05-01 21:47:20 CEST - quant_edge - INFO - Solicitando fundamentales para PXI con reportType='REPORTS_FIN_STATEMENT'
2025-05-01 21:47:20 CEST - quant_edge - INFO - Solicitando fundamentales para BMAY con reportType='REPORTS_FIN_STATEMENT'
2025-05-01 21:47:20 CEST - quant_edge - INFO - Solicitando fundamentales para CDTG con reportType='REPORTS_FIN_STATEMENT'
2025-05-01 21:47:20 CEST - quant_edge - INFO - Solicitando fundamentales para MAYT con reportType='REPORTS_FIN_STATEMENT'
2025-05-01 21:47:20 CEST - quant_edge - INFO - Solicitando fundamentales para MVPL con reportType='REPORTS_FIN_STATEMENT'
2025-05-01 21:47:20 CEST - quant_edge - INFO - Solicitando fundamentales para YJ con reportType='REPORTS_FIN_STATEMENT'
2025-05-01 21:47:20 CEST - quant_edge - INFO - Solicitando fundamentales para FLHY con reportType='REPORTS_FIN_STATEMENT'
2025-05-01 21:47:20 CEST - quant_edge - INFO - Solicitando fundamentales para MEDX con reportType='REPORTS_FIN_STATEMENT'
2025-05-01 21:47:20 CEST - quant_edge - INFO - Solicitando fundamentales para DHAI con reportType='REPORTS_FIN_STATEMENT'
2025-05-01 21:47:20 CEST - quant_edge - INFO - Solicitando fundamentales para RNAZ con reportType='REPORTS_FIN_STATEMENT'
2025-05-01 21:47:20 CEST - quant_edge - INFO - Solicitando fundamentales para QCLR con reportType='REPORTS_FIN_STATEMENT'
2025-05-01 21:47:20 CEST - quant_edge - INFO - Solicitando fundamentales para PRXG con reportType='REPORTS_FIN_STATEMENT'
2025-05-01 21:47:20 CEST - quant_edge - INFO - Solicitando fundamentales para ELIL con reportType='REPORTS_FIN_STATEMENT'
2025-05-01 21:47:20 CEST - quant_edge - INFO - Solicitando fundamentales para MFSI con reportType='REPORTS_FIN_STATEMENT'
2025-05-01 21:47:20 CEST - quant_edge - INFO - Solicitando fundamentales para MAYP con reportType='REPORTS_FIN_STATEMENT'
2025-05-01 21:47:20 CEST - quant_edge - INFO - Solicitando fundamentales para NVNI con reportType='REPORTS_FIN_STATEMENT'
2025-05-01 21:47:20 CEST - quant_edge - INFO - Solicitando fundamentales para OND con reportType='REPORTS_FIN_STATEMENT'
2025-05-01 21:47:20 CEST - quant_edge - INFO - Solicitando fundamentales para MAYW con reportType='REPORTS_FIN_STATEMENT'
2025-05-01 21:47:20 CEST - quant_edge - INFO - Solicitando fundamentales para XTOC con reportType='REPORTS_FIN_STATEMENT'
2025-05-01 21:47:20 CEST - quant_edge - INFO - Solicitando fundamentales para ZCAR con reportType='REPORTS_FIN_STATEMENT'
2025-05-01 21:47:20 CEST - quant_edge - INFO - Solicitando fundamentales para WEEK con reportType='REPORTS_FIN_STATEMENT'
2025-05-01 21:47:20 CEST - quant_edge - INFO - Solicitando fundamentales para KIDZ con reportType='REPORTS_FIN_STATEMENT'
2025-05-01 21:47:20 CEST - quant_edge - INFO - Solicitando fundamentales para PAPL con reportType='REPORTS_FIN_STATEMENT'
2025-05-01 21:47:20 CEST - quant_edge - INFO - Solicitando fundamentales para DEEF con reportType='REPORTS_FIN_STATEMENT'
2025-05-01 21:47:20 CEST - quant_edge - INFO - Solicitando fundamentales para QBER con reportType='REPORTS_FIN_STATEMENT'
2025-05-01 21:47:20 CEST - quant_edge - INFO - Solicitando fundamentales para CAAA con reportType='REPORTS_FIN_STATEMENT'
2025-05-01 21:47:20 CEST - quant_edge - INFO - Solicitando fundamentales para OGSP con reportType='REPORTS_FIN_STATEMENT'
2025-05-01 21:47:20 CEST - quant_edge - INFO - Solicitando fundamentales para PBMY con reportType='REPORTS_FIN_STATEMENT'
2025-05-01 21:47:20 CEST - quant_edge - INFO - Solicitando fundamentales para KRON con reportType='REPORTS_FIN_STATEMENT'
2025-05-01 21:47:20 CEST - quant_edge - INFO - Solicitando fundamentales para AUGZ con reportType='REPORTS_FIN_STATEMENT'
2025-05-01 21:47:20 CEST - quant_edge - INFO - Solicitando fundamentales para PRXV con reportType='REPORTS_FIN_STATEMENT'
2025-05-01 21:47:20 CEST - quant_edge - INFO - Solicitando fundamentales para VCIC con reportType='REPORTS_FIN_STATEMENT'
2025-05-01 21:47:20 CEST - quant_edge - INFO - Solicitando fundamentales para SEPP con reportType='REPORTS_FIN_STATEMENT'
2025-05-01 21:47:20 CEST - quant_edge - INFO - Solicitando fundamentales para QCML con reportType='REPORTS_FIN_STATEMENT'
2025-05-01 21:47:20 CEST - quant_edge - INFO - Solicitando fundamentales para BACQU con reportType='REPORTS_FIN_STATEMENT'
2025-05-01 21:47:20 CEST - quant_edge - INFO - Solicitando fundamentales para UMAY con reportType='REPORTS_FIN_STATEMENT'
2025-05-01 21:47:20 CEST - quant_edge - INFO - Solicitando fundamentales para FLJJ con reportType='REPORTS_FIN_STATEMENT'
2025-05-01 21:47:20 CEST - quant_edge - INFO - Solicitando fundamentales para SEPT con reportType='REPORTS_FIN_STATEMENT'
2025-05-01 21:47:20 CEST - quant_edge - INFO - Solicitando fundamentales para BNGE con reportType='REPORTS_FIN_STATEMENT'
2025-05-01 21:47:20 CEST - quant_edge - INFO - Solicitando fundamentales para DRCT con reportType='REPORTS_FIN_STATEMENT'
2025-05-01 21:47:20 CEST - quant_edge - INFO - Solicitando fundamentales para AUGW con reportType='REPORTS_FIN_STATEMENT'
2025-05-01 21:47:20 CEST - quant_edge - INFO - Solicitando fundamentales para FLAO con reportType='REPORTS_FIN_STATEMENT'
2025-05-01 21:47:20 CEST - quant_edge - INFO - Solicitando fundamentales para LEGT con reportType='REPORTS_FIN_STATEMENT'
2025-05-01 21:47:20 CEST - quant_edge - INFO - Solicitando fundamentales para XTJL con reportType='REPORTS_FIN_STATEMENT'
2025-05-01 21:47:20 CEST - quant_edge - INFO - Solicitando fundamentales para EQLT con reportType='REPORTS_FIN_STATEMENT'
2025-05-01 21:47:20 CEST - quant_edge - INFO - Solicitando fundamentales para ATNF con reportType='REPORTS_FIN_STATEMENT'
2025-05-01 21:47:20 CEST - quant_edge - INFO - Solicitando fundamentales para HCTI con reportType='REPORTS_FIN_STATEMENT'
2025-05-01 21:47:20 CEST - quant_edge - INFO - Solicitando fundamentales para HOOK con reportType='REPORTS_FIN_STATEMENT'
2025-05-01 21:47:20 CEST - quant_edge - INFO - Solicitando fundamentales para GPAT con reportType='REPORTS_FIN_STATEMENT'
2025-05-01 21:47:20 CEST - quant_edge - INFO - Solicitando fundamentales para PRSO con reportType='REPORTS_FIN_STATEMENT'
2025-05-01 21:47:20 CEST - quant_edge - INFO - Solicitando fundamentales para PXI con reportType='REPORTS_FIN_STATEMENT'
2025-05-01 21:47:20 CEST - quant_edge - INFO - Solicitando fundamentales para BMAY con reportType='REPORTS_FIN_STATEMENT'
2025-05-01 21:47:20 CEST - quant_edge - INFO - Solicitando fundamentales para CDTG con reportType='REPORTS_FIN_STATEMENT'
2025-05-01 21:47:20 CEST - quant_edge - INFO - Solicitando fundamentales para MAYT con reportType='REPORTS_FIN_STATEMENT'
2025-05-01 21:47:20 CEST - quant_edge - INFO - Solicitando fundamentales para MVPL con reportType='REPORTS_FIN_STATEMENT'
2025-05-01 21:47:20 CEST - quant_edge - INFO - Solicitando fundamentales para YJ con reportType='REPORTS_FIN_STATEMENT'
2025-05-01 21:47:20 CEST - quant_edge - INFO - Solicitando fundamentales para FLHY con reportType='REPORTS_FIN_STATEMENT'
2025-05-01 21:47:20 CEST - quant_edge - INFO - Solicitando fundamentales para MEDX con reportType='REPORTS_FIN_STATEMENT'
2025-05-01 21:47:20 CEST - quant_edge - INFO - Solicitando fundamentales para DHAI con reportType='REPORTS_FIN_STATEMENT'
2025-05-01 21:47:20 CEST - quant_edge - INFO - Solicitando fundamentales para RNAZ con reportType='REPORTS_FIN_STATEMENT'
2025-05-01 21:47:20 CEST - quant_edge - INFO - Solicitando fundamentales para QCLR con reportType='REPORTS_FIN_STATEMENT'
2025-05-01 21:47:20 CEST - quant_edge - INFO - Solicitando fundamentales para PRXG con reportType='REPORTS_FIN_STATEMENT'
2025-05-01 21:47:20 CEST - quant_edge - INFO - Solicitando fundamentales para ELIL con reportType='REPORTS_FIN_STATEMENT'
2025-05-01 21:47:20 CEST - quant_edge - INFO - Solicitando fundamentales para MFSI con reportType='REPORTS_FIN_STATEMENT'
2025-05-01 21:47:20 CEST - quant_edge - INFO - Solicitando fundamentales para MAYP con reportType='REPORTS_FIN_STATEMENT'
2025-05-01 21:47:20 CEST - quant_edge - INFO - Solicitando fundamentales para NVNI con reportType='REPORTS_FIN_STATEMENT'
2025-05-01 21:47:20 CEST - quant_edge - INFO - Solicitando fundamentales para OND con reportType='REPORTS_FIN_STATEMENT'
2025-05-01 21:47:20 CEST - quant_edge - INFO - Solicitando fundamentales para MAYW con reportType='REPORTS_FIN_STATEMENT'
2025-05-01 21:47:20 CEST - quant_edge - INFO - Solicitando fundamentales para XTOC con reportType='REPORTS_FIN_STATEMENT'
2025-05-01 21:47:48 CEST - quant_edge - WARNING - Deteniendo estrategia...
